#
# There is insufficient memory for the Java Runtime Environment to continue.
# Native memory allocation (mmap) failed to map 709885952 bytes. Error detail: G1 virtual space
# Possible reasons:
#   The system is out of physical RAM or swap space
#   This process is running with CompressedOops enabled, and the Java Heap may be blocking the growth of the native heap
# Possible solutions:
#   Reduce memory load on the system
#   Increase physical memory or swap space
#   Check if swap backing store is full
#   Decrease Java heap size (-Xmx/-Xms)
#   Decrease number of Java threads
#   Decrease Java thread stack sizes (-Xss)
#   Set larger code cache with -XX:ReservedCodeCacheSize=
#   JVM is running with Unscaled Compressed Oops mode in which the Java heap is
#     placed in the first 4GB address space. The Java Heap base address is the
#     maximum limit for the native heap growth. Please use -XX:HeapBaseMinAddress
#     to set the Java Heap base and to place the Java Heap above 4GB virtual address.
# This output file may be truncated or incomplete.
#
#  Out of Memory Error (os_windows.cpp:3614), pid=18064, tid=24872
#
# JRE version: OpenJDK Runtime Environment Corretto-17.0.13.11.1 (17.0.13+11) (build 17.0.13+11-LTS)
# Java VM: OpenJDK 64-Bit Server VM Corretto-17.0.13.11.1 (17.0.13+11-LTS, mixed mode, sharing, tiered, compressed oops, compressed class ptrs, g1 gc, windows-amd64)
# No core dump will be written. Minidumps are not enabled by default on client versions of Windows
#

---------------  S U M M A R Y ------------

Command Line: -XX:MaxMetaspaceSize=512m --add-opens=java.base/java.util=ALL-UNNAMED --add-opens=java.base/java.lang=ALL-UNNAMED --add-opens=java.base/java.lang.invoke=ALL-UNNAMED --add-opens=java.prefs/java.util.prefs=ALL-UNNAMED --add-opens=java.base/java.nio.charset=ALL-UNNAMED --add-opens=java.base/java.net=ALL-UNNAMED --add-opens=java.base/java.util.concurrent.atomic=ALL-UNNAMED -Xmx2048m -Dfile.encoding=windows-1252 -Duser.country=US -Duser.language=en -Duser.variant -javaagent:C:\Users\Asus\.gradle\wrapper\dists\gradle-8.3-all\6en3ugtfdg5xnpx44z4qbwgas\gradle-8.3\lib\agents\gradle-instrumentation-agent-8.3.jar org.gradle.launcher.daemon.bootstrap.GradleDaemon 8.3

Host: 12th Gen Intel(R) Core(TM) i7-12700H, 20 cores, 15G,  Windows 11 , 64 bit Build 26100 (10.0.26100.3775)
Time: Tue Apr 15 14:09:38 2025 Malay Peninsula Standard Time elapsed time: 40.991903 seconds (0d 0h 0m 40s)

---------------  T H R E A D  ---------------

Current thread (0x00000133ffc91590):  VMThread "VM Thread" [stack: 0x000000296da00000,0x000000296db00000] [id=24872]

Stack: [0x000000296da00000,0x000000296db00000]
Native frames: (J=compiled Java code, j=interpreted, Vv=VM code, C=native code)
V  [jvm.dll+0x680c19]
V  [jvm.dll+0x83888a]
V  [jvm.dll+0x83a34e]
V  [jvm.dll+0x83a9b3]
V  [jvm.dll+0x2481af]
V  [jvm.dll+0x67d959]
V  [jvm.dll+0x67242a]
V  [jvm.dll+0x30813b]
V  [jvm.dll+0x30f626]
V  [jvm.dll+0x35f94e]
V  [jvm.dll+0x35fb8f]
V  [jvm.dll+0x2df0ec]
V  [jvm.dll+0x2dd4af]
V  [jvm.dll+0x2dcbdc]
V  [jvm.dll+0x32037b]
V  [jvm.dll+0x83eead]
V  [jvm.dll+0x83fbf2]
V  [jvm.dll+0x84011f]
V  [jvm.dll+0x840504]
V  [jvm.dll+0x8405d0]
V  [jvm.dll+0x7e7b2c]
V  [jvm.dll+0x67fae7]
C  [ucrtbase.dll+0x37b0]
C  [KERNEL32.DLL+0x2e8d7]
C  [ntdll.dll+0xb14fc]

VM_Operation (0x000000297f9f7dd0): G1CollectForAllocation, mode: safepoint, requested by thread 0x00000133c3ea71e0


---------------  P R O C E S S  ---------------

Threads class SMR info:
_java_thread_list=0x00000133c40bdb90, length=307, elements={
0x00000133f9474430, 0x00000133ffc95980, 0x00000133ffc96350, 0x0000013398b126e0,
0x0000013398b14fc0, 0x0000013398b178a0, 0x0000013398b18170, 0x0000013398b1e680,
0x0000013398b28fb0, 0x0000013398b340d0, 0x0000013398c36180, 0x0000013398d5f500,
0x00000133b9ce54e0, 0x00000133b9c6e460, 0x00000133b99406e0, 0x00000133b8fc9fe0,
0x00000133b8fca4c0, 0x00000133ba542060, 0x00000133ba542540, 0x00000133b88bdf80,
0x00000133b88bda70, 0x00000133b88bb700, 0x00000133b88bc120, 0x00000133b88bbc10,
0x00000133b88bcb40, 0x00000133b88bd050, 0x00000133baf84030, 0x00000133baf81cc0,
0x00000133baf83100, 0x00000133baf83610, 0x00000133baf83b20, 0x00000133baf84540,
0x00000133baf85470, 0x00000133baf84f60, 0x00000133baf85980, 0x00000133baf87cf0,
0x00000133baf88c20, 0x0000013398cc2930, 0x00000133baf88200, 0x00000133baf89640,
0x00000133baf89130, 0x00000133baf863a0, 0x00000133baf868b0, 0x00000133baf86dc0,
0x00000133baf872d0, 0x00000133b88bace0, 0x00000133b88bd560, 0x00000133bc37ed80,
0x00000133bc37e870, 0x00000133bc37f7a0, 0x00000133bc37cf20, 0x00000133bc3806d0,
0x00000133bc37e360, 0x00000133bc37de50, 0x00000133bc37fcb0, 0x00000133bc3801c0,
0x00000133bc37d940, 0x00000133bc380be0, 0x00000133bc37d430, 0x00000133bc382f50,
0x00000133bc382a40, 0x00000133bc3848a0, 0x00000133bc382530, 0x00000133bc382020,
0x00000133bc383970, 0x00000133bc383e80, 0x00000133bc383460, 0x00000133bc384390,
0x00000133bc3810f0, 0x00000133bc381600, 0x00000133bc381b10, 0x00000133bd430b80,
0x00000133bd430670, 0x00000133bd42f740, 0x00000133bd431090, 0x00000133bd42e300,
0x00000133bd4315a0, 0x00000133bd42fc50, 0x00000133bd430160, 0x00000133bd431ab0,
0x00000133bd431fc0, 0x00000133bd4324d0, 0x00000133bd4329e0, 0x00000133bd42f230,
0x00000133bd433400, 0x00000133bd434330, 0x00000133bd432ef0, 0x00000133bd435260,
0x00000133bd435770, 0x00000133bd434d50, 0x00000133bd435c80, 0x00000133bd433910,
0x00000133bd433e20, 0x00000133bd434840, 0x00000133b99eada0, 0x00000133b99ec6f0,
0x00000133b99ebcd0, 0x00000133b99eb7c0, 0x00000133b99ed110, 0x00000133b99ec1e0,
0x00000133b99eb2b0, 0x00000133b99ecc00, 0x00000133b99ed620, 0x00000133b99edb30,
0x00000133b99ee040, 0x00000133b99ea890, 0x00000133b99efea0, 0x00000133b99ef480,
0x00000133b99ef990, 0x00000133b99f17f0, 0x00000133b99f03b0, 0x00000133b99f1d00,
0x00000133b99f08c0, 0x00000133b99f0dd0, 0x00000133b99eef70, 0x00000133b99f12e0,
0x00000133b99ee550, 0x00000133b99f2210, 0x00000133b99eea60, 0x00000133b99e43d0,
0x00000133b99e2a80, 0x00000133b99e48e0, 0x00000133b99e4df0, 0x00000133b99e2f90,
0x00000133b99e5810, 0x00000133b99e34a0, 0x00000133b99e39b0, 0x00000133b99e2570,
0x00000133b99e3ec0, 0x00000133b99e5300, 0x00000133b99e2060, 0x00000133b99e8090,
0x00000133b99e8ab0, 0x00000133b99e94d0, 0x00000133b99e7b80, 0x00000133b99e85a0,
0x00000133b99e6740, 0x00000133b99e7670, 0x00000133b99e8fc0, 0x00000133b99e5d20,
0x00000133b99e6230, 0x00000133b99e99e0, 0x00000133b99e6c50, 0x00000133b99e7160,
0x00000133bd43e320, 0x00000133bd440690, 0x00000133bd43e830, 0x00000133bd43ed40,
0x00000133bd440ba0, 0x00000133bd4415c0, 0x00000133bd43f760, 0x00000133bd440180,
0x00000133ba338f90, 0x00000133ba3394a0, 0x00000133ba33adf0, 0x00000133ba338060,
0x00000133ba3399b0, 0x00000133ba33bd20, 0x00000133ba33b300, 0x00000133ba33a3d0,
0x00000133ba339ec0, 0x00000133ba33a8e0, 0x00000133ba338570, 0x00000133ba33c230,
0x00000133ba338a80, 0x00000133ba33d160, 0x00000133ba33f4d0, 0x00000133ba33cc50,
0x00000133ba33d670, 0x00000133ba33c740, 0x00000133ba33db80, 0x00000133ba33e5a0,
0x00000133ba33eab0, 0x00000133ba33efc0, 0x00000133ba33f9e0, 0x00000133b88be490,
0x00000133b88bb1f0, 0x00000133bd43fc70, 0x00000133bb1b6a90, 0x00000133bb1b88f0,
0x00000133bb1b79c0, 0x00000133bb1b5140, 0x00000133bb1b6070, 0x00000133bb1b6fa0,
0x00000133bb1b74b0, 0x00000133bb1b8e00, 0x00000133bb1b5b60, 0x00000133bb1b7ed0,
0x00000133bb1b5650, 0x00000133bb1b83e0, 0x00000133bb1bb680, 0x00000133bb1ba240,
0x00000133bb1ba750, 0x00000133bb1bc0a0, 0x00000133bb1bb170, 0x00000133bb1bc5b0,
0x00000133bb1bcac0, 0x00000133bb1bac60, 0x00000133c4812300, 0x00000133c480fa80,
0x00000133c480f570, 0x00000133c48109b0, 0x00000133c48104a0, 0x00000133c4810ec0,
0x00000133c4812810, 0x00000133c480ff90, 0x00000133c480f060, 0x00000133c4813230,
0x00000133c4814b80, 0x00000133c4812d20, 0x00000133c4814160, 0x00000133c48113d0,
0x00000133c48118e0, 0x00000133c4815090, 0x00000133c4814670, 0x00000133c48155a0,
0x00000133c4815ab0, 0x00000133c4815fc0, 0x00000133c48164d0, 0x00000133c48169e0,
0x00000133c4813c50, 0x00000133c4813740, 0x00000133c3e9b690, 0x00000133c3e983f0,
0x00000133c3e99320, 0x00000133c3e99d40, 0x00000133c3e9a250, 0x00000133c3e9a760,
0x00000133c3e9ac70, 0x00000133c3e9b180, 0x00000133c3e97ee0, 0x00000133c3e9bba0,
0x00000133c3e99830, 0x00000133c3e9c0b0, 0x00000133c3e98900, 0x00000133c3e9c5c0,
0x00000133c3e98e10, 0x00000133c3e9d4f0, 0x00000133c3e9df10, 0x00000133c3e9da00,
0x00000133c3e9cad0, 0x00000133c3e9ee40, 0x00000133c3e9e930, 0x00000133c3ea0790,
0x00000133c3e9cfe0, 0x00000133c3ea16c0, 0x00000133c3ea25f0, 0x00000133c3ea2b00,
0x00000133c3ea20e0, 0x00000133c3ea3010, 0x00000133c3e9f860, 0x00000133c3ea3a30,
0x00000133c3ea0ca0, 0x00000133c3ea11b0, 0x00000133c3ea1bd0, 0x00000133c3ea3520,
0x00000133c3ea0280, 0x00000133c3ea62b0, 0x00000133c3ea67c0, 0x00000133c3ea6cd0,
0x00000133c3ea71e0, 0x00000133c3ea4450, 0x00000133c3ea76f0, 0x00000133c3ea4960,
0x00000133c3ea3f40, 0x00000133c3ea5890, 0x00000133c3ea5da0, 0x00000133c3ea4e70,
0x00000133bcaa1a90, 0x00000133bcaa4310, 0x00000133bcaa1fa0, 0x00000133bcaa2ed0,
0x00000133bcaa0b60, 0x00000133bcaa24b0, 0x00000133bcaa1580, 0x00000133bcaa29c0,
0x00000133bcaa33e0, 0x00000133bcaa38f0, 0x00000133bcaa3e00, 0x00000133bcaa4820,
0x00000133bcaa1070, 0x00000133bcaa7fd0, 0x00000133bcaa7ac0, 0x00000133bcaa5c60,
0x00000133bcaa6680, 0x00000133bcaa6b90, 0x00000133bcaa5240, 0x00000133bcaa70a0,
0x00000133bcaa84e0, 0x00000133bcaa75b0, 0x00000133bcaa4d30, 0x00000133bcaa89f0,
0x00000133bcaa8f00, 0x00000133bcaa5750, 0x00000133bcaa6170, 0x00000133bcaac1a0,
0x00000133bcaac6b0, 0x00000133bcaacbc0, 0x00000133bcaad0d0, 0x00000133bcaa9920,
0x00000133bcaa9e30, 0x00000133baf0e1f0, 0x00000133bcaad5e0, 0x00000133bcaadaf0,
0x00000133bcaaa340, 0x00000133baf0bcc0, 0x0000013398cc3e70
}

Java Threads: ( => current thread )
  0x00000133f9474430 JavaThread "main" [_thread_blocked, id=21020, stack(0x000000296d400000,0x000000296d500000)]
  0x00000133ffc95980 JavaThread "Reference Handler" daemon [_thread_blocked, id=8100, stack(0x000000296db00000,0x000000296dc00000)]
  0x00000133ffc96350 JavaThread "Finalizer" daemon [_thread_blocked, id=23088, stack(0x000000296dc00000,0x000000296dd00000)]
  0x0000013398b126e0 JavaThread "Signal Dispatcher" daemon [_thread_blocked, id=8304, stack(0x000000296dd00000,0x000000296de00000)]
  0x0000013398b14fc0 JavaThread "Attach Listener" daemon [_thread_blocked, id=8340, stack(0x000000296de00000,0x000000296df00000)]
  0x0000013398b178a0 JavaThread "Service Thread" daemon [_thread_blocked, id=24204, stack(0x000000296df00000,0x000000296e000000)]
  0x0000013398b18170 JavaThread "Monitor Deflation Thread" daemon [_thread_blocked, id=1772, stack(0x000000296e000000,0x000000296e100000)]
  0x0000013398b1e680 JavaThread "C2 CompilerThread0" daemon [_thread_blocked, id=6316, stack(0x000000296e100000,0x000000296e200000)]
  0x0000013398b28fb0 JavaThread "C1 CompilerThread0" daemon [_thread_blocked, id=8964, stack(0x000000296e200000,0x000000296e300000)]
  0x0000013398b340d0 JavaThread "Sweeper thread" daemon [_thread_blocked, id=23260, stack(0x000000296e300000,0x000000296e400000)]
  0x0000013398c36180 JavaThread "Common-Cleaner" daemon [_thread_blocked, id=15692, stack(0x000000296e400000,0x000000296e500000)]
  0x0000013398d5f500 JavaThread "Notification Thread" daemon [_thread_blocked, id=4440, stack(0x000000296e900000,0x000000296ea00000)]
  0x00000133b9ce54e0 JavaThread "Daemon health stats" [_thread_blocked, id=14288, stack(0x000000296f200000,0x000000296f300000)]
  0x00000133b9c6e460 JavaThread "Incoming local TCP Connector on port 59973" [_thread_in_native, id=7236, stack(0x000000296f300000,0x000000296f400000)]
  0x00000133b99406e0 JavaThread "Daemon periodic checks" [_thread_blocked, id=4252, stack(0x000000296f400000,0x000000296f500000)]
  0x00000133b8fc9fe0 JavaThread "Daemon" [_thread_blocked, id=21536, stack(0x000000296f500000,0x000000296f600000)]
  0x00000133b8fca4c0 JavaThread "Handler for socket connection from /127.0.0.1:59973 to /127.0.0.1:59974" [_thread_in_native, id=21764, stack(0x000000296f600000,0x000000296f700000)]
  0x00000133ba542060 JavaThread "Cancel handler" [_thread_blocked, id=23916, stack(0x000000296f700000,0x000000296f800000)]
  0x00000133ba542540 JavaThread "Daemon worker" [_thread_blocked, id=18104, stack(0x000000296f100000,0x000000296f200000)]
  0x00000133b88bdf80 JavaThread "Asynchronous log dispatcher for DefaultDaemonConnection: socket connection from /127.0.0.1:59973 to /127.0.0.1:59974" [_thread_blocked, id=6068, stack(0x000000296f800000,0x000000296f900000)]
  0x00000133b88bda70 JavaThread "Stdin handler" [_thread_blocked, id=9488, stack(0x000000296f900000,0x000000296fa00000)]
  0x00000133b88bb700 JavaThread "Daemon client event forwarder" [_thread_blocked, id=17788, stack(0x000000296fa00000,0x000000296fb00000)]
  0x00000133b88bc120 JavaThread "Cache worker for journal cache (C:\Users\Asus\.gradle\caches\journal-1)" [_thread_blocked, id=16480, stack(0x000000296fb00000,0x000000296fc00000)]
  0x00000133b88bbc10 JavaThread "File lock request listener" [_thread_in_native, id=2544, stack(0x000000296fc00000,0x000000296fd00000)]
  0x00000133b88bcb40 JavaThread "Cache worker for file hash cache (C:\Users\Asus\.gradle\caches\8.3\fileHashes)" [_thread_blocked, id=19944, stack(0x000000296fd00000,0x000000296fe00000)]
  0x00000133b88bd050 JavaThread "File watcher server" daemon [_thread_blocked, id=22148, stack(0x000000296fe00000,0x000000296ff00000)]
  0x00000133baf84030 JavaThread "File watcher consumer" daemon [_thread_blocked, id=6812, stack(0x000000296ff00000,0x0000002970000000)]
  0x00000133baf81cc0 JavaThread "Cache worker for checksums cache (C:\Users\Asus\MAD\AwesomeProject\android\.gradle\8.3\checksums)" [_thread_blocked, id=4648, stack(0x0000002970900000,0x0000002970a00000)]
  0x00000133baf83100 JavaThread "Cache worker for file hash cache (C:\Users\Asus\MAD\AwesomeProject\android\.gradle\8.3\fileHashes)" [_thread_blocked, id=8420, stack(0x0000002970a00000,0x0000002970b00000)]
  0x00000133baf83610 JavaThread "Cache worker for cache directory md-supplier (C:\Users\Asus\.gradle\caches\8.3\md-supplier)" [_thread_blocked, id=5244, stack(0x0000002970b00000,0x0000002970c00000)]
  0x00000133baf83b20 JavaThread "Cache worker for file content cache (C:\Users\Asus\.gradle\caches\8.3\fileContent)" [_thread_blocked, id=6520, stack(0x0000002970c00000,0x0000002970d00000)]
  0x00000133baf84540 JavaThread "Cache worker for cache directory md-rule (C:\Users\Asus\.gradle\caches\8.3\md-rule)" [_thread_blocked, id=9144, stack(0x0000002971000000,0x0000002971100000)]
  0x00000133baf85470 JavaThread "Cache worker for execution history cache (C:\Users\Asus\.gradle\caches\8.3\executionHistory)" [_thread_blocked, id=17720, stack(0x0000002971100000,0x0000002971200000)]
  0x00000133baf84f60 JavaThread "jar transforms" [_thread_blocked, id=20364, stack(0x0000002971200000,0x0000002971300000)]
  0x00000133baf85980 JavaThread "jar transforms Thread 2" [_thread_blocked, id=19056, stack(0x0000002971300000,0x0000002971400000)]
  0x00000133baf87cf0 JavaThread "jar transforms Thread 3" [_thread_blocked, id=22560, stack(0x000000296eb00000,0x000000296ec00000)]
  0x00000133baf88c20 JavaThread "jar transforms Thread 4" [_thread_blocked, id=16464, stack(0x0000002971400000,0x0000002971500000)]
  0x0000013398cc2930 JavaThread "C1 CompilerThread1" daemon [_thread_blocked, id=8036, stack(0x000000296e500000,0x000000296e600000)]
  0x00000133baf88200 JavaThread "Cache worker for kotlin-dsl (C:\Users\Asus\.gradle\caches\8.3\kotlin-dsl)" [_thread_blocked, id=22808, stack(0x000000296e800000,0x000000296e900000)]
  0x00000133baf89640 JavaThread "jar transforms Thread 5" [_thread_blocked, id=7056, stack(0x0000002971500000,0x0000002971600000)]
  0x00000133baf89130 JavaThread "jar transforms Thread 6" [_thread_blocked, id=5364, stack(0x0000002971600000,0x0000002971700000)]
  0x00000133baf863a0 JavaThread "Unconstrained build operations" [_thread_blocked, id=14800, stack(0x0000002971700000,0x0000002971800000)]
  0x00000133baf868b0 JavaThread "Unconstrained build operations Thread 2" [_thread_blocked, id=8424, stack(0x0000002971800000,0x0000002971900000)]
  0x00000133baf86dc0 JavaThread "jar transforms Thread 7" [_thread_blocked, id=24184, stack(0x0000002971900000,0x0000002971a00000)]
  0x00000133baf872d0 JavaThread "jar transforms Thread 8" [_thread_blocked, id=12564, stack(0x0000002971a00000,0x0000002971b00000)]
  0x00000133b88bace0 JavaThread "jar transforms Thread 9" [_thread_blocked, id=10916, stack(0x0000002971b00000,0x0000002971c00000)]
  0x00000133b88bd560 JavaThread "jar transforms Thread 10" [_thread_blocked, id=4616, stack(0x0000002971c00000,0x0000002971d00000)]
  0x00000133bc37ed80 JavaThread "jar transforms Thread 11" [_thread_blocked, id=24952, stack(0x0000002971d00000,0x0000002971e00000)]
  0x00000133bc37e870 JavaThread "jar transforms Thread 12" [_thread_blocked, id=20408, stack(0x0000002971e00000,0x0000002971f00000)]
  0x00000133bc37f7a0 JavaThread "Cache worker for dependencies-accessors (C:\Users\Asus\MAD\AwesomeProject\android\.gradle\8.3\dependencies-accessors)" [_thread_blocked, id=9684, stack(0x0000002971f00000,0x0000002972000000)]
  0x00000133bc37cf20 JavaThread "Cache worker for Build Output Cleanup Cache (C:\Users\Asus\MAD\AwesomeProject\node_modules\@react-native\gradle-plugin\.gradle\buildOutputCleanup)" [_thread_blocked, id=24948, stack(0x0000002972100000,0x0000002972200000)]
  0x00000133bc3806d0 JavaThread "jar transforms Thread 13" [_thread_blocked, id=25272, stack(0x0000002972200000,0x0000002972300000)]
  0x00000133bc37e360 JavaThread "jar transforms Thread 14" [_thread_blocked, id=20236, stack(0x0000002972300000,0x0000002972400000)]
  0x00000133bc37de50 JavaThread "Unconstrained build operations Thread 3" [_thread_blocked, id=16720, stack(0x0000002972400000,0x0000002972500000)]
  0x00000133bc37fcb0 JavaThread "Unconstrained build operations Thread 4" [_thread_blocked, id=21432, stack(0x0000002972500000,0x0000002972600000)]
  0x00000133bc3801c0 JavaThread "Unconstrained build operations Thread 5" [_thread_blocked, id=24332, stack(0x0000002972600000,0x0000002972700000)]
  0x00000133bc37d940 JavaThread "Unconstrained build operations Thread 6" [_thread_blocked, id=12552, stack(0x0000002972700000,0x0000002972800000)]
  0x00000133bc380be0 JavaThread "Unconstrained build operations Thread 7" [_thread_blocked, id=15876, stack(0x0000002972800000,0x0000002972900000)]
  0x00000133bc37d430 JavaThread "Unconstrained build operations Thread 8" [_thread_blocked, id=4244, stack(0x0000002972900000,0x0000002972a00000)]
  0x00000133bc382f50 JavaThread "Unconstrained build operations Thread 9" [_thread_blocked, id=2632, stack(0x0000002972a00000,0x0000002972b00000)]
  0x00000133bc382a40 JavaThread "Unconstrained build operations Thread 10" [_thread_blocked, id=22304, stack(0x0000002972b00000,0x0000002972c00000)]
  0x00000133bc3848a0 JavaThread "Unconstrained build operations Thread 11" [_thread_blocked, id=22132, stack(0x0000002972c00000,0x0000002972d00000)]
  0x00000133bc382530 JavaThread "Unconstrained build operations Thread 12" [_thread_blocked, id=12260, stack(0x0000002972d00000,0x0000002972e00000)]
  0x00000133bc382020 JavaThread "Unconstrained build operations Thread 13" [_thread_blocked, id=17104, stack(0x0000002972e00000,0x0000002972f00000)]
  0x00000133bc383970 JavaThread "Unconstrained build operations Thread 14" [_thread_blocked, id=3820, stack(0x0000002972f00000,0x0000002973000000)]
  0x00000133bc383e80 JavaThread "Unconstrained build operations Thread 15" [_thread_blocked, id=16336, stack(0x0000002973000000,0x0000002973100000)]
  0x00000133bc383460 JavaThread "Unconstrained build operations Thread 16" [_thread_blocked, id=3976, stack(0x0000002973100000,0x0000002973200000)]
  0x00000133bc384390 JavaThread "Unconstrained build operations Thread 17" [_thread_blocked, id=19208, stack(0x0000002973200000,0x0000002973300000)]
  0x00000133bc3810f0 JavaThread "Unconstrained build operations Thread 18" [_thread_blocked, id=18280, stack(0x0000002973300000,0x0000002973400000)]
  0x00000133bc381600 JavaThread "Unconstrained build operations Thread 19" [_thread_blocked, id=17304, stack(0x0000002973400000,0x0000002973500000)]
  0x00000133bc381b10 JavaThread "Unconstrained build operations Thread 20" [_thread_blocked, id=24400, stack(0x0000002973500000,0x0000002973600000)]
  0x00000133bd430b80 JavaThread "Unconstrained build operations Thread 21" [_thread_blocked, id=1968, stack(0x0000002973600000,0x0000002973700000)]
  0x00000133bd430670 JavaThread "jar transforms Thread 15" [_thread_blocked, id=2968, stack(0x0000002973700000,0x0000002973800000)]
  0x00000133bd42f740 JavaThread "jar transforms Thread 16" [_thread_blocked, id=23704, stack(0x0000002973800000,0x0000002973900000)]
  0x00000133bd431090 JavaThread "jar transforms Thread 17" [_thread_blocked, id=23608, stack(0x0000002973900000,0x0000002973a00000)]
  0x00000133bd42e300 JavaThread "jar transforms Thread 18" [_thread_blocked, id=12368, stack(0x0000002973a00000,0x0000002973b00000)]
  0x00000133bd4315a0 JavaThread "jar transforms Thread 19" [_thread_blocked, id=16876, stack(0x0000002973b00000,0x0000002973c00000)]
  0x00000133bd42fc50 JavaThread "jar transforms Thread 20" [_thread_blocked, id=3184, stack(0x0000002973c00000,0x0000002973d00000)]
  0x00000133bd430160 JavaThread "Memory manager" [_thread_blocked, id=23956, stack(0x0000002973d00000,0x0000002973e00000)]
  0x00000133bd431ab0 JavaThread "Cache worker for Build Output Cleanup Cache (C:\Users\Asus\MAD\AwesomeProject\android\.gradle\buildOutputCleanup)" [_thread_blocked, id=19572, stack(0x0000002973e00000,0x0000002973f00000)]
  0x00000133bd431fc0 JavaThread "ForkJoinPool.commonPool-worker-1" daemon [_thread_blocked, id=23856, stack(0x0000002973f00000,0x0000002974000000)]
  0x00000133bd4324d0 JavaThread "ForkJoinPool.commonPool-worker-2" daemon [_thread_blocked, id=14396, stack(0x0000002974000000,0x0000002974100000)]
  0x00000133bd4329e0 JavaThread "ForkJoinPool.commonPool-worker-3" daemon [_thread_blocked, id=2948, stack(0x0000002974100000,0x0000002974200000)]
  0x00000133bd42f230 JavaThread "ForkJoinPool.commonPool-worker-4" daemon [_thread_blocked, id=23792, stack(0x0000002974200000,0x0000002974300000)]
  0x00000133bd433400 JavaThread "ForkJoinPool.commonPool-worker-5" daemon [_thread_blocked, id=11032, stack(0x0000002974300000,0x0000002974400000)]
  0x00000133bd434330 JavaThread "ForkJoinPool.commonPool-worker-6" daemon [_thread_blocked, id=21032, stack(0x0000002974400000,0x0000002974500000)]
  0x00000133bd432ef0 JavaThread "ForkJoinPool.commonPool-worker-7" daemon [_thread_blocked, id=2892, stack(0x0000002974500000,0x0000002974600000)]
  0x00000133bd435260 JavaThread "ForkJoinPool.commonPool-worker-8" daemon [_thread_blocked, id=8172, stack(0x0000002974600000,0x0000002974700000)]
  0x00000133bd435770 JavaThread "ForkJoinPool.commonPool-worker-9" daemon [_thread_blocked, id=7428, stack(0x0000002974700000,0x0000002974800000)]
  0x00000133bd434d50 JavaThread "ForkJoinPool.commonPool-worker-10" daemon [_thread_blocked, id=14500, stack(0x0000002974800000,0x0000002974900000)]
  0x00000133bd435c80 JavaThread "ForkJoinPool.commonPool-worker-11" daemon [_thread_blocked, id=23892, stack(0x0000002974900000,0x0000002974a00000)]
  0x00000133bd433910 JavaThread "included builds" [_thread_blocked, id=25344, stack(0x0000002974a00000,0x0000002974b00000)]
  0x00000133bd433e20 JavaThread "Execution worker" [_thread_blocked, id=15496, stack(0x0000002974b00000,0x0000002974c00000)]
  0x00000133bd434840 JavaThread "Execution worker Thread 2" [_thread_blocked, id=18536, stack(0x0000002974c00000,0x0000002974d00000)]
  0x00000133b99eada0 JavaThread "Execution worker Thread 3" [_thread_blocked, id=4908, stack(0x0000002974d00000,0x0000002974e00000)]
  0x00000133b99ec6f0 JavaThread "Execution worker Thread 4" [_thread_blocked, id=19744, stack(0x0000002974e00000,0x0000002974f00000)]
  0x00000133b99ebcd0 JavaThread "Execution worker Thread 5" [_thread_blocked, id=20064, stack(0x0000002974f00000,0x0000002975000000)]
  0x00000133b99eb7c0 JavaThread "Execution worker Thread 6" [_thread_blocked, id=24236, stack(0x0000002975000000,0x0000002975100000)]
  0x00000133b99ed110 JavaThread "Execution worker Thread 7" [_thread_blocked, id=13352, stack(0x0000002975100000,0x0000002975200000)]
  0x00000133b99ec1e0 JavaThread "Execution worker Thread 8" [_thread_blocked, id=14524, stack(0x0000002975200000,0x0000002975300000)]
  0x00000133b99eb2b0 JavaThread "Execution worker Thread 9" [_thread_blocked, id=23076, stack(0x0000002975300000,0x0000002975400000)]
  0x00000133b99ecc00 JavaThread "Execution worker Thread 10" [_thread_blocked, id=6188, stack(0x0000002975400000,0x0000002975500000)]
  0x00000133b99ed620 JavaThread "Execution worker Thread 11" [_thread_blocked, id=19308, stack(0x0000002975500000,0x0000002975600000)]
  0x00000133b99edb30 JavaThread "Execution worker Thread 12" [_thread_blocked, id=21688, stack(0x0000002975600000,0x0000002975700000)]
  0x00000133b99ee040 JavaThread "Execution worker Thread 13" [_thread_blocked, id=24424, stack(0x0000002975700000,0x0000002975800000)]
  0x00000133b99ea890 JavaThread "Execution worker Thread 14" [_thread_blocked, id=17652, stack(0x0000002975800000,0x0000002975900000)]
  0x00000133b99efea0 JavaThread "Execution worker Thread 15" [_thread_blocked, id=9760, stack(0x0000002975900000,0x0000002975a00000)]
  0x00000133b99ef480 JavaThread "Execution worker Thread 16" [_thread_blocked, id=8680, stack(0x0000002975a00000,0x0000002975b00000)]
  0x00000133b99ef990 JavaThread "Execution worker Thread 17" [_thread_blocked, id=20280, stack(0x0000002975b00000,0x0000002975c00000)]
  0x00000133b99f17f0 JavaThread "Execution worker Thread 18" [_thread_blocked, id=25532, stack(0x0000002975c00000,0x0000002975d00000)]
  0x00000133b99f03b0 JavaThread "Execution worker Thread 19" [_thread_blocked, id=1728, stack(0x0000002975d00000,0x0000002975e00000)]
  0x00000133b99f1d00 JavaThread "Cache worker for execution history cache (C:\Users\Asus\MAD\AwesomeProject\node_modules\@react-native\gradle-plugin\.gradle\8.3\executionHistory)" [_thread_blocked, id=1600, stack(0x0000002975e00000,0x0000002975f00000)]
  0x00000133b99f08c0 JavaThread "Unconstrained build operations Thread 22" [_thread_blocked, id=21928, stack(0x0000002975f00000,0x0000002976000000)]
  0x00000133b99f0dd0 JavaThread "Unconstrained build operations Thread 23" [_thread_blocked, id=15840, stack(0x0000002976000000,0x0000002976100000)]
  0x00000133b99eef70 JavaThread "Unconstrained build operations Thread 24" [_thread_blocked, id=14528, stack(0x0000002976100000,0x0000002976200000)]
  0x00000133b99f12e0 JavaThread "Unconstrained build operations Thread 25" [_thread_blocked, id=14592, stack(0x0000002976200000,0x0000002976300000)]
  0x00000133b99ee550 JavaThread "Unconstrained build operations Thread 26" [_thread_blocked, id=3980, stack(0x0000002976300000,0x0000002976400000)]
  0x00000133b99f2210 JavaThread "Unconstrained build operations Thread 27" [_thread_blocked, id=22188, stack(0x0000002976400000,0x0000002976500000)]
  0x00000133b99eea60 JavaThread "Unconstrained build operations Thread 28" [_thread_blocked, id=24360, stack(0x0000002976500000,0x0000002976600000)]
  0x00000133b99e43d0 JavaThread "Unconstrained build operations Thread 29" [_thread_blocked, id=25312, stack(0x0000002976600000,0x0000002976700000)]
  0x00000133b99e2a80 JavaThread "Unconstrained build operations Thread 30" [_thread_blocked, id=20740, stack(0x0000002976700000,0x0000002976800000)]
  0x00000133b99e48e0 JavaThread "Unconstrained build operations Thread 31" [_thread_blocked, id=3520, stack(0x0000002976800000,0x0000002976900000)]
  0x00000133b99e4df0 JavaThread "Unconstrained build operations Thread 32" [_thread_blocked, id=19636, stack(0x0000002976900000,0x0000002976a00000)]
  0x00000133b99e2f90 JavaThread "Unconstrained build operations Thread 33" [_thread_blocked, id=3620, stack(0x0000002976a00000,0x0000002976b00000)]
  0x00000133b99e5810 JavaThread "Unconstrained build operations Thread 34" [_thread_blocked, id=24232, stack(0x0000002976b00000,0x0000002976c00000)]
  0x00000133b99e34a0 JavaThread "Unconstrained build operations Thread 35" [_thread_blocked, id=21156, stack(0x0000002976c00000,0x0000002976d00000)]
  0x00000133b99e39b0 JavaThread "Unconstrained build operations Thread 36" [_thread_blocked, id=5552, stack(0x0000002976d00000,0x0000002976e00000)]
  0x00000133b99e2570 JavaThread "Unconstrained build operations Thread 37" [_thread_blocked, id=15960, stack(0x0000002976e00000,0x0000002976f00000)]
  0x00000133b99e3ec0 JavaThread "Unconstrained build operations Thread 38" [_thread_blocked, id=14476, stack(0x0000002976f00000,0x0000002977000000)]
  0x00000133b99e5300 JavaThread "Unconstrained build operations Thread 39" [_thread_blocked, id=9972, stack(0x0000002977000000,0x0000002977100000)]
  0x00000133b99e2060 JavaThread "Unconstrained build operations Thread 40" [_thread_blocked, id=10640, stack(0x0000002977100000,0x0000002977200000)]
  0x00000133b99e8090 JavaThread "Unconstrained build operations Thread 41" [_thread_blocked, id=2984, stack(0x0000002977200000,0x0000002977300000)]
  0x00000133b99e8ab0 JavaThread "Unconstrained build operations Thread 42" [_thread_blocked, id=23980, stack(0x0000002977300000,0x0000002977400000)]
  0x00000133b99e94d0 JavaThread "Unconstrained build operations Thread 43" [_thread_blocked, id=21024, stack(0x0000002977400000,0x0000002977500000)]
  0x00000133b99e7b80 JavaThread "Unconstrained build operations Thread 44" [_thread_blocked, id=5396, stack(0x0000002977500000,0x0000002977600000)]
  0x00000133b99e85a0 JavaThread "Unconstrained build operations Thread 45" [_thread_blocked, id=24688, stack(0x0000002977600000,0x0000002977700000)]
  0x00000133b99e6740 JavaThread "Unconstrained build operations Thread 46" [_thread_blocked, id=2128, stack(0x0000002977700000,0x0000002977800000)]
  0x00000133b99e7670 JavaThread "Unconstrained build operations Thread 47" [_thread_blocked, id=1624, stack(0x0000002977800000,0x0000002977900000)]
  0x00000133b99e8fc0 JavaThread "Unconstrained build operations Thread 48" [_thread_blocked, id=24492, stack(0x0000002977900000,0x0000002977a00000)]
  0x00000133b99e5d20 JavaThread "Unconstrained build operations Thread 49" [_thread_blocked, id=20132, stack(0x0000002977a00000,0x0000002977b00000)]
  0x00000133b99e6230 JavaThread "Unconstrained build operations Thread 50" [_thread_blocked, id=10892, stack(0x0000002977b00000,0x0000002977c00000)]
  0x00000133b99e99e0 JavaThread "Unconstrained build operations Thread 51" [_thread_blocked, id=2432, stack(0x0000002977c00000,0x0000002977d00000)]
  0x00000133b99e6c50 JavaThread "Unconstrained build operations Thread 52" [_thread_blocked, id=14768, stack(0x0000002977d00000,0x0000002977e00000)]
  0x00000133b99e7160 JavaThread "Unconstrained build operations Thread 53" [_thread_blocked, id=5640, stack(0x0000002977e00000,0x0000002977f00000)]
  0x00000133bd43e320 JavaThread "Unconstrained build operations Thread 54" [_thread_blocked, id=24112, stack(0x0000002977f00000,0x0000002978000000)]
  0x00000133bd440690 JavaThread "Unconstrained build operations Thread 55" [_thread_blocked, id=8112, stack(0x0000002978000000,0x0000002978100000)]
  0x00000133bd43e830 JavaThread "Unconstrained build operations Thread 56" [_thread_blocked, id=21532, stack(0x0000002978100000,0x0000002978200000)]
  0x00000133bd43ed40 JavaThread "Unconstrained build operations Thread 57" [_thread_blocked, id=13148, stack(0x0000002978200000,0x0000002978300000)]
  0x00000133bd440ba0 JavaThread "Unconstrained build operations Thread 58" [_thread_blocked, id=24652, stack(0x0000002978300000,0x0000002978400000)]
  0x00000133bd4415c0 JavaThread "Unconstrained build operations Thread 59" [_thread_blocked, id=19592, stack(0x0000002978400000,0x0000002978500000)]
  0x00000133bd43f760 JavaThread "Unconstrained build operations Thread 60" [_thread_blocked, id=22452, stack(0x0000002978500000,0x0000002978600000)]
  0x00000133bd440180 JavaThread "Unconstrained build operations Thread 61" [_thread_blocked, id=23484, stack(0x0000002978600000,0x0000002978700000)]
  0x00000133ba338f90 JavaThread "Unconstrained build operations Thread 62" [_thread_blocked, id=17544, stack(0x0000002978700000,0x0000002978800000)]
  0x00000133ba3394a0 JavaThread "Unconstrained build operations Thread 63" [_thread_blocked, id=19184, stack(0x0000002978900000,0x0000002978a00000)]
  0x00000133ba33adf0 JavaThread "Unconstrained build operations Thread 64" [_thread_blocked, id=7872, stack(0x0000002978a00000,0x0000002978b00000)]
  0x00000133ba338060 JavaThread "Unconstrained build operations Thread 65" [_thread_blocked, id=21728, stack(0x0000002978b00000,0x0000002978c00000)]
  0x00000133ba3399b0 JavaThread "Unconstrained build operations Thread 66" [_thread_blocked, id=19912, stack(0x0000002978c00000,0x0000002978d00000)]
  0x00000133ba33bd20 JavaThread "Unconstrained build operations Thread 67" [_thread_blocked, id=16092, stack(0x0000002978d00000,0x0000002978e00000)]
  0x00000133ba33b300 JavaThread "Unconstrained build operations Thread 68" [_thread_blocked, id=3056, stack(0x0000002978e00000,0x0000002978f00000)]
  0x00000133ba33a3d0 JavaThread "Unconstrained build operations Thread 69" [_thread_blocked, id=7144, stack(0x0000002978f00000,0x0000002979000000)]
  0x00000133ba339ec0 JavaThread "Unconstrained build operations Thread 70" [_thread_blocked, id=16608, stack(0x0000002979000000,0x0000002979100000)]
  0x00000133ba33a8e0 JavaThread "Unconstrained build operations Thread 71" [_thread_blocked, id=3360, stack(0x0000002979100000,0x0000002979200000)]
  0x00000133ba338570 JavaThread "Unconstrained build operations Thread 72" [_thread_blocked, id=25516, stack(0x0000002979200000,0x0000002979300000)]
  0x00000133ba33c230 JavaThread "Unconstrained build operations Thread 73" [_thread_blocked, id=19332, stack(0x0000002979300000,0x0000002979400000)]
  0x00000133ba338a80 JavaThread "Unconstrained build operations Thread 74" [_thread_blocked, id=15444, stack(0x0000002979400000,0x0000002979500000)]
  0x00000133ba33d160 JavaThread "Unconstrained build operations Thread 75" [_thread_blocked, id=24256, stack(0x0000002979500000,0x0000002979600000)]
  0x00000133ba33f4d0 JavaThread "Unconstrained build operations Thread 76" [_thread_blocked, id=9616, stack(0x0000002979600000,0x0000002979700000)]
  0x00000133ba33cc50 JavaThread "Unconstrained build operations Thread 77" [_thread_blocked, id=576, stack(0x0000002979700000,0x0000002979800000)]
  0x00000133ba33d670 JavaThread "Unconstrained build operations Thread 78" [_thread_blocked, id=19824, stack(0x0000002979800000,0x0000002979900000)]
  0x00000133ba33c740 JavaThread "Unconstrained build operations Thread 79" [_thread_blocked, id=5088, stack(0x0000002979900000,0x0000002979a00000)]
  0x00000133ba33db80 JavaThread "Unconstrained build operations Thread 80" [_thread_blocked, id=24772, stack(0x0000002979a00000,0x0000002979b00000)]
  0x00000133ba33e5a0 JavaThread "Unconstrained build operations Thread 81" [_thread_blocked, id=5168, stack(0x0000002979e00000,0x0000002979f00000)]
  0x00000133ba33eab0 JavaThread "Unconstrained build operations Thread 82" [_thread_blocked, id=21480, stack(0x0000002979f00000,0x000000297a000000)]
  0x00000133ba33efc0 JavaThread "Unconstrained build operations Thread 83" [_thread_blocked, id=17520, stack(0x000000297a000000,0x000000297a100000)]
  0x00000133ba33f9e0 JavaThread "Unconstrained build operations Thread 84" [_thread_blocked, id=3264, stack(0x000000297a100000,0x000000297a200000)]
  0x00000133b88be490 JavaThread "Unconstrained build operations Thread 85" [_thread_blocked, id=7292, stack(0x000000297a200000,0x000000297a300000)]
  0x00000133b88bb1f0 JavaThread "Unconstrained build operations Thread 86" [_thread_blocked, id=3356, stack(0x000000297a300000,0x000000297a400000)]
  0x00000133bd43fc70 JavaThread "Unconstrained build operations Thread 87" [_thread_blocked, id=2268, stack(0x000000297a400000,0x000000297a500000)]
  0x00000133bb1b6a90 JavaThread "Unconstrained build operations Thread 88" [_thread_blocked, id=20264, stack(0x000000297a500000,0x000000297a600000)]
  0x00000133bb1b88f0 JavaThread "Unconstrained build operations Thread 89" [_thread_blocked, id=7076, stack(0x000000297a600000,0x000000297a700000)]
  0x00000133bb1b79c0 JavaThread "Unconstrained build operations Thread 90" [_thread_blocked, id=12208, stack(0x000000297a700000,0x000000297a800000)]
  0x00000133bb1b5140 JavaThread "Unconstrained build operations Thread 91" [_thread_blocked, id=11088, stack(0x000000297a800000,0x000000297a900000)]
  0x00000133bb1b6070 JavaThread "Unconstrained build operations Thread 92" [_thread_blocked, id=14456, stack(0x000000297a900000,0x000000297aa00000)]
  0x00000133bb1b6fa0 JavaThread "Unconstrained build operations Thread 93" [_thread_blocked, id=20844, stack(0x000000297aa00000,0x000000297ab00000)]
  0x00000133bb1b74b0 JavaThread "Unconstrained build operations Thread 94" [_thread_blocked, id=1908, stack(0x000000297ab00000,0x000000297ac00000)]
  0x00000133bb1b8e00 JavaThread "Unconstrained build operations Thread 95" [_thread_blocked, id=22536, stack(0x000000297ac00000,0x000000297ad00000)]
  0x00000133bb1b5b60 JavaThread "Unconstrained build operations Thread 96" [_thread_blocked, id=11316, stack(0x000000297ad00000,0x000000297ae00000)]
  0x00000133bb1b7ed0 JavaThread "Unconstrained build operations Thread 97" [_thread_blocked, id=21656, stack(0x000000297ae00000,0x000000297af00000)]
  0x00000133bb1b5650 JavaThread "Unconstrained build operations Thread 98" [_thread_blocked, id=19240, stack(0x000000297af00000,0x000000297b000000)]
  0x00000133bb1b83e0 JavaThread "Unconstrained build operations Thread 99" [_thread_blocked, id=4464, stack(0x000000297b000000,0x000000297b100000)]
  0x00000133bb1bb680 JavaThread "pool-3-thread-1" [_thread_blocked, id=14048, stack(0x000000297b100000,0x000000297b200000)]
  0x00000133bb1ba240 JavaThread "build event listener" [_thread_blocked, id=8756, stack(0x000000297b200000,0x000000297b300000)]
  0x00000133bb1ba750 JavaThread "Unconstrained build operations Thread 100" [_thread_blocked, id=15096, stack(0x000000297b300000,0x000000297b400000)]
  0x00000133bb1bc0a0 JavaThread "Unconstrained build operations Thread 101" [_thread_blocked, id=24928, stack(0x000000297b400000,0x000000297b500000)]
  0x00000133bb1bb170 JavaThread "Unconstrained build operations Thread 102" [_thread_blocked, id=24980, stack(0x000000297b500000,0x000000297b600000)]
  0x00000133bb1bc5b0 JavaThread "Unconstrained build operations Thread 103" [_thread_blocked, id=21372, stack(0x000000297b600000,0x000000297b700000)]
  0x00000133bb1bcac0 JavaThread "Unconstrained build operations Thread 104" [_thread_blocked, id=24564, stack(0x000000297b700000,0x000000297b800000)]
  0x00000133bb1bac60 JavaThread "Unconstrained build operations Thread 105" [_thread_blocked, id=15632, stack(0x000000297b800000,0x000000297b900000)]
  0x00000133c4812300 JavaThread "Unconstrained build operations Thread 106" [_thread_blocked, id=3592, stack(0x000000297b900000,0x000000297ba00000)]
  0x00000133c480fa80 JavaThread "Unconstrained build operations Thread 107" [_thread_blocked, id=19792, stack(0x000000297ba00000,0x000000297bb00000)]
  0x00000133c480f570 JavaThread "Unconstrained build operations Thread 108" [_thread_blocked, id=22444, stack(0x000000297bb00000,0x000000297bc00000)]
  0x00000133c48109b0 JavaThread "Unconstrained build operations Thread 109" [_thread_blocked, id=6108, stack(0x000000297bc00000,0x000000297bd00000)]
  0x00000133c48104a0 JavaThread "Unconstrained build operations Thread 110" [_thread_blocked, id=8864, stack(0x000000297bd00000,0x000000297be00000)]
  0x00000133c4810ec0 JavaThread "Unconstrained build operations Thread 111" [_thread_blocked, id=21068, stack(0x000000297be00000,0x000000297bf00000)]
  0x00000133c4812810 JavaThread "Unconstrained build operations Thread 112" [_thread_blocked, id=24092, stack(0x000000297bf00000,0x000000297c000000)]
  0x00000133c480ff90 JavaThread "Unconstrained build operations Thread 113" [_thread_blocked, id=18312, stack(0x000000297c000000,0x000000297c100000)]
  0x00000133c480f060 JavaThread "Unconstrained build operations Thread 114" [_thread_blocked, id=14672, stack(0x000000297c100000,0x000000297c200000)]
  0x00000133c4813230 JavaThread "Unconstrained build operations Thread 115" [_thread_blocked, id=7900, stack(0x000000297c200000,0x000000297c300000)]
  0x00000133c4814b80 JavaThread "Unconstrained build operations Thread 116" [_thread_blocked, id=9368, stack(0x000000297c300000,0x000000297c400000)]
  0x00000133c4812d20 JavaThread "Unconstrained build operations Thread 117" [_thread_blocked, id=9904, stack(0x000000297c400000,0x000000297c500000)]
  0x00000133c4814160 JavaThread "Unconstrained build operations Thread 118" [_thread_blocked, id=7400, stack(0x000000297c500000,0x000000297c600000)]
  0x00000133c48113d0 JavaThread "Unconstrained build operations Thread 119" [_thread_blocked, id=18108, stack(0x000000297c600000,0x000000297c700000)]
  0x00000133c48118e0 JavaThread "Unconstrained build operations Thread 120" [_thread_blocked, id=3236, stack(0x000000297c700000,0x000000297c800000)]
  0x00000133c4815090 JavaThread "Unconstrained build operations Thread 121" [_thread_blocked, id=17328, stack(0x000000297c800000,0x000000297c900000)]
  0x00000133c4814670 JavaThread "Unconstrained build operations Thread 122" [_thread_blocked, id=18680, stack(0x000000297c900000,0x000000297ca00000)]
  0x00000133c48155a0 JavaThread "Unconstrained build operations Thread 123" [_thread_blocked, id=22900, stack(0x000000297ca00000,0x000000297cb00000)]
  0x00000133c4815ab0 JavaThread "Unconstrained build operations Thread 124" [_thread_blocked, id=21512, stack(0x000000297cb00000,0x000000297cc00000)]
  0x00000133c4815fc0 JavaThread "Unconstrained build operations Thread 125" [_thread_blocked, id=25540, stack(0x000000297cc00000,0x000000297cd00000)]
  0x00000133c48164d0 JavaThread "Unconstrained build operations Thread 126" [_thread_blocked, id=15884, stack(0x000000297cd00000,0x000000297ce00000)]
  0x00000133c48169e0 JavaThread "Unconstrained build operations Thread 127" [_thread_blocked, id=12832, stack(0x000000297ce00000,0x000000297cf00000)]
  0x00000133c4813c50 JavaThread "Unconstrained build operations Thread 128" [_thread_blocked, id=14960, stack(0x000000297cf00000,0x000000297d000000)]
  0x00000133c4813740 JavaThread "Unconstrained build operations Thread 129" [_thread_blocked, id=21528, stack(0x000000297d200000,0x000000297d300000)]
  0x00000133c3e9b690 JavaThread "Unconstrained build operations Thread 130" [_thread_blocked, id=22728, stack(0x000000297d300000,0x000000297d400000)]
  0x00000133c3e983f0 JavaThread "Unconstrained build operations Thread 131" [_thread_blocked, id=17976, stack(0x000000297d400000,0x000000297d500000)]
  0x00000133c3e99320 JavaThread "Unconstrained build operations Thread 132" [_thread_blocked, id=11012, stack(0x000000297d500000,0x000000297d600000)]
  0x00000133c3e99d40 JavaThread "Unconstrained build operations Thread 133" [_thread_blocked, id=16944, stack(0x000000297d600000,0x000000297d700000)]
  0x00000133c3e9a250 JavaThread "Unconstrained build operations Thread 134" [_thread_blocked, id=16348, stack(0x000000297d700000,0x000000297d800000)]
  0x00000133c3e9a760 JavaThread "Unconstrained build operations Thread 135" [_thread_blocked, id=25232, stack(0x000000297d800000,0x000000297d900000)]
  0x00000133c3e9ac70 JavaThread "Unconstrained build operations Thread 136" [_thread_blocked, id=15140, stack(0x000000297d900000,0x000000297da00000)]
  0x00000133c3e9b180 JavaThread "Unconstrained build operations Thread 137" [_thread_blocked, id=24136, stack(0x000000297da00000,0x000000297db00000)]
  0x00000133c3e97ee0 JavaThread "Unconstrained build operations Thread 138" [_thread_blocked, id=19044, stack(0x000000297db00000,0x000000297dc00000)]
  0x00000133c3e9bba0 JavaThread "Unconstrained build operations Thread 139" [_thread_blocked, id=10968, stack(0x000000297dc00000,0x000000297dd00000)]
  0x00000133c3e99830 JavaThread "Unconstrained build operations Thread 140" [_thread_blocked, id=11712, stack(0x000000297dd00000,0x000000297de00000)]
  0x00000133c3e9c0b0 JavaThread "Unconstrained build operations Thread 141" [_thread_blocked, id=24760, stack(0x000000297de00000,0x000000297df00000)]
  0x00000133c3e98900 JavaThread "Unconstrained build operations Thread 142" [_thread_blocked, id=7288, stack(0x000000297df00000,0x000000297e000000)]
  0x00000133c3e9c5c0 JavaThread "Unconstrained build operations Thread 143" [_thread_blocked, id=3892, stack(0x000000297e000000,0x000000297e100000)]
  0x00000133c3e98e10 JavaThread "Unconstrained build operations Thread 144" [_thread_blocked, id=21168, stack(0x000000297e100000,0x000000297e200000)]
  0x00000133c3e9d4f0 JavaThread "Unconstrained build operations Thread 145" [_thread_blocked, id=13344, stack(0x000000297e200000,0x000000297e300000)]
  0x00000133c3e9df10 JavaThread "Unconstrained build operations Thread 146" [_thread_blocked, id=14984, stack(0x000000297e300000,0x000000297e400000)]
  0x00000133c3e9da00 JavaThread "Unconstrained build operations Thread 147" [_thread_blocked, id=3204, stack(0x000000297e400000,0x000000297e500000)]
  0x00000133c3e9cad0 JavaThread "Unconstrained build operations Thread 148" [_thread_blocked, id=19876, stack(0x000000297e500000,0x000000297e600000)]
  0x00000133c3e9ee40 JavaThread "Unconstrained build operations Thread 149" [_thread_blocked, id=12160, stack(0x000000297e600000,0x000000297e700000)]
  0x00000133c3e9e930 JavaThread "Unconstrained build operations Thread 150" [_thread_blocked, id=24224, stack(0x000000297e700000,0x000000297e800000)]
  0x00000133c3ea0790 JavaThread "Cache worker for execution history cache (C:\Users\Asus\MAD\AwesomeProject\android\.gradle\8.3\executionHistory)" [_thread_blocked, id=23732, stack(0x000000297e800000,0x000000297e900000)]
  0x00000133c3e9cfe0 JavaThread "Unconstrained build operations Thread 151" [_thread_blocked, id=448, stack(0x000000297e900000,0x000000297ea00000)]
  0x00000133c3ea16c0 JavaThread "Unconstrained build operations Thread 152" [_thread_blocked, id=25324, stack(0x000000297ea00000,0x000000297eb00000)]
  0x00000133c3ea25f0 JavaThread "Unconstrained build operations Thread 153" [_thread_blocked, id=9604, stack(0x000000297eb00000,0x000000297ec00000)]
  0x00000133c3ea2b00 JavaThread "Unconstrained build operations Thread 154" [_thread_blocked, id=9956, stack(0x000000297ec00000,0x000000297ed00000)]
  0x00000133c3ea20e0 JavaThread "Unconstrained build operations Thread 155" [_thread_blocked, id=25360, stack(0x000000297ed00000,0x000000297ee00000)]
  0x00000133c3ea3010 JavaThread "Unconstrained build operations Thread 156" [_thread_blocked, id=11408, stack(0x000000297ee00000,0x000000297ef00000)]
  0x00000133c3e9f860 JavaThread "Unconstrained build operations Thread 157" [_thread_blocked, id=828, stack(0x000000297ef00000,0x000000297f000000)]
  0x00000133c3ea3a30 JavaThread "Unconstrained build operations Thread 158" [_thread_blocked, id=6676, stack(0x000000297f000000,0x000000297f100000)]
  0x00000133c3ea0ca0 JavaThread "Unconstrained build operations Thread 159" [_thread_blocked, id=18072, stack(0x000000297f100000,0x000000297f200000)]
  0x00000133c3ea11b0 JavaThread "Unconstrained build operations Thread 160" [_thread_blocked, id=1824, stack(0x000000297f200000,0x000000297f300000)]
  0x00000133c3ea1bd0 JavaThread "Unconstrained build operations Thread 161" [_thread_blocked, id=23068, stack(0x000000297f300000,0x000000297f400000)]
  0x00000133c3ea3520 JavaThread "Unconstrained build operations Thread 162" [_thread_blocked, id=7272, stack(0x000000297f400000,0x000000297f500000)]
  0x00000133c3ea0280 JavaThread "Unconstrained build operations Thread 163" [_thread_blocked, id=21872, stack(0x000000297f500000,0x000000297f600000)]
  0x00000133c3ea62b0 JavaThread "Unconstrained build operations Thread 164" [_thread_blocked, id=24456, stack(0x000000297f600000,0x000000297f700000)]
  0x00000133c3ea67c0 JavaThread "Unconstrained build operations Thread 165" [_thread_blocked, id=13360, stack(0x000000297f700000,0x000000297f800000)]
  0x00000133c3ea6cd0 JavaThread "Unconstrained build operations Thread 166" [_thread_blocked, id=4852, stack(0x000000297f800000,0x000000297f900000)]
  0x00000133c3ea71e0 JavaThread "Unconstrained build operations Thread 167" [_thread_blocked, id=14824, stack(0x000000297f900000,0x000000297fa00000)]
  0x00000133c3ea4450 JavaThread "Unconstrained build operations Thread 168" [_thread_blocked, id=24100, stack(0x000000297fa00000,0x000000297fb00000)]
  0x00000133c3ea76f0 JavaThread "Unconstrained build operations Thread 169" [_thread_blocked, id=24376, stack(0x000000297fb00000,0x000000297fc00000)]
  0x00000133c3ea4960 JavaThread "Unconstrained build operations Thread 170" [_thread_blocked, id=24884, stack(0x000000297fd00000,0x000000297fe00000)]
  0x00000133c3ea3f40 JavaThread "Unconstrained build operations Thread 171" [_thread_blocked, id=19608, stack(0x000000297fe00000,0x000000297ff00000)]
  0x00000133c3ea5890 JavaThread "Unconstrained build operations Thread 172" [_thread_blocked, id=1936, stack(0x000000297ff00000,0x0000002980000000)]
  0x00000133c3ea5da0 JavaThread "Unconstrained build operations Thread 173" [_thread_blocked, id=9188, stack(0x0000002900000000,0x0000002900100000)]
  0x00000133c3ea4e70 JavaThread "Unconstrained build operations Thread 174" [_thread_blocked, id=21244, stack(0x0000002900100000,0x0000002900200000)]
  0x00000133bcaa1a90 JavaThread "Unconstrained build operations Thread 175" [_thread_blocked, id=6896, stack(0x0000002900200000,0x0000002900300000)]
  0x00000133bcaa4310 JavaThread "Unconstrained build operations Thread 176" [_thread_blocked, id=2512, stack(0x0000002900300000,0x0000002900400000)]
  0x00000133bcaa1fa0 JavaThread "Unconstrained build operations Thread 177" [_thread_blocked, id=2248, stack(0x0000002900400000,0x0000002900500000)]
  0x00000133bcaa2ed0 JavaThread "Unconstrained build operations Thread 178" [_thread_blocked, id=1536, stack(0x0000002900500000,0x0000002900600000)]
  0x00000133bcaa0b60 JavaThread "Unconstrained build operations Thread 179" [_thread_blocked, id=21584, stack(0x0000002900600000,0x0000002900700000)]
  0x00000133bcaa24b0 JavaThread "Unconstrained build operations Thread 180" [_thread_blocked, id=17256, stack(0x0000002900700000,0x0000002900800000)]
  0x00000133bcaa1580 JavaThread "Unconstrained build operations Thread 181" [_thread_blocked, id=19668, stack(0x0000002900800000,0x0000002900900000)]
  0x00000133bcaa29c0 JavaThread "Unconstrained build operations Thread 182" [_thread_blocked, id=2852, stack(0x0000002900900000,0x0000002900a00000)]
  0x00000133bcaa33e0 JavaThread "Unconstrained build operations Thread 183" [_thread_blocked, id=1452, stack(0x0000002900a00000,0x0000002900b00000)]
  0x00000133bcaa38f0 JavaThread "Unconstrained build operations Thread 184" [_thread_blocked, id=21064, stack(0x0000002900b00000,0x0000002900c00000)]
  0x00000133bcaa3e00 JavaThread "Unconstrained build operations Thread 185" [_thread_blocked, id=24412, stack(0x0000002900c00000,0x0000002900d00000)]
  0x00000133bcaa4820 JavaThread "Unconstrained build operations Thread 186" [_thread_blocked, id=24076, stack(0x0000002900d00000,0x0000002900e00000)]
  0x00000133bcaa1070 JavaThread "Unconstrained build operations Thread 187" [_thread_blocked, id=18740, stack(0x0000002900e00000,0x0000002900f00000)]
  0x00000133bcaa7fd0 JavaThread "Unconstrained build operations Thread 188" [_thread_blocked, id=21264, stack(0x0000002900f00000,0x0000002901000000)]
  0x00000133bcaa7ac0 JavaThread "Unconstrained build operations Thread 189" [_thread_blocked, id=25052, stack(0x0000002901000000,0x0000002901100000)]
  0x00000133bcaa5c60 JavaThread "Unconstrained build operations Thread 190" [_thread_blocked, id=3512, stack(0x0000002901100000,0x0000002901200000)]
  0x00000133bcaa6680 JavaThread "Unconstrained build operations Thread 191" [_thread_blocked, id=23500, stack(0x0000002901200000,0x0000002901300000)]
  0x00000133bcaa6b90 JavaThread "Unconstrained build operations Thread 192" [_thread_blocked, id=20808, stack(0x0000002901300000,0x0000002901400000)]
  0x00000133bcaa5240 JavaThread "Unconstrained build operations Thread 193" [_thread_blocked, id=17728, stack(0x0000002901400000,0x0000002901500000)]
  0x00000133bcaa70a0 JavaThread "Unconstrained build operations Thread 194" [_thread_blocked, id=22944, stack(0x0000002901500000,0x0000002901600000)]
  0x00000133bcaa84e0 JavaThread "Unconstrained build operations Thread 195" [_thread_blocked, id=20172, stack(0x0000002901600000,0x0000002901700000)]
  0x00000133bcaa75b0 JavaThread "Unconstrained build operations Thread 196" [_thread_blocked, id=20488, stack(0x0000002901700000,0x0000002901800000)]
  0x00000133bcaa4d30 JavaThread "Unconstrained build operations Thread 197" [_thread_blocked, id=796, stack(0x0000002901800000,0x0000002901900000)]
  0x00000133bcaa89f0 JavaThread "Unconstrained build operations Thread 198" [_thread_blocked, id=19888, stack(0x0000002901900000,0x0000002901a00000)]
  0x00000133bcaa8f00 JavaThread "Unconstrained build operations Thread 199" [_thread_blocked, id=1020, stack(0x0000002901a00000,0x0000002901b00000)]
  0x00000133bcaa5750 JavaThread "Unconstrained build operations Thread 200" [_thread_blocked, id=12828, stack(0x0000002901b00000,0x0000002901c00000)]
  0x00000133bcaa6170 JavaThread "WorkerExecutor Queue" [_thread_in_native, id=22592, stack(0x0000002901d00000,0x0000002901e00000)]
  0x00000133bcaac1a0 JavaThread "RMI Scheduler(0)" daemon [_thread_blocked, id=9008, stack(0x0000002901c00000,0x0000002901d00000)]
  0x00000133bcaac6b0 JavaThread "RMI RenewClean-[127.0.0.1:17144,org.jetbrains.kotlin.daemon.common.LoopbackNetworkInterface$ClientLoopbackSocketFactory@7166bde8]" daemon [_thread_blocked, id=20156, stack(0x0000002901e00000,0x0000002901f00000)]
  0x00000133bcaacbc0 JavaThread "RMI GC Daemon" daemon [_thread_blocked, id=7660, stack(0x0000002901f00000,0x0000002902000000)]
  0x00000133bcaad0d0 JavaThread "WorkerExecutor Queue Thread 2" [_thread_in_native, id=1860, stack(0x0000002902000000,0x0000002902100000)]
  0x00000133bcaa9920 JavaThread "RMI TCP Accept-0" daemon [_thread_in_native, id=14596, stack(0x0000002902100000,0x0000002902200000)]
  0x00000133bcaa9e30 JavaThread "RMI Reaper" [_thread_blocked, id=21196, stack(0x0000002902200000,0x0000002902300000)]
  0x00000133baf0e1f0 JavaThread "C2 CompilerThread1" daemon [_thread_blocked, id=16668, stack(0x0000002902300000,0x0000002902400000)]
  0x00000133bcaad5e0 JavaThread "RMI RenewClean-[127.0.0.1:17144,org.jetbrains.kotlin.daemon.common.LoopbackNetworkInterface$ClientLoopbackSocketFactory@493a311b]" daemon [_thread_blocked, id=16828, stack(0x0000002902400000,0x0000002902500000)]
  0x00000133bcaadaf0 JavaThread "RMI TCP Connection(1)-127.0.0.1" daemon [_thread_in_native, id=21188, stack(0x0000002902500000,0x0000002902600000)]
  0x00000133bcaaa340 JavaThread "RMI TCP Connection(2)-127.0.0.1" daemon [_thread_in_native, id=19776, stack(0x0000002902600000,0x0000002902700000)]
  0x00000133baf0bcc0 JavaThread "C1 CompilerThread2" daemon [_thread_blocked, id=24216, stack(0x0000002902700000,0x0000002902800000)]
  0x0000013398cc3e70 JavaThread "C1 CompilerThread3" daemon [_thread_blocked, id=14108, stack(0x0000002902800000,0x0000002902900000)]

Other Threads:
=>0x00000133ffc91590 VMThread "VM Thread" [stack: 0x000000296da00000,0x000000296db00000] [id=24872]
  0x0000013398d49590 WatcherThread [stack: 0x000000296ea00000,0x000000296eb00000] [id=19736]
  0x00000133f94d3390 GCTaskThread "GC Thread#0" [stack: 0x000000296d500000,0x000000296d600000] [id=13452]
  0x00000133b87de010 GCTaskThread "GC Thread#1" [stack: 0x000000296ec00000,0x000000296ed00000] [id=20320]
  0x00000133b87de2d0 GCTaskThread "GC Thread#2" [stack: 0x000000296ed00000,0x000000296ee00000] [id=17744]
  0x00000133b87de590 GCTaskThread "GC Thread#3" [stack: 0x000000296ee00000,0x000000296ef00000] [id=5428]
  0x00000133b87de850 GCTaskThread "GC Thread#4" [stack: 0x000000296ef00000,0x000000296f000000] [id=24420]
  0x00000133b8064750 GCTaskThread "GC Thread#5" [stack: 0x000000296f000000,0x000000296f100000] [id=1112]
  0x00000133b96a83b0 GCTaskThread "GC Thread#6" [stack: 0x0000002970000000,0x0000002970100000] [id=14224]
  0x00000133bb712d90 GCTaskThread "GC Thread#7" [stack: 0x0000002970100000,0x0000002970200000] [id=17476]
  0x00000133bc8a2740 GCTaskThread "GC Thread#8" [stack: 0x0000002970200000,0x0000002970300000] [id=17212]
  0x00000133bc8a2a00 GCTaskThread "GC Thread#9" [stack: 0x0000002970300000,0x0000002970400000] [id=23528]
  0x00000133bca27930 GCTaskThread "GC Thread#10" [stack: 0x0000002970400000,0x0000002970500000] [id=25420]
  0x00000133bca27eb0 GCTaskThread "GC Thread#11" [stack: 0x0000002970500000,0x0000002970600000] [id=24368]
  0x00000133bca27bf0 GCTaskThread "GC Thread#12" [stack: 0x0000002970600000,0x0000002970700000] [id=16904]
  0x00000133bca286f0 GCTaskThread "GC Thread#13" [stack: 0x0000002970700000,0x0000002970800000] [id=24976]
  0x00000133bca28170 GCTaskThread "GC Thread#14" [stack: 0x0000002970800000,0x0000002970900000] [id=19916]
  0x00000133f94e5660 ConcurrentGCThread "G1 Main Marker" [stack: 0x000000296d600000,0x000000296d700000] [id=23728]
  0x00000133f94e5f90 ConcurrentGCThread "G1 Conc#0" [stack: 0x000000296d700000,0x000000296d800000] [id=22480]
  0x00000133bca273b0 ConcurrentGCThread "G1 Conc#1" [stack: 0x0000002970d00000,0x0000002970e00000] [id=16108]
  0x00000133bca28430 ConcurrentGCThread "G1 Conc#2" [stack: 0x0000002970e00000,0x0000002970f00000] [id=9592]
  0x00000133bca26b70 ConcurrentGCThread "G1 Conc#3" [stack: 0x0000002970f00000,0x0000002971000000] [id=16372]
  0x00000133ffba4ab0 ConcurrentGCThread "G1 Refine#0" [stack: 0x000000296d800000,0x000000296d900000] [id=17816]
  0x00000133bb120260 ConcurrentGCThread "G1 Refine#1" [stack: 0x0000002979b00000,0x0000002979c00000] [id=3944]
  0x00000133bb11ff70 ConcurrentGCThread "G1 Refine#2" [stack: 0x0000002979c00000,0x0000002979d00000] [id=20180]
  0x00000133bb121fc0 ConcurrentGCThread "G1 Refine#3" [stack: 0x0000002979d00000,0x0000002979e00000] [id=20872]
  0x00000133ffba61a0 ConcurrentGCThread "G1 Service" [stack: 0x000000296d900000,0x000000296da00000] [id=21628]

Threads with active compile tasks:
C2 CompilerThread0    41061 19642       4       com.android.tools.r8.internal.GQ::a (169 bytes)
C1 CompilerThread0    41062 19652       2       com.android.tools.r8.graph.t0::x (11 bytes)
C1 CompilerThread1    41062 19650       2       com.android.tools.r8.graph.t0::a (77 bytes)
C2 CompilerThread1    41062 19093       4       com.android.tools.r8.internal.Ia::a (4479 bytes)
C1 CompilerThread2    41062 19653       2       com.android.tools.r8.graph.j2::b (30 bytes)
C1 CompilerThread3    41062 19651       1       com.android.tools.r8.graph.T0::S0 (5 bytes)

VM state: at safepoint (normal execution)

VM Mutex/Monitor currently owned by a thread:  ([mutex/lock_event])
[0x00000133f714a520] Threads_lock - owner thread: 0x00000133ffc91590
[0x00000133f9471210] Heap_lock - owner thread: 0x00000133c3ea71e0

Heap address: 0x0000000080000000, size: 2048 MB, Compressed Oops mode: 32-bit

CDS archive(s) mapped at: [0x0000013399000000-0x0000013399bb0000-0x0000013399bb0000), size 12255232, SharedBaseAddress: 0x0000013399000000, ArchiveRelocationMode: 1.
Compressed class space mapped at: 0x000001339a000000-0x00000133b4000000, reserved size: 436207616
Narrow klass base: 0x0000013399000000, Narrow klass shift: 0, Narrow klass range: 0x100000000

GC Precious Log:
 CPUs: 20 total, 20 available
 Memory: 16007M
 Large Page Support: Disabled
 NUMA Support: Disabled
 Compressed Oops: Enabled (32-bit)
 Heap Region Size: 1M
 Heap Min Capacity: 8M
 Heap Initial Capacity: 252M
 Heap Max Capacity: 2G
 Pre-touch: Disabled
 Parallel Workers: 15
 Concurrent Workers: 4
 Concurrent Refinement Workers: 15
 Periodic GC: Disabled

Heap:
 garbage-first heap   total 365568K, used 255138K [0x0000000080000000, 0x0000000100000000)
  region size 1024K, 9 young (9216K), 9 survivors (9216K)
 Metaspace       used 124561K, committed 125760K, reserved 557056K
  class space    used 18154K, committed 18752K, reserved 425984K

Heap Regions: E=young(eden), S=young(survivor), O=old, HS=humongous(starts), HC=humongous(continues), CS=collection set, F=free, OA=open archive, CA=closed archive, TAMS=top-at-mark-start (previous, next)
|   0|0x0000000080000000, 0x0000000080100000, 0x0000000080100000|100%|HS|  |TAMS 0x0000000080100000, 0x0000000080100000| Complete 
|   1|0x0000000080100000, 0x0000000080200000, 0x0000000080200000|100%|HC|  |TAMS 0x0000000080200000, 0x0000000080200000| Complete 
|   2|0x0000000080200000, 0x0000000080300000, 0x0000000080300000|100%|HC|  |TAMS 0x0000000080300000, 0x0000000080300000| Complete 
|   3|0x0000000080300000, 0x0000000080400000, 0x0000000080400000|100%|HC|  |TAMS 0x0000000080400000, 0x0000000080400000| Complete 
|   4|0x0000000080400000, 0x0000000080500000, 0x0000000080500000|100%| O|  |TAMS 0x0000000080500000, 0x0000000080500000| Untracked 
|   5|0x0000000080500000, 0x0000000080600000, 0x0000000080600000|100%| O|  |TAMS 0x0000000080600000, 0x0000000080600000| Untracked 
|   6|0x0000000080600000, 0x0000000080700000, 0x0000000080700000|100%| O|  |TAMS 0x0000000080700000, 0x0000000080700000| Untracked 
|   7|0x0000000080700000, 0x0000000080800000, 0x0000000080800000|100%| O|  |TAMS 0x0000000080800000, 0x0000000080800000| Untracked 
|   8|0x0000000080800000, 0x0000000080900000, 0x0000000080900000|100%| O|  |TAMS 0x0000000080900000, 0x0000000080900000| Untracked 
|   9|0x0000000080900000, 0x0000000080a00000, 0x0000000080a00000|100%| O|  |TAMS 0x0000000080a00000, 0x0000000080a00000| Untracked 
|  10|0x0000000080a00000, 0x0000000080b00000, 0x0000000080b00000|100%| O|  |TAMS 0x0000000080b00000, 0x0000000080b00000| Untracked 
|  11|0x0000000080b00000, 0x0000000080c00000, 0x0000000080c00000|100%| O|  |TAMS 0x0000000080c00000, 0x0000000080c00000| Untracked 
|  12|0x0000000080c00000, 0x0000000080d00000, 0x0000000080d00000|100%| O|  |TAMS 0x0000000080d00000, 0x0000000080d00000| Untracked 
|  13|0x0000000080d00000, 0x0000000080e00000, 0x0000000080e00000|100%| O|  |TAMS 0x0000000080e00000, 0x0000000080e00000| Untracked 
|  14|0x0000000080e00000, 0x0000000080f00000, 0x0000000080f00000|100%| O|  |TAMS 0x0000000080f00000, 0x0000000080f00000| Untracked 
|  15|0x0000000080f00000, 0x0000000081000000, 0x0000000081000000|100%| O|  |TAMS 0x0000000081000000, 0x0000000081000000| Untracked 
|  16|0x0000000081000000, 0x0000000081100000, 0x0000000081100000|100%| O|  |TAMS 0x0000000081100000, 0x0000000081100000| Untracked 
|  17|0x0000000081100000, 0x0000000081200000, 0x0000000081200000|100%| O|  |TAMS 0x0000000081200000, 0x0000000081200000| Untracked 
|  18|0x0000000081200000, 0x0000000081300000, 0x0000000081300000|100%| O|  |TAMS 0x0000000081300000, 0x0000000081300000| Untracked 
|  19|0x0000000081300000, 0x0000000081400000, 0x0000000081400000|100%| O|  |TAMS 0x0000000081400000, 0x0000000081400000| Untracked 
|  20|0x0000000081400000, 0x0000000081500000, 0x0000000081500000|100%| O|  |TAMS 0x0000000081500000, 0x0000000081500000| Untracked 
|  21|0x0000000081500000, 0x0000000081600000, 0x0000000081600000|100%| O|  |TAMS 0x0000000081600000, 0x0000000081600000| Untracked 
|  22|0x0000000081600000, 0x0000000081700000, 0x0000000081700000|100%| O|  |TAMS 0x0000000081700000, 0x0000000081700000| Untracked 
|  23|0x0000000081700000, 0x0000000081800000, 0x0000000081800000|100%| O|  |TAMS 0x0000000081800000, 0x0000000081800000| Untracked 
|  24|0x0000000081800000, 0x0000000081900000, 0x0000000081900000|100%| O|  |TAMS 0x0000000081900000, 0x0000000081900000| Untracked 
|  25|0x0000000081900000, 0x0000000081a00000, 0x0000000081a00000|100%| O|  |TAMS 0x0000000081a00000, 0x0000000081a00000| Untracked 
|  26|0x0000000081a00000, 0x0000000081b00000, 0x0000000081b00000|100%| O|  |TAMS 0x0000000081b00000, 0x0000000081b00000| Untracked 
|  27|0x0000000081b00000, 0x0000000081c00000, 0x0000000081c00000|100%| O|  |TAMS 0x0000000081c00000, 0x0000000081c00000| Untracked 
|  28|0x0000000081c00000, 0x0000000081d00000, 0x0000000081d00000|100%| O|  |TAMS 0x0000000081d00000, 0x0000000081d00000| Untracked 
|  29|0x0000000081d00000, 0x0000000081e00000, 0x0000000081e00000|100%| O|  |TAMS 0x0000000081e00000, 0x0000000081e00000| Untracked 
|  30|0x0000000081e00000, 0x0000000081f00000, 0x0000000081f00000|100%|HS|  |TAMS 0x0000000081f00000, 0x0000000081f00000| Complete 
|  31|0x0000000081f00000, 0x0000000082000000, 0x0000000082000000|100%|HC|  |TAMS 0x0000000082000000, 0x0000000082000000| Complete 
|  32|0x0000000082000000, 0x0000000082100000, 0x0000000082100000|100%| O|  |TAMS 0x0000000082100000, 0x0000000082100000| Untracked 
|  33|0x0000000082100000, 0x0000000082200000, 0x0000000082200000|100%| O|  |TAMS 0x0000000082200000, 0x0000000082200000| Untracked 
|  34|0x0000000082200000, 0x0000000082300000, 0x0000000082300000|100%| O|  |TAMS 0x0000000082300000, 0x0000000082300000| Untracked 
|  35|0x0000000082300000, 0x0000000082400000, 0x0000000082400000|100%| O|  |TAMS 0x0000000082400000, 0x0000000082400000| Untracked 
|  36|0x0000000082400000, 0x0000000082500000, 0x0000000082500000|100%| O|  |TAMS 0x0000000082500000, 0x0000000082500000| Untracked 
|  37|0x0000000082500000, 0x0000000082600000, 0x0000000082600000|100%| O|  |TAMS 0x0000000082600000, 0x0000000082600000| Untracked 
|  38|0x0000000082600000, 0x0000000082700000, 0x0000000082700000|100%|HS|  |TAMS 0x0000000082700000, 0x0000000082700000| Complete 
|  39|0x0000000082700000, 0x0000000082800000, 0x0000000082800000|100%|HC|  |TAMS 0x0000000082800000, 0x0000000082800000| Complete 
|  40|0x0000000082800000, 0x0000000082900000, 0x0000000082900000|100%| O|  |TAMS 0x0000000082900000, 0x0000000082900000| Untracked 
|  41|0x0000000082900000, 0x0000000082a00000, 0x0000000082a00000|100%|HS|  |TAMS 0x0000000082a00000, 0x0000000082a00000| Complete 
|  42|0x0000000082a00000, 0x0000000082b00000, 0x0000000082b00000|100%|HC|  |TAMS 0x0000000082b00000, 0x0000000082b00000| Complete 
|  43|0x0000000082b00000, 0x0000000082c00000, 0x0000000082c00000|100%|HC|  |TAMS 0x0000000082c00000, 0x0000000082c00000| Complete 
|  44|0x0000000082c00000, 0x0000000082d00000, 0x0000000082d00000|100%|HC|  |TAMS 0x0000000082d00000, 0x0000000082d00000| Complete 
|  45|0x0000000082d00000, 0x0000000082e00000, 0x0000000082e00000|100%| O|  |TAMS 0x0000000082e00000, 0x0000000082e00000| Untracked 
|  46|0x0000000082e00000, 0x0000000082f00000, 0x0000000082f00000|100%| O|  |TAMS 0x0000000082f00000, 0x0000000082f00000| Untracked 
|  47|0x0000000082f00000, 0x0000000083000000, 0x0000000083000000|100%| O|  |TAMS 0x0000000083000000, 0x0000000083000000| Untracked 
|  48|0x0000000083000000, 0x0000000083100000, 0x0000000083100000|100%| O|  |TAMS 0x0000000083100000, 0x0000000083100000| Untracked 
|  49|0x0000000083100000, 0x0000000083200000, 0x0000000083200000|100%|HS|  |TAMS 0x0000000083200000, 0x0000000083200000| Complete 
|  50|0x0000000083200000, 0x0000000083300000, 0x0000000083300000|100%|HC|  |TAMS 0x0000000083300000, 0x0000000083300000| Complete 
|  51|0x0000000083300000, 0x0000000083400000, 0x0000000083400000|100%|HC|  |TAMS 0x0000000083400000, 0x0000000083400000| Complete 
|  52|0x0000000083400000, 0x0000000083500000, 0x0000000083500000|100%|HC|  |TAMS 0x0000000083500000, 0x0000000083500000| Complete 
|  53|0x0000000083500000, 0x0000000083600000, 0x0000000083600000|100%| O|  |TAMS 0x0000000083600000, 0x0000000083600000| Untracked 
|  54|0x0000000083600000, 0x0000000083700000, 0x0000000083700000|100%| O|  |TAMS 0x0000000083700000, 0x0000000083700000| Untracked 
|  55|0x0000000083700000, 0x0000000083800000, 0x0000000083800000|100%| O|  |TAMS 0x0000000083800000, 0x0000000083800000| Untracked 
|  56|0x0000000083800000, 0x0000000083900000, 0x0000000083900000|100%| O|  |TAMS 0x0000000083900000, 0x0000000083900000| Untracked 
|  57|0x0000000083900000, 0x0000000083a00000, 0x0000000083a00000|100%| O|  |TAMS 0x0000000083a00000, 0x0000000083a00000| Untracked 
|  58|0x0000000083a00000, 0x0000000083b00000, 0x0000000083b00000|100%|HS|  |TAMS 0x0000000083b00000, 0x0000000083b00000| Complete 
|  59|0x0000000083b00000, 0x0000000083c00000, 0x0000000083c00000|100%|HS|  |TAMS 0x0000000083c00000, 0x0000000083c00000| Complete 
|  60|0x0000000083c00000, 0x0000000083d00000, 0x0000000083d00000|100%|HS|  |TAMS 0x0000000083d00000, 0x0000000083d00000| Complete 
|  61|0x0000000083d00000, 0x0000000083e00000, 0x0000000083e00000|100%| O|  |TAMS 0x0000000083e00000, 0x0000000083e00000| Untracked 
|  62|0x0000000083e00000, 0x0000000083f00000, 0x0000000083f00000|100%|HS|  |TAMS 0x0000000083f00000, 0x0000000083f00000| Complete 
|  63|0x0000000083f00000, 0x0000000084000000, 0x0000000084000000|100%| O|  |TAMS 0x0000000084000000, 0x0000000084000000| Untracked 
|  64|0x0000000084000000, 0x0000000084100000, 0x0000000084100000|100%| O|  |TAMS 0x0000000084100000, 0x0000000084100000| Untracked 
|  65|0x0000000084100000, 0x0000000084200000, 0x0000000084200000|100%| O|  |TAMS 0x0000000084200000, 0x0000000084200000| Untracked 
|  66|0x0000000084200000, 0x0000000084300000, 0x0000000084300000|100%| O|  |TAMS 0x0000000084300000, 0x0000000084300000| Untracked 
|  67|0x0000000084300000, 0x0000000084400000, 0x0000000084400000|100%| O|  |TAMS 0x0000000084400000, 0x0000000084400000| Untracked 
|  68|0x0000000084400000, 0x0000000084500000, 0x0000000084500000|100%| O|  |TAMS 0x0000000084500000, 0x0000000084500000| Untracked 
|  69|0x0000000084500000, 0x0000000084600000, 0x0000000084600000|100%| O|  |TAMS 0x0000000084600000, 0x0000000084600000| Untracked 
|  70|0x0000000084600000, 0x0000000084700000, 0x0000000084700000|100%| O|  |TAMS 0x0000000084700000, 0x0000000084700000| Untracked 
|  71|0x0000000084700000, 0x0000000084800000, 0x0000000084800000|100%| O|  |TAMS 0x0000000084800000, 0x0000000084800000| Untracked 
|  72|0x0000000084800000, 0x0000000084900000, 0x0000000084900000|100%| O|  |TAMS 0x0000000084900000, 0x0000000084900000| Untracked 
|  73|0x0000000084900000, 0x0000000084a00000, 0x0000000084a00000|100%| O|  |TAMS 0x0000000084a00000, 0x0000000084a00000| Untracked 
|  74|0x0000000084a00000, 0x0000000084b00000, 0x0000000084b00000|100%| O|  |TAMS 0x0000000084b00000, 0x0000000084b00000| Untracked 
|  75|0x0000000084b00000, 0x0000000084c00000, 0x0000000084c00000|100%| O|  |TAMS 0x0000000084c00000, 0x0000000084c00000| Untracked 
|  76|0x0000000084c00000, 0x0000000084d00000, 0x0000000084d00000|100%| O|  |TAMS 0x0000000084d00000, 0x0000000084d00000| Untracked 
|  77|0x0000000084d00000, 0x0000000084e00000, 0x0000000084e00000|100%| O|  |TAMS 0x0000000084e00000, 0x0000000084e00000| Untracked 
|  78|0x0000000084e00000, 0x0000000084f00000, 0x0000000084f00000|100%| O|  |TAMS 0x0000000084f00000, 0x0000000084f00000| Untracked 
|  79|0x0000000084f00000, 0x0000000085000000, 0x0000000085000000|100%| O|  |TAMS 0x0000000085000000, 0x0000000085000000| Untracked 
|  80|0x0000000085000000, 0x0000000085100000, 0x0000000085100000|100%| O|  |TAMS 0x0000000085100000, 0x0000000085100000| Untracked 
|  81|0x0000000085100000, 0x0000000085200000, 0x0000000085200000|100%| O|  |TAMS 0x0000000085200000, 0x0000000085200000| Untracked 
|  82|0x0000000085200000, 0x0000000085300000, 0x0000000085300000|100%| O|  |TAMS 0x0000000085300000, 0x0000000085300000| Untracked 
|  83|0x0000000085300000, 0x0000000085400000, 0x0000000085400000|100%| O|  |TAMS 0x0000000085400000, 0x0000000085400000| Untracked 
|  84|0x0000000085400000, 0x0000000085500000, 0x0000000085500000|100%| O|  |TAMS 0x0000000085500000, 0x0000000085500000| Untracked 
|  85|0x0000000085500000, 0x0000000085600000, 0x0000000085600000|100%|HS|  |TAMS 0x0000000085600000, 0x0000000085600000| Complete 
|  86|0x0000000085600000, 0x0000000085700000, 0x0000000085700000|100%|HS|  |TAMS 0x0000000085700000, 0x0000000085700000| Complete 
|  87|0x0000000085700000, 0x0000000085800000, 0x0000000085800000|100%|HS|  |TAMS 0x0000000085800000, 0x0000000085800000| Complete 
|  88|0x0000000085800000, 0x0000000085900000, 0x0000000085900000|100%|HS|  |TAMS 0x0000000085900000, 0x0000000085900000| Complete 
|  89|0x0000000085900000, 0x0000000085a00000, 0x0000000085a00000|100%|HC|  |TAMS 0x0000000085a00000, 0x0000000085a00000| Complete 
|  90|0x0000000085a00000, 0x0000000085b00000, 0x0000000085b00000|100%| O|  |TAMS 0x0000000085b00000, 0x0000000085b00000| Untracked 
|  91|0x0000000085b00000, 0x0000000085c00000, 0x0000000085c00000|100%| O|  |TAMS 0x0000000085c00000, 0x0000000085c00000| Untracked 
|  92|0x0000000085c00000, 0x0000000085d00000, 0x0000000085d00000|100%| O|  |TAMS 0x0000000085d00000, 0x0000000085d00000| Untracked 
|  93|0x0000000085d00000, 0x0000000085e00000, 0x0000000085e00000|100%| O|  |TAMS 0x0000000085e00000, 0x0000000085e00000| Untracked 
|  94|0x0000000085e00000, 0x0000000085f00000, 0x0000000085f00000|100%| O|  |TAMS 0x0000000085f00000, 0x0000000085f00000| Untracked 
|  95|0x0000000085f00000, 0x0000000086000000, 0x0000000086000000|100%| O|  |TAMS 0x0000000086000000, 0x0000000086000000| Untracked 
|  96|0x0000000086000000, 0x0000000086100000, 0x0000000086100000|100%| O|  |TAMS 0x0000000086100000, 0x0000000086100000| Untracked 
|  97|0x0000000086100000, 0x0000000086200000, 0x0000000086200000|100%| O|  |TAMS 0x0000000086200000, 0x0000000086200000| Untracked 
|  98|0x0000000086200000, 0x0000000086300000, 0x0000000086300000|100%|HS|  |TAMS 0x0000000086300000, 0x0000000086300000| Complete 
|  99|0x0000000086300000, 0x0000000086400000, 0x0000000086400000|100%|HS|  |TAMS 0x0000000086400000, 0x0000000086400000| Complete 
| 100|0x0000000086400000, 0x0000000086500000, 0x0000000086500000|100%| O|  |TAMS 0x0000000086500000, 0x0000000086500000| Untracked 
| 101|0x0000000086500000, 0x0000000086600000, 0x0000000086600000|100%| O|  |TAMS 0x0000000086600000, 0x0000000086600000| Untracked 
| 102|0x0000000086600000, 0x0000000086700000, 0x0000000086700000|100%| O|  |TAMS 0x0000000086700000, 0x0000000086700000| Untracked 
| 103|0x0000000086700000, 0x0000000086800000, 0x0000000086800000|100%| O|  |TAMS 0x0000000086800000, 0x0000000086800000| Untracked 
| 104|0x0000000086800000, 0x0000000086900000, 0x0000000086900000|100%| O|  |TAMS 0x0000000086900000, 0x0000000086900000| Untracked 
| 105|0x0000000086900000, 0x0000000086a00000, 0x0000000086a00000|100%| O|  |TAMS 0x0000000086a00000, 0x0000000086a00000| Untracked 
| 106|0x0000000086a00000, 0x0000000086b00000, 0x0000000086b00000|100%| O|  |TAMS 0x0000000086b00000, 0x0000000086b00000| Untracked 
| 107|0x0000000086b00000, 0x0000000086c00000, 0x0000000086c00000|100%| O|  |TAMS 0x0000000086c00000, 0x0000000086c00000| Untracked 
| 108|0x0000000086c00000, 0x0000000086d00000, 0x0000000086d00000|100%| O|  |TAMS 0x0000000086d00000, 0x0000000086d00000| Untracked 
| 109|0x0000000086d00000, 0x0000000086e00000, 0x0000000086e00000|100%| O|  |TAMS 0x0000000086e00000, 0x0000000086e00000| Untracked 
| 110|0x0000000086e00000, 0x0000000086f00000, 0x0000000086f00000|100%| O|  |TAMS 0x0000000086f00000, 0x0000000086f00000| Untracked 
| 111|0x0000000086f00000, 0x0000000087000000, 0x0000000087000000|100%| O|  |TAMS 0x0000000087000000, 0x0000000087000000| Untracked 
| 112|0x0000000087000000, 0x0000000087100000, 0x0000000087100000|100%| O|  |TAMS 0x0000000087100000, 0x0000000087100000| Untracked 
| 113|0x0000000087100000, 0x0000000087200000, 0x0000000087200000|100%| O|  |TAMS 0x0000000087200000, 0x0000000087200000| Untracked 
| 114|0x0000000087200000, 0x0000000087300000, 0x0000000087300000|100%| O|  |TAMS 0x0000000087300000, 0x0000000087300000| Untracked 
| 115|0x0000000087300000, 0x0000000087400000, 0x0000000087400000|100%| O|  |TAMS 0x0000000087400000, 0x0000000087400000| Untracked 
| 116|0x0000000087400000, 0x0000000087500000, 0x0000000087500000|100%| O|  |TAMS 0x0000000087500000, 0x0000000087500000| Untracked 
| 117|0x0000000087500000, 0x0000000087600000, 0x0000000087600000|100%| O|  |TAMS 0x0000000087600000, 0x0000000087600000| Untracked 
| 118|0x0000000087600000, 0x0000000087700000, 0x0000000087700000|100%| O|  |TAMS 0x0000000087700000, 0x0000000087700000| Untracked 
| 119|0x0000000087700000, 0x0000000087800000, 0x0000000087800000|100%| O|  |TAMS 0x0000000087800000, 0x0000000087800000| Untracked 
| 120|0x0000000087800000, 0x0000000087900000, 0x0000000087900000|100%| O|  |TAMS 0x0000000087900000, 0x0000000087900000| Untracked 
| 121|0x0000000087900000, 0x0000000087a00000, 0x0000000087a00000|100%| O|  |TAMS 0x0000000087a00000, 0x0000000087a00000| Untracked 
| 122|0x0000000087a00000, 0x0000000087b00000, 0x0000000087b00000|100%| O|  |TAMS 0x0000000087b00000, 0x0000000087b00000| Untracked 
| 123|0x0000000087b00000, 0x0000000087c00000, 0x0000000087c00000|100%| O|  |TAMS 0x0000000087c00000, 0x0000000087c00000| Untracked 
| 124|0x0000000087c00000, 0x0000000087d00000, 0x0000000087d00000|100%| O|  |TAMS 0x0000000087c00000, 0x0000000087d00000| Untracked 
| 125|0x0000000087d00000, 0x0000000087e00000, 0x0000000087e00000|100%| O|  |TAMS 0x0000000087e00000, 0x0000000087e00000| Untracked 
| 126|0x0000000087e00000, 0x0000000087f00000, 0x0000000087f00000|100%| O|  |TAMS 0x0000000087f00000, 0x0000000087f00000| Untracked 
| 127|0x0000000087f00000, 0x0000000088000000, 0x0000000088000000|100%| O|  |TAMS 0x0000000088000000, 0x0000000088000000| Untracked 
| 128|0x0000000088000000, 0x0000000088100000, 0x0000000088100000|100%| O|  |TAMS 0x0000000088100000, 0x0000000088100000| Untracked 
| 129|0x0000000088100000, 0x0000000088200000, 0x0000000088200000|100%| O|  |TAMS 0x0000000088200000, 0x0000000088200000| Untracked 
| 130|0x0000000088200000, 0x0000000088300000, 0x0000000088300000|100%| O|  |TAMS 0x0000000088300000, 0x0000000088300000| Untracked 
| 131|0x0000000088300000, 0x0000000088400000, 0x0000000088400000|100%| O|  |TAMS 0x0000000088400000, 0x0000000088400000| Untracked 
| 132|0x0000000088400000, 0x0000000088500000, 0x0000000088500000|100%| O|  |TAMS 0x0000000088500000, 0x0000000088500000| Untracked 
| 133|0x0000000088500000, 0x0000000088600000, 0x0000000088600000|100%| O|  |TAMS 0x0000000088600000, 0x0000000088600000| Untracked 
| 134|0x0000000088600000, 0x0000000088700000, 0x0000000088700000|100%| O|  |TAMS 0x0000000088700000, 0x0000000088700000| Untracked 
| 135|0x0000000088700000, 0x0000000088800000, 0x0000000088800000|100%| O|  |TAMS 0x0000000088800000, 0x0000000088800000| Untracked 
| 136|0x0000000088800000, 0x0000000088900000, 0x0000000088900000|100%| O|  |TAMS 0x0000000088900000, 0x0000000088900000| Untracked 
| 137|0x0000000088900000, 0x0000000088a00000, 0x0000000088a00000|100%| O|  |TAMS 0x0000000088a00000, 0x0000000088a00000| Untracked 
| 138|0x0000000088a00000, 0x0000000088b00000, 0x0000000088b00000|100%| O|  |TAMS 0x0000000088b00000, 0x0000000088b00000| Untracked 
| 139|0x0000000088b00000, 0x0000000088c00000, 0x0000000088c00000|100%| O|  |TAMS 0x0000000088c00000, 0x0000000088c00000| Untracked 
| 140|0x0000000088c00000, 0x0000000088d00000, 0x0000000088d00000|100%| O|  |TAMS 0x0000000088d00000, 0x0000000088d00000| Untracked 
| 141|0x0000000088d00000, 0x0000000088e00000, 0x0000000088e00000|100%| O|  |TAMS 0x0000000088e00000, 0x0000000088e00000| Untracked 
| 142|0x0000000088e00000, 0x0000000088f00000, 0x0000000088f00000|100%| O|  |TAMS 0x0000000088f00000, 0x0000000088f00000| Untracked 
| 143|0x0000000088f00000, 0x0000000089000000, 0x0000000089000000|100%| O|  |TAMS 0x0000000089000000, 0x0000000089000000| Untracked 
| 144|0x0000000089000000, 0x0000000089100000, 0x0000000089100000|100%| O|  |TAMS 0x0000000089100000, 0x0000000089100000| Untracked 
| 145|0x0000000089100000, 0x0000000089200000, 0x0000000089200000|100%| O|  |TAMS 0x0000000089200000, 0x0000000089200000| Untracked 
| 146|0x0000000089200000, 0x0000000089300000, 0x0000000089300000|100%| O|  |TAMS 0x0000000089300000, 0x0000000089300000| Untracked 
| 147|0x0000000089300000, 0x0000000089400000, 0x0000000089400000|100%| O|  |TAMS 0x0000000089400000, 0x0000000089400000| Untracked 
| 148|0x0000000089400000, 0x0000000089500000, 0x0000000089500000|100%| O|  |TAMS 0x0000000089500000, 0x0000000089500000| Untracked 
| 149|0x0000000089500000, 0x0000000089600000, 0x0000000089600000|100%| O|  |TAMS 0x0000000089600000, 0x0000000089600000| Untracked 
| 150|0x0000000089600000, 0x0000000089700000, 0x0000000089700000|100%| O|  |TAMS 0x0000000089700000, 0x0000000089700000| Untracked 
| 151|0x0000000089700000, 0x0000000089800000, 0x0000000089800000|100%| O|  |TAMS 0x0000000089800000, 0x0000000089800000| Untracked 
| 152|0x0000000089800000, 0x0000000089900000, 0x0000000089900000|100%| O|  |TAMS 0x0000000089800000, 0x0000000089900000| Untracked 
| 153|0x0000000089900000, 0x0000000089a00000, 0x0000000089a00000|100%| O|  |TAMS 0x0000000089900000, 0x0000000089a00000| Untracked 
| 154|0x0000000089a00000, 0x0000000089b00000, 0x0000000089b00000|100%| O|  |TAMS 0x0000000089a00000, 0x0000000089b00000| Untracked 
| 155|0x0000000089b00000, 0x0000000089c00000, 0x0000000089c00000|100%| O|  |TAMS 0x0000000089b00000, 0x0000000089c00000| Untracked 
| 156|0x0000000089c00000, 0x0000000089d00000, 0x0000000089d00000|100%| O|  |TAMS 0x0000000089c00000, 0x0000000089d00000| Untracked 
| 157|0x0000000089d00000, 0x0000000089e00000, 0x0000000089e00000|100%| O|  |TAMS 0x0000000089d00000, 0x0000000089e00000| Untracked 
| 158|0x0000000089e00000, 0x0000000089f00000, 0x0000000089f00000|100%| O|  |TAMS 0x0000000089e00000, 0x0000000089f00000| Untracked 
| 159|0x0000000089f00000, 0x000000008a000000, 0x000000008a000000|100%| O|  |TAMS 0x0000000089f00000, 0x000000008a000000| Untracked 
| 160|0x000000008a000000, 0x000000008a100000, 0x000000008a100000|100%| O|  |TAMS 0x000000008a100000, 0x000000008a100000| Untracked 
| 161|0x000000008a100000, 0x000000008a200000, 0x000000008a200000|100%| O|  |TAMS 0x000000008a200000, 0x000000008a200000| Untracked 
| 162|0x000000008a200000, 0x000000008a300000, 0x000000008a300000|100%| O|  |TAMS 0x000000008a300000, 0x000000008a300000| Untracked 
| 163|0x000000008a300000, 0x000000008a400000, 0x000000008a400000|100%| O|  |TAMS 0x000000008a400000, 0x000000008a400000| Untracked 
| 164|0x000000008a400000, 0x000000008a500000, 0x000000008a500000|100%| O|  |TAMS 0x000000008a500000, 0x000000008a500000| Untracked 
| 165|0x000000008a500000, 0x000000008a600000, 0x000000008a600000|100%| O|  |TAMS 0x000000008a600000, 0x000000008a600000| Untracked 
| 166|0x000000008a600000, 0x000000008a700000, 0x000000008a700000|100%| O|  |TAMS 0x000000008a700000, 0x000000008a700000| Untracked 
| 167|0x000000008a700000, 0x000000008a800000, 0x000000008a800000|100%| O|  |TAMS 0x000000008a800000, 0x000000008a800000| Untracked 
| 168|0x000000008a800000, 0x000000008a900000, 0x000000008a900000|100%| O|  |TAMS 0x000000008a83b800, 0x000000008a900000| Untracked 
| 169|0x000000008a900000, 0x000000008aa00000, 0x000000008aa00000|100%| O|  |TAMS 0x000000008a900000, 0x000000008aa00000| Untracked 
| 170|0x000000008aa00000, 0x000000008ab00000, 0x000000008ab00000|100%| O|  |TAMS 0x000000008aa00000, 0x000000008ab00000| Untracked 
| 171|0x000000008ab00000, 0x000000008ac00000, 0x000000008ac00000|100%| O|  |TAMS 0x000000008ab00000, 0x000000008ac00000| Untracked 
| 172|0x000000008ac00000, 0x000000008ad00000, 0x000000008ad00000|100%| O|  |TAMS 0x000000008ac00000, 0x000000008ad00000| Untracked 
| 173|0x000000008ad00000, 0x000000008ae00000, 0x000000008ae00000|100%| O|  |TAMS 0x000000008ad00000, 0x000000008ae00000| Untracked 
| 174|0x000000008ae00000, 0x000000008af00000, 0x000000008af00000|100%| O|  |TAMS 0x000000008ae00000, 0x000000008af00000| Untracked 
| 175|0x000000008af00000, 0x000000008b000000, 0x000000008b000000|100%| O|  |TAMS 0x000000008af00000, 0x000000008b000000| Untracked 
| 176|0x000000008b000000, 0x000000008b100000, 0x000000008b100000|100%| O|  |TAMS 0x000000008b000000, 0x000000008b100000| Untracked 
| 177|0x000000008b100000, 0x000000008b200000, 0x000000008b200000|100%| O|  |TAMS 0x000000008b100000, 0x000000008b200000| Untracked 
| 178|0x000000008b200000, 0x000000008b300000, 0x000000008b300000|100%| O|  |TAMS 0x000000008b200000, 0x000000008b300000| Untracked 
| 179|0x000000008b300000, 0x000000008b400000, 0x000000008b400000|100%| O|  |TAMS 0x000000008b300000, 0x000000008b400000| Untracked 
| 180|0x000000008b400000, 0x000000008b500000, 0x000000008b500000|100%| O|  |TAMS 0x000000008b400000, 0x000000008b500000| Untracked 
| 181|0x000000008b500000, 0x000000008b600000, 0x000000008b600000|100%| O|  |TAMS 0x000000008b500000, 0x000000008b600000| Untracked 
| 182|0x000000008b600000, 0x000000008b700000, 0x000000008b700000|100%| O|  |TAMS 0x000000008b600000, 0x000000008b700000| Untracked 
| 183|0x000000008b700000, 0x000000008b800000, 0x000000008b800000|100%| O|  |TAMS 0x000000008b700000, 0x000000008b800000| Untracked 
| 184|0x000000008b800000, 0x000000008b900000, 0x000000008b900000|100%| O|  |TAMS 0x000000008b800000, 0x000000008b900000| Untracked 
| 185|0x000000008b900000, 0x000000008ba00000, 0x000000008ba00000|100%| O|  |TAMS 0x000000008b900000, 0x000000008ba00000| Untracked 
| 186|0x000000008ba00000, 0x000000008bb00000, 0x000000008bb00000|100%| O|  |TAMS 0x000000008ba00000, 0x000000008bb00000| Untracked 
| 187|0x000000008bb00000, 0x000000008bc00000, 0x000000008bc00000|100%| O|  |TAMS 0x000000008bb00000, 0x000000008bc00000| Untracked 
| 188|0x000000008bc00000, 0x000000008bd00000, 0x000000008bd00000|100%| O|  |TAMS 0x000000008bc00000, 0x000000008bd00000| Untracked 
| 189|0x000000008bd00000, 0x000000008be00000, 0x000000008be00000|100%| O|  |TAMS 0x000000008bd00000, 0x000000008be00000| Untracked 
| 190|0x000000008be00000, 0x000000008bf00000, 0x000000008bf00000|100%| O|  |TAMS 0x000000008be00000, 0x000000008bf00000| Untracked 
| 191|0x000000008bf00000, 0x000000008c000000, 0x000000008c000000|100%| O|  |TAMS 0x000000008bf00000, 0x000000008c000000| Untracked 
| 192|0x000000008c000000, 0x000000008c100000, 0x000000008c100000|100%| O|  |TAMS 0x000000008c000000, 0x000000008c100000| Untracked 
| 193|0x000000008c100000, 0x000000008c200000, 0x000000008c200000|100%| O|  |TAMS 0x000000008c100000, 0x000000008c200000| Untracked 
| 194|0x000000008c200000, 0x000000008c300000, 0x000000008c300000|100%| O|  |TAMS 0x000000008c200000, 0x000000008c300000| Untracked 
| 195|0x000000008c300000, 0x000000008c400000, 0x000000008c400000|100%| O|  |TAMS 0x000000008c300000, 0x000000008c400000| Untracked 
| 196|0x000000008c400000, 0x000000008c500000, 0x000000008c500000|100%| O|  |TAMS 0x000000008c400000, 0x000000008c500000| Untracked 
| 197|0x000000008c500000, 0x000000008c600000, 0x000000008c600000|100%|HS|  |TAMS 0x000000008c500000, 0x000000008c600000| Complete 
| 198|0x000000008c600000, 0x000000008c700000, 0x000000008c700000|100%|HC|  |TAMS 0x000000008c600000, 0x000000008c700000| Complete 
| 199|0x000000008c700000, 0x000000008c800000, 0x000000008c800000|100%| O|  |TAMS 0x000000008c700000, 0x000000008c800000| Untracked 
| 200|0x000000008c800000, 0x000000008c900000, 0x000000008c900000|100%| O|  |TAMS 0x000000008c800000, 0x000000008c900000| Untracked 
| 201|0x000000008c900000, 0x000000008ca00000, 0x000000008ca00000|100%| O|  |TAMS 0x000000008c900000, 0x000000008ca00000| Untracked 
| 202|0x000000008ca00000, 0x000000008cb00000, 0x000000008cb00000|100%| O|  |TAMS 0x000000008ca00000, 0x000000008cb00000| Untracked 
| 203|0x000000008cb00000, 0x000000008cc00000, 0x000000008cc00000|100%| O|  |TAMS 0x000000008cb00000, 0x000000008cc00000| Untracked 
| 204|0x000000008cc00000, 0x000000008cd00000, 0x000000008cd00000|100%| O|  |TAMS 0x000000008cc00000, 0x000000008cd00000| Untracked 
| 205|0x000000008cd00000, 0x000000008ce00000, 0x000000008ce00000|100%| O|  |TAMS 0x000000008cd00000, 0x000000008ce00000| Untracked 
| 206|0x000000008ce00000, 0x000000008cf00000, 0x000000008cf00000|100%| O|  |TAMS 0x000000008ce00000, 0x000000008cf00000| Untracked 
| 207|0x000000008cf00000, 0x000000008d000000, 0x000000008d000000|100%| O|  |TAMS 0x000000008cf00000, 0x000000008d000000| Untracked 
| 208|0x000000008d000000, 0x000000008d100000, 0x000000008d100000|100%| O|  |TAMS 0x000000008d000000, 0x000000008d100000| Untracked 
| 209|0x000000008d100000, 0x000000008d200000, 0x000000008d200000|100%| O|  |TAMS 0x000000008d100000, 0x000000008d200000| Untracked 
| 210|0x000000008d200000, 0x000000008d300000, 0x000000008d300000|100%| O|  |TAMS 0x000000008d200000, 0x000000008d300000| Untracked 
| 211|0x000000008d300000, 0x000000008d400000, 0x000000008d400000|100%| O|  |TAMS 0x000000008d300000, 0x000000008d400000| Untracked 
| 212|0x000000008d400000, 0x000000008d500000, 0x000000008d500000|100%| O|  |TAMS 0x000000008d400000, 0x000000008d500000| Untracked 
| 213|0x000000008d500000, 0x000000008d600000, 0x000000008d600000|100%| O|  |TAMS 0x000000008d500000, 0x000000008d600000| Untracked 
| 214|0x000000008d600000, 0x000000008d700000, 0x000000008d700000|100%| O|  |TAMS 0x000000008d600000, 0x000000008d700000| Untracked 
| 215|0x000000008d700000, 0x000000008d800000, 0x000000008d800000|100%| O|  |TAMS 0x000000008d700000, 0x000000008d800000| Untracked 
| 216|0x000000008d800000, 0x000000008d900000, 0x000000008d900000|100%| O|  |TAMS 0x000000008d800000, 0x000000008d900000| Untracked 
| 217|0x000000008d900000, 0x000000008da00000, 0x000000008da00000|100%| O|  |TAMS 0x000000008d900000, 0x000000008da00000| Untracked 
| 218|0x000000008da00000, 0x000000008db00000, 0x000000008db00000|100%| O|  |TAMS 0x000000008da00000, 0x000000008db00000| Untracked 
| 219|0x000000008db00000, 0x000000008dc00000, 0x000000008dc00000|100%| O|  |TAMS 0x000000008db00000, 0x000000008dc00000| Untracked 
| 220|0x000000008dc00000, 0x000000008dd00000, 0x000000008dd00000|100%| O|  |TAMS 0x000000008dc00000, 0x000000008dd00000| Untracked 
| 221|0x000000008dd00000, 0x000000008de00000, 0x000000008de00000|100%| O|  |TAMS 0x000000008dd00000, 0x000000008de00000| Untracked 
| 222|0x000000008de00000, 0x000000008df00000, 0x000000008df00000|100%| O|  |TAMS 0x000000008de00000, 0x000000008df00000| Untracked 
| 223|0x000000008df00000, 0x000000008e000000, 0x000000008e000000|100%| O|  |TAMS 0x000000008df00000, 0x000000008e000000| Untracked 
| 224|0x000000008e000000, 0x000000008e100000, 0x000000008e100000|100%| O|  |TAMS 0x000000008e000000, 0x000000008e100000| Untracked 
| 225|0x000000008e100000, 0x000000008e200000, 0x000000008e200000|100%| O|  |TAMS 0x000000008e100000, 0x000000008e200000| Untracked 
| 226|0x000000008e200000, 0x000000008e300000, 0x000000008e300000|100%| O|  |TAMS 0x000000008e200000, 0x000000008e300000| Untracked 
| 227|0x000000008e300000, 0x000000008e400000, 0x000000008e400000|100%| O|  |TAMS 0x000000008e300000, 0x000000008e400000| Untracked 
| 228|0x000000008e400000, 0x000000008e500000, 0x000000008e500000|100%| O|  |TAMS 0x000000008e400000, 0x000000008e429c00| Untracked 
| 229|0x000000008e500000, 0x000000008e600000, 0x000000008e600000|100%| O|  |TAMS 0x000000008e500000, 0x000000008e500000| Untracked 
| 230|0x000000008e600000, 0x000000008e700000, 0x000000008e700000|100%| O|  |TAMS 0x000000008e600000, 0x000000008e600000| Untracked 
| 231|0x000000008e700000, 0x000000008e800000, 0x000000008e800000|100%| O|  |TAMS 0x000000008e700000, 0x000000008e700000| Untracked 
| 232|0x000000008e800000, 0x000000008e900000, 0x000000008e900000|100%| O|  |TAMS 0x000000008e800000, 0x000000008e800000| Untracked 
| 233|0x000000008e900000, 0x000000008ea00000, 0x000000008ea00000|100%| O|  |TAMS 0x000000008e900000, 0x000000008e900000| Untracked 
| 234|0x000000008ea00000, 0x000000008eb00000, 0x000000008eb00000|100%| O|  |TAMS 0x000000008ea00000, 0x000000008ea00000| Untracked 
| 235|0x000000008eb00000, 0x000000008ec00000, 0x000000008ec00000|100%| O|  |TAMS 0x000000008eb00000, 0x000000008eb00000| Untracked 
| 236|0x000000008ec00000, 0x000000008ed00000, 0x000000008ed00000|100%| O|  |TAMS 0x000000008ec00000, 0x000000008ec00000| Untracked 
| 237|0x000000008ed00000, 0x000000008ee00000, 0x000000008ee00000|100%| O|  |TAMS 0x000000008ed00000, 0x000000008ed00000| Untracked 
| 238|0x000000008ee00000, 0x000000008ef00000, 0x000000008ef00000|100%| O|  |TAMS 0x000000008ee00000, 0x000000008ee00000| Untracked 
| 239|0x000000008ef00000, 0x000000008f000000, 0x000000008f000000|100%| O|  |TAMS 0x000000008ef00000, 0x000000008ef00000| Untracked 
| 240|0x000000008f000000, 0x000000008f028800, 0x000000008f100000| 15%| O|  |TAMS 0x000000008f000000, 0x000000008f000000| Untracked 
| 241|0x000000008f100000, 0x000000008f100000, 0x000000008f200000|  0%| F|  |TAMS 0x000000008f100000, 0x000000008f100000| Untracked 
| 242|0x000000008f200000, 0x000000008f200000, 0x000000008f300000|  0%| F|  |TAMS 0x000000008f200000, 0x000000008f200000| Untracked 
| 243|0x000000008f300000, 0x000000008f300000, 0x000000008f400000|  0%| F|  |TAMS 0x000000008f300000, 0x000000008f300000| Untracked 
| 244|0x000000008f400000, 0x000000008f400000, 0x000000008f500000|  0%| F|  |TAMS 0x000000008f400000, 0x000000008f400000| Untracked 
| 245|0x000000008f500000, 0x000000008f500000, 0x000000008f600000|  0%| F|  |TAMS 0x000000008f500000, 0x000000008f500000| Untracked 
| 246|0x000000008f600000, 0x000000008f600000, 0x000000008f700000|  0%| F|  |TAMS 0x000000008f600000, 0x000000008f600000| Untracked 
| 247|0x000000008f700000, 0x000000008f700000, 0x000000008f800000|  0%| F|  |TAMS 0x000000008f700000, 0x000000008f700000| Untracked 
| 248|0x000000008f800000, 0x000000008f800000, 0x000000008f900000|  0%| F|  |TAMS 0x000000008f800000, 0x000000008f800000| Untracked 
| 249|0x000000008f900000, 0x000000008f900000, 0x000000008fa00000|  0%| F|  |TAMS 0x000000008f900000, 0x000000008f900000| Untracked 
| 250|0x000000008fa00000, 0x000000008fa00000, 0x000000008fb00000|  0%| F|  |TAMS 0x000000008fa00000, 0x000000008fa00000| Untracked 
| 251|0x000000008fb00000, 0x000000008fb00000, 0x000000008fc00000|  0%| F|  |TAMS 0x000000008fb00000, 0x000000008fb00000| Untracked 
| 252|0x000000008fc00000, 0x000000008fc00000, 0x000000008fd00000|  0%| F|  |TAMS 0x000000008fc00000, 0x000000008fc00000| Untracked 
| 253|0x000000008fd00000, 0x000000008fd00000, 0x000000008fe00000|  0%| F|  |TAMS 0x000000008fd00000, 0x000000008fd00000| Untracked 
| 254|0x000000008fe00000, 0x000000008fe00000, 0x000000008ff00000|  0%| F|  |TAMS 0x000000008fe00000, 0x000000008fe00000| Untracked 
| 255|0x000000008ff00000, 0x000000008ff00000, 0x0000000090000000|  0%| F|  |TAMS 0x000000008ff00000, 0x000000008ff00000| Untracked 
| 256|0x0000000090000000, 0x0000000090000000, 0x0000000090100000|  0%| F|  |TAMS 0x0000000090000000, 0x0000000090000000| Untracked 
| 257|0x0000000090100000, 0x0000000090100000, 0x0000000090200000|  0%| F|  |TAMS 0x0000000090100000, 0x0000000090100000| Untracked 
| 258|0x0000000090200000, 0x0000000090200000, 0x0000000090300000|  0%| F|  |TAMS 0x0000000090200000, 0x0000000090200000| Untracked 
| 259|0x0000000090300000, 0x0000000090300000, 0x0000000090400000|  0%| F|  |TAMS 0x0000000090300000, 0x0000000090300000| Untracked 
| 260|0x0000000090400000, 0x0000000090400000, 0x0000000090500000|  0%| F|  |TAMS 0x0000000090400000, 0x0000000090400000| Untracked 
| 261|0x0000000090500000, 0x0000000090500000, 0x0000000090600000|  0%| F|  |TAMS 0x0000000090500000, 0x0000000090500000| Untracked 
| 262|0x0000000090600000, 0x0000000090600000, 0x0000000090700000|  0%| F|  |TAMS 0x0000000090600000, 0x0000000090600000| Untracked 
| 263|0x0000000090700000, 0x0000000090700000, 0x0000000090800000|  0%| F|  |TAMS 0x0000000090700000, 0x0000000090700000| Untracked 
| 264|0x0000000090800000, 0x0000000090800000, 0x0000000090900000|  0%| F|  |TAMS 0x0000000090800000, 0x0000000090800000| Untracked 
| 265|0x0000000090900000, 0x0000000090900000, 0x0000000090a00000|  0%| F|  |TAMS 0x0000000090900000, 0x0000000090900000| Untracked 
| 266|0x0000000090a00000, 0x0000000090a00000, 0x0000000090b00000|  0%| F|  |TAMS 0x0000000090a00000, 0x0000000090a00000| Untracked 
| 267|0x0000000090b00000, 0x0000000090b00000, 0x0000000090c00000|  0%| F|  |TAMS 0x0000000090b00000, 0x0000000090b00000| Untracked 
| 268|0x0000000090c00000, 0x0000000090c00000, 0x0000000090d00000|  0%| F|  |TAMS 0x0000000090c00000, 0x0000000090c00000| Untracked 
| 269|0x0000000090d00000, 0x0000000090d00000, 0x0000000090e00000|  0%| F|  |TAMS 0x0000000090d00000, 0x0000000090d00000| Untracked 
| 270|0x0000000090e00000, 0x0000000090e00000, 0x0000000090f00000|  0%| F|  |TAMS 0x0000000090e00000, 0x0000000090e00000| Untracked 
| 271|0x0000000090f00000, 0x0000000090f00000, 0x0000000091000000|  0%| F|  |TAMS 0x0000000090f00000, 0x0000000090f00000| Untracked 
| 272|0x0000000091000000, 0x0000000091000000, 0x0000000091100000|  0%| F|  |TAMS 0x0000000091000000, 0x0000000091000000| Untracked 
| 273|0x0000000091100000, 0x0000000091100000, 0x0000000091200000|  0%| F|  |TAMS 0x0000000091100000, 0x0000000091100000| Untracked 
| 274|0x0000000091200000, 0x0000000091200000, 0x0000000091300000|  0%| F|  |TAMS 0x0000000091200000, 0x0000000091200000| Untracked 
| 275|0x0000000091300000, 0x0000000091300000, 0x0000000091400000|  0%| F|  |TAMS 0x0000000091300000, 0x0000000091300000| Untracked 
| 276|0x0000000091400000, 0x0000000091400000, 0x0000000091500000|  0%| F|  |TAMS 0x0000000091400000, 0x0000000091400000| Untracked 
| 277|0x0000000091500000, 0x0000000091500000, 0x0000000091600000|  0%| F|  |TAMS 0x0000000091500000, 0x0000000091500000| Untracked 
| 278|0x0000000091600000, 0x0000000091600000, 0x0000000091700000|  0%| F|  |TAMS 0x0000000091600000, 0x0000000091600000| Untracked 
| 279|0x0000000091700000, 0x0000000091700000, 0x0000000091800000|  0%| F|  |TAMS 0x0000000091700000, 0x0000000091700000| Untracked 
| 280|0x0000000091800000, 0x0000000091800000, 0x0000000091900000|  0%| F|  |TAMS 0x0000000091800000, 0x0000000091800000| Untracked 
| 281|0x0000000091900000, 0x0000000091900000, 0x0000000091a00000|  0%| F|  |TAMS 0x0000000091900000, 0x0000000091900000| Untracked 
| 282|0x0000000091a00000, 0x0000000091a00000, 0x0000000091b00000|  0%| F|  |TAMS 0x0000000091a00000, 0x0000000091a00000| Untracked 
| 283|0x0000000091b00000, 0x0000000091b00000, 0x0000000091c00000|  0%| F|  |TAMS 0x0000000091b00000, 0x0000000091b00000| Untracked 
| 284|0x0000000091c00000, 0x0000000091c00000, 0x0000000091d00000|  0%| F|  |TAMS 0x0000000091c00000, 0x0000000091c00000| Untracked 
| 285|0x0000000091d00000, 0x0000000091d00000, 0x0000000091e00000|  0%| F|  |TAMS 0x0000000091d00000, 0x0000000091d00000| Untracked 
| 286|0x0000000091e00000, 0x0000000091e00000, 0x0000000091f00000|  0%| F|  |TAMS 0x0000000091e00000, 0x0000000091e00000| Untracked 
| 287|0x0000000091f00000, 0x0000000091f00000, 0x0000000092000000|  0%| F|  |TAMS 0x0000000091f00000, 0x0000000091f00000| Untracked 
| 288|0x0000000092000000, 0x0000000092000000, 0x0000000092100000|  0%| F|  |TAMS 0x0000000092000000, 0x0000000092000000| Untracked 
| 289|0x0000000092100000, 0x0000000092100000, 0x0000000092200000|  0%| F|  |TAMS 0x0000000092100000, 0x0000000092100000| Untracked 
| 290|0x0000000092200000, 0x0000000092200000, 0x0000000092300000|  0%| F|  |TAMS 0x0000000092200000, 0x0000000092200000| Untracked 
| 291|0x0000000092300000, 0x0000000092400000, 0x0000000092400000|100%| S|CS|TAMS 0x0000000092300000, 0x0000000092300000| Complete 
| 292|0x0000000092400000, 0x0000000092500000, 0x0000000092500000|100%| S|CS|TAMS 0x0000000092400000, 0x0000000092400000| Complete 
| 293|0x0000000092500000, 0x0000000092600000, 0x0000000092600000|100%| S|CS|TAMS 0x0000000092500000, 0x0000000092500000| Complete 
| 294|0x0000000092600000, 0x0000000092700000, 0x0000000092700000|100%| S|CS|TAMS 0x0000000092600000, 0x0000000092600000| Complete 
| 295|0x0000000092700000, 0x0000000092800000, 0x0000000092800000|100%| S|CS|TAMS 0x0000000092700000, 0x0000000092700000| Complete 
| 296|0x0000000092800000, 0x0000000092900000, 0x0000000092900000|100%| S|CS|TAMS 0x0000000092800000, 0x0000000092800000| Complete 
| 297|0x0000000092900000, 0x0000000092a00000, 0x0000000092a00000|100%| S|CS|TAMS 0x0000000092900000, 0x0000000092900000| Complete 
| 298|0x0000000092a00000, 0x0000000092b00000, 0x0000000092b00000|100%| S|CS|TAMS 0x0000000092a00000, 0x0000000092a00000| Complete 
| 299|0x0000000092b00000, 0x0000000092c00000, 0x0000000092c00000|100%| S|CS|TAMS 0x0000000092b00000, 0x0000000092b00000| Complete 
| 300|0x0000000092c00000, 0x0000000092c00000, 0x0000000092d00000|  0%| F|  |TAMS 0x0000000092c00000, 0x0000000092c00000| Untracked 
| 301|0x0000000092d00000, 0x0000000092d00000, 0x0000000092e00000|  0%| F|  |TAMS 0x0000000092d00000, 0x0000000092d00000| Untracked 
| 302|0x0000000092e00000, 0x0000000092e00000, 0x0000000092f00000|  0%| F|  |TAMS 0x0000000092e00000, 0x0000000092e00000| Untracked 
| 303|0x0000000092f00000, 0x0000000092f00000, 0x0000000093000000|  0%| F|  |TAMS 0x0000000092f00000, 0x0000000092f00000| Untracked 
| 304|0x0000000093000000, 0x0000000093000000, 0x0000000093100000|  0%| F|  |TAMS 0x0000000093000000, 0x0000000093000000| Untracked 
| 305|0x0000000093100000, 0x0000000093100000, 0x0000000093200000|  0%| F|  |TAMS 0x0000000093100000, 0x0000000093100000| Untracked 
| 306|0x0000000093200000, 0x0000000093200000, 0x0000000093300000|  0%| F|  |TAMS 0x0000000093200000, 0x0000000093200000| Untracked 
| 307|0x0000000093300000, 0x0000000093300000, 0x0000000093400000|  0%| F|  |TAMS 0x0000000093300000, 0x0000000093300000| Untracked 
| 308|0x0000000093400000, 0x0000000093400000, 0x0000000093500000|  0%| F|  |TAMS 0x0000000093400000, 0x0000000093400000| Untracked 
| 309|0x0000000093500000, 0x0000000093500000, 0x0000000093600000|  0%| F|  |TAMS 0x0000000093500000, 0x0000000093500000| Untracked 
| 310|0x0000000093600000, 0x0000000093600000, 0x0000000093700000|  0%| F|  |TAMS 0x0000000093600000, 0x0000000093600000| Untracked 
| 311|0x0000000093700000, 0x0000000093700000, 0x0000000093800000|  0%| F|  |TAMS 0x0000000093700000, 0x0000000093700000| Untracked 
| 312|0x0000000093800000, 0x0000000093800000, 0x0000000093900000|  0%| F|  |TAMS 0x0000000093800000, 0x0000000093800000| Untracked 
| 313|0x0000000093900000, 0x0000000093900000, 0x0000000093a00000|  0%| F|  |TAMS 0x0000000093900000, 0x0000000093900000| Untracked 
| 314|0x0000000093a00000, 0x0000000093a00000, 0x0000000093b00000|  0%| F|  |TAMS 0x0000000093a00000, 0x0000000093a00000| Untracked 
| 315|0x0000000093b00000, 0x0000000093b00000, 0x0000000093c00000|  0%| F|  |TAMS 0x0000000093b00000, 0x0000000093b00000| Untracked 
| 316|0x0000000093c00000, 0x0000000093c00000, 0x0000000093d00000|  0%| F|  |TAMS 0x0000000093c00000, 0x0000000093c00000| Untracked 
| 317|0x0000000093d00000, 0x0000000093d00000, 0x0000000093e00000|  0%| F|  |TAMS 0x0000000093d00000, 0x0000000093d00000| Untracked 
| 318|0x0000000093e00000, 0x0000000093e00000, 0x0000000093f00000|  0%| F|  |TAMS 0x0000000093e00000, 0x0000000093e00000| Untracked 
| 319|0x0000000093f00000, 0x0000000093f00000, 0x0000000094000000|  0%| F|  |TAMS 0x0000000093f00000, 0x0000000093f00000| Untracked 
| 320|0x0000000094000000, 0x0000000094000000, 0x0000000094100000|  0%| F|  |TAMS 0x0000000094000000, 0x0000000094000000| Untracked 
| 321|0x0000000094100000, 0x0000000094100000, 0x0000000094200000|  0%| F|  |TAMS 0x0000000094100000, 0x0000000094100000| Untracked 
| 322|0x0000000094200000, 0x0000000094200000, 0x0000000094300000|  0%| F|  |TAMS 0x0000000094200000, 0x0000000094200000| Untracked 
| 323|0x0000000094300000, 0x0000000094300000, 0x0000000094400000|  0%| F|  |TAMS 0x0000000094300000, 0x0000000094300000| Untracked 
| 324|0x0000000094400000, 0x0000000094400000, 0x0000000094500000|  0%| F|  |TAMS 0x0000000094400000, 0x0000000094400000| Untracked 
| 325|0x0000000094500000, 0x0000000094500000, 0x0000000094600000|  0%| F|  |TAMS 0x0000000094500000, 0x0000000094500000| Untracked 
| 326|0x0000000094600000, 0x0000000094600000, 0x0000000094700000|  0%| F|  |TAMS 0x0000000094600000, 0x0000000094600000| Untracked 
| 327|0x0000000094700000, 0x0000000094700000, 0x0000000094800000|  0%| F|  |TAMS 0x0000000094700000, 0x0000000094700000| Untracked 
| 328|0x0000000094800000, 0x0000000094800000, 0x0000000094900000|  0%| F|  |TAMS 0x0000000094800000, 0x0000000094800000| Untracked 
| 329|0x0000000094900000, 0x0000000094900000, 0x0000000094a00000|  0%| F|  |TAMS 0x0000000094900000, 0x0000000094900000| Untracked 
| 330|0x0000000094a00000, 0x0000000094a00000, 0x0000000094b00000|  0%| F|  |TAMS 0x0000000094a00000, 0x0000000094a00000| Untracked 
| 331|0x0000000094b00000, 0x0000000094b00000, 0x0000000094c00000|  0%| F|  |TAMS 0x0000000094b00000, 0x0000000094b00000| Untracked 
| 332|0x0000000094c00000, 0x0000000094c00000, 0x0000000094d00000|  0%| F|  |TAMS 0x0000000094c00000, 0x0000000094c00000| Untracked 
| 333|0x0000000094d00000, 0x0000000094d00000, 0x0000000094e00000|  0%| F|  |TAMS 0x0000000094d00000, 0x0000000094d00000| Untracked 
| 334|0x0000000094e00000, 0x0000000094e00000, 0x0000000094f00000|  0%| F|  |TAMS 0x0000000094e00000, 0x0000000094e00000| Untracked 
| 335|0x0000000094f00000, 0x0000000094f00000, 0x0000000095000000|  0%| F|  |TAMS 0x0000000094f00000, 0x0000000094f00000| Untracked 
| 336|0x0000000095000000, 0x0000000095000000, 0x0000000095100000|  0%| F|  |TAMS 0x0000000095000000, 0x0000000095000000| Untracked 
| 337|0x0000000095100000, 0x0000000095100000, 0x0000000095200000|  0%| F|  |TAMS 0x0000000095100000, 0x0000000095100000| Untracked 
| 338|0x0000000095200000, 0x0000000095200000, 0x0000000095300000|  0%| F|  |TAMS 0x0000000095200000, 0x0000000095200000| Untracked 
| 339|0x0000000095300000, 0x0000000095300000, 0x0000000095400000|  0%| F|  |TAMS 0x0000000095300000, 0x0000000095300000| Untracked 
| 340|0x0000000095400000, 0x0000000095400000, 0x0000000095500000|  0%| F|  |TAMS 0x0000000095400000, 0x0000000095400000| Untracked 
| 341|0x0000000095500000, 0x0000000095500000, 0x0000000095600000|  0%| F|  |TAMS 0x0000000095500000, 0x0000000095500000| Untracked 
| 342|0x0000000095600000, 0x0000000095600000, 0x0000000095700000|  0%| F|  |TAMS 0x0000000095600000, 0x0000000095600000| Untracked 
| 343|0x0000000095700000, 0x0000000095700000, 0x0000000095800000|  0%| F|  |TAMS 0x0000000095700000, 0x0000000095700000| Untracked 
| 344|0x0000000095800000, 0x0000000095800000, 0x0000000095900000|  0%| F|  |TAMS 0x0000000095800000, 0x0000000095800000| Untracked 
| 345|0x0000000095900000, 0x0000000095900000, 0x0000000095a00000|  0%| F|  |TAMS 0x0000000095900000, 0x0000000095900000| Untracked 
| 346|0x0000000095a00000, 0x0000000095a00000, 0x0000000095b00000|  0%| F|  |TAMS 0x0000000095a00000, 0x0000000095a00000| Untracked 
| 347|0x0000000095b00000, 0x0000000095b00000, 0x0000000095c00000|  0%| F|  |TAMS 0x0000000095b00000, 0x0000000095b00000| Untracked 
| 348|0x0000000095c00000, 0x0000000095c00000, 0x0000000095d00000|  0%| F|  |TAMS 0x0000000095c00000, 0x0000000095c00000| Untracked 
| 349|0x0000000095d00000, 0x0000000095d00000, 0x0000000095e00000|  0%| F|  |TAMS 0x0000000095d00000, 0x0000000095d00000| Untracked 
| 350|0x0000000095e00000, 0x0000000095e00000, 0x0000000095f00000|  0%| F|  |TAMS 0x0000000095e00000, 0x0000000095e00000| Untracked 
| 351|0x0000000095f00000, 0x0000000095f00000, 0x0000000096000000|  0%| F|  |TAMS 0x0000000095f00000, 0x0000000095f00000| Untracked 
| 352|0x0000000096000000, 0x0000000096000000, 0x0000000096100000|  0%| F|  |TAMS 0x0000000096000000, 0x0000000096000000| Untracked 
| 353|0x0000000096100000, 0x0000000096100000, 0x0000000096200000|  0%| F|  |TAMS 0x0000000096100000, 0x0000000096100000| Untracked 
| 354|0x0000000096200000, 0x0000000096200000, 0x0000000096300000|  0%| F|  |TAMS 0x0000000096200000, 0x0000000096200000| Untracked 
| 355|0x0000000096300000, 0x0000000096300000, 0x0000000096400000|  0%| F|  |TAMS 0x0000000096300000, 0x0000000096300000| Untracked 
| 356|0x0000000096400000, 0x0000000096400000, 0x0000000096500000|  0%| F|  |TAMS 0x0000000096400000, 0x0000000096400000| Untracked 

Card table byte_map: [0x00000133fa3c0000,0x00000133fa7c0000] _byte_map_base: 0x00000133f9fc0000

Marking Bits (Prev, Next): (CMBitMap*) 0x00000133f94d3900, (CMBitMap*) 0x00000133f94d38c0
 Prev Bits: [0x00000133fcbc0000, 0x00000133febc0000)
 Next Bits: [0x00000133fabc0000, 0x00000133fcbc0000)

Polling page: 0x00000133f7030000

Metaspace:

Usage:
  Non-class:    103.91 MB used.
      Class:     17.73 MB used.
       Both:    121.64 MB used.

Virtual space:
  Non-class space:      128.00 MB reserved,     104.50 MB ( 82%) committed,  2 nodes.
      Class space:      416.00 MB reserved,      18.31 MB (  4%) committed,  1 nodes.
             Both:      544.00 MB reserved,     122.81 MB ( 23%) committed. 

Chunk freelists:
   Non-Class:  6.70 MB
       Class:  13.52 MB
        Both:  20.22 MB

MaxMetaspaceSize: 512.00 MB
CompressedClassSpaceSize: 416.00 MB
Initial GC threshold: 21.00 MB
Current GC threshold: 179.94 MB
CDS: on
MetaspaceReclaimPolicy: balanced
 - commit_granule_bytes: 65536.
 - commit_granule_words: 8192.
 - virtual_space_node_default_size: 8388608.
 - enlarge_chunks_in_place: 1.
 - new_chunks_are_fully_committed: 0.
 - uncommit_free_chunks: 1.
 - use_allocation_guard: 0.
 - handle_deallocations: 1.


Internal statistics:

num_allocs_failed_limit: 6.
num_arena_births: 1738.
num_arena_deaths: 38.
num_vsnodes_births: 3.
num_vsnodes_deaths: 0.
num_space_committed: 1964.
num_space_uncommitted: 0.
num_chunks_returned_to_freelist: 44.
num_chunks_taken_from_freelist: 7163.
num_chunk_merges: 24.
num_chunk_splits: 4730.
num_chunks_enlarged: 3069.
num_inconsistent_stats: 0.

CodeHeap 'non-profiled nmethods': size=119168Kb used=11104Kb max_used=11130Kb free=108063Kb
 bounds [0x000001338f620000, 0x0000013390110000, 0x0000013396a80000]
CodeHeap 'profiled nmethods': size=119104Kb used=33638Kb max_used=33638Kb free=85465Kb
 bounds [0x0000013387a80000, 0x0000013389b60000, 0x000001338eed0000]
CodeHeap 'non-nmethods': size=7488Kb used=4150Kb max_used=4182Kb free=3337Kb
 bounds [0x000001338eed0000, 0x000001338f300000, 0x000001338f620000]
 total_blobs=17540 nmethods=16539 adapters=908
 compilation: enabled
              stopped_count=0, restarted_count=0
 full_count=0

Compilation events (20 events):
Event: 38.923 Thread 0x00000133baf0bcc0 19643       1       com.android.tools.r8.graph.d2::f0 (2 bytes)
Event: 38.923 Thread 0x00000133baf0bcc0 nmethod 19643 0x000001338fe4d390 code [0x000001338fe4d520, 0x000001338fe4d5f8]
Event: 38.930 Thread 0x00000133baf0bcc0 19644       2       com.android.tools.r8.internal.wG::a (56 bytes)
Event: 38.930 Thread 0x0000013398b28fb0 19645       2       com.android.tools.r8.graph.Q0::b (21 bytes)
Event: 38.931 Thread 0x0000013398b28fb0 nmethod 19645 0x0000013389b57590 code [0x0000013389b57720, 0x0000013389b57868]
Event: 38.935 Thread 0x00000133baf0bcc0 nmethod 19644 0x0000013389b57990 code [0x0000013389b57ba0, 0x0000013389b57f48]
Event: 38.935 Thread 0x0000013398b1e680 nmethod 18824 0x000001338fe4bb10 code [0x000001338fe4bd00, 0x000001338fe4cb48]
Event: 38.936 Thread 0x0000013398b28fb0 19648       2       com.android.tools.r8.graph.h::c (6 bytes)
Event: 38.937 Thread 0x00000133baf0bcc0 19649       2       com.android.tools.r8.graph.q0::R (2 bytes)
Event: 38.938 Thread 0x0000013398b28fb0 nmethod 19648 0x0000013389b58290 code [0x0000013389b58420, 0x0000013389b58548]
Event: 38.939 Thread 0x00000133baf0bcc0 nmethod 19649 0x0000013389b58610 code [0x0000013389b587a0, 0x0000013389b588b8]
Event: 38.939 Thread 0x0000013398cc2930 19650       2       com.android.tools.r8.graph.t0::a (77 bytes)
Event: 38.939 Thread 0x0000013398cc3e70 19651       1       com.android.tools.r8.graph.T0::S0 (5 bytes)
Event: 38.939 Thread 0x0000013398b28fb0 19652       2       com.android.tools.r8.graph.t0::x (11 bytes)
Event: 38.939 Thread 0x00000133baf0bcc0 19653       2       com.android.tools.r8.graph.j2::b (30 bytes)
Event: 38.941 Thread 0x0000013398cc3e70 nmethod 19651 0x000001338fe4b810 code [0x000001338fe4b9a0, 0x000001338fe4ba78]
Event: 38.941 Thread 0x0000013398b28fb0 nmethod 19652 0x0000013389b58990 code [0x0000013389b58b20, 0x0000013389b58c78]
Event: 38.941 Thread 0x0000013398cc2930 nmethod 19650 0x0000013389b58d90 code [0x0000013389b58fa0, 0x0000013389b59378]
Event: 38.941 Thread 0x00000133baf0bcc0 nmethod 19653 0x0000013389b59590 code [0x0000013389b59740, 0x0000013389b598d8]
Event: 38.942 Thread 0x0000013398b1e680 19642       4       com.android.tools.r8.internal.GQ::a (169 bytes)

GC Heap History (20 events):
Event: 33.745 GC heap after
{Heap after GC invocations=62 (full 0):
 garbage-first heap   total 260096K, used 163680K [0x0000000080000000, 0x0000000100000000)
  region size 1024K, 5 young (5120K), 5 survivors (5120K)
 Metaspace       used 104148K, committed 105216K, reserved 557056K
  class space    used 14380K, committed 14912K, reserved 425984K
}
Event: 34.967 GC heap before
{Heap before GC invocations=62 (full 0):
 garbage-first heap   total 260096K, used 216928K [0x0000000080000000, 0x0000000100000000)
  region size 1024K, 58 young (59392K), 5 survivors (5120K)
 Metaspace       used 108171K, committed 109184K, reserved 557056K
  class space    used 14864K, committed 15360K, reserved 425984K
}
Event: 34.972 GC heap after
{Heap after GC invocations=63 (full 0):
 garbage-first heap   total 260096K, used 167833K [0x0000000080000000, 0x0000000100000000)
  region size 1024K, 8 young (8192K), 8 survivors (8192K)
 Metaspace       used 108171K, committed 109184K, reserved 557056K
  class space    used 14864K, committed 15360K, reserved 425984K
}
Event: 36.663 GC heap before
{Heap before GC invocations=63 (full 0):
 garbage-first heap   total 260096K, used 227225K [0x0000000080000000, 0x0000000100000000)
  region size 1024K, 59 young (60416K), 8 survivors (8192K)
 Metaspace       used 109010K, committed 110144K, reserved 557056K
  class space    used 14999K, committed 15552K, reserved 425984K
}
Event: 36.669 GC heap after
{Heap after GC invocations=64 (full 0):
 garbage-first heap   total 260096K, used 172270K [0x0000000080000000, 0x0000000100000000)
  region size 1024K, 8 young (8192K), 8 survivors (8192K)
 Metaspace       used 109010K, committed 110144K, reserved 557056K
  class space    used 14999K, committed 15552K, reserved 425984K
}
Event: 36.789 GC heap before
{Heap before GC invocations=64 (full 0):
 garbage-first heap   total 260096K, used 218350K [0x0000000080000000, 0x0000000100000000)
  region size 1024K, 37 young (37888K), 8 survivors (8192K)
 Metaspace       used 109282K, committed 110400K, reserved 557056K
  class space    used 15072K, committed 15616K, reserved 425984K
}
Event: 36.796 GC heap after
{Heap after GC invocations=65 (full 0):
 garbage-first heap   total 260096K, used 192757K [0x0000000080000000, 0x0000000100000000)
  region size 1024K, 2 young (2048K), 2 survivors (2048K)
 Metaspace       used 109282K, committed 110400K, reserved 557056K
  class space    used 15072K, committed 15616K, reserved 425984K
}
Event: 36.911 GC heap before
{Heap before GC invocations=66 (full 0):
 garbage-first heap   total 365568K, used 240885K [0x0000000080000000, 0x0000000100000000)
  region size 1024K, 34 young (34816K), 2 survivors (2048K)
 Metaspace       used 109465K, committed 110528K, reserved 557056K
  class space    used 15100K, committed 15616K, reserved 425984K
}
Event: 36.915 GC heap after
{Heap after GC invocations=67 (full 0):
 garbage-first heap   total 365568K, used 182912K [0x0000000080000000, 0x0000000100000000)
  region size 1024K, 5 young (5120K), 5 survivors (5120K)
 Metaspace       used 109465K, committed 110528K, reserved 557056K
  class space    used 15100K, committed 15616K, reserved 425984K
}
Event: 36.919 GC heap before
{Heap before GC invocations=67 (full 0):
 garbage-first heap   total 365568K, used 195200K [0x0000000080000000, 0x0000000100000000)
  region size 1024K, 17 young (17408K), 5 survivors (5120K)
 Metaspace       used 109468K, committed 110528K, reserved 557056K
  class space    used 15100K, committed 15616K, reserved 425984K
}
Event: 36.932 GC heap after
{Heap after GC invocations=68 (full 0):
 garbage-first heap   total 365568K, used 185585K [0x0000000080000000, 0x0000000100000000)
  region size 1024K, 3 young (3072K), 3 survivors (3072K)
 Metaspace       used 109468K, committed 110528K, reserved 557056K
  class space    used 15100K, committed 15616K, reserved 425984K
}
Event: 37.234 GC heap before
{Heap before GC invocations=68 (full 0):
 garbage-first heap   total 365568K, used 302321K [0x0000000080000000, 0x0000000100000000)
  region size 1024K, 118 young (120832K), 3 survivors (3072K)
 Metaspace       used 110664K, committed 111808K, reserved 557056K
  class space    used 15289K, committed 15872K, reserved 425984K
}
Event: 37.241 GC heap after
{Heap after GC invocations=69 (full 0):
 garbage-first heap   total 365568K, used 205109K [0x0000000080000000, 0x0000000100000000)
  region size 1024K, 15 young (15360K), 15 survivors (15360K)
 Metaspace       used 110664K, committed 111808K, reserved 557056K
  class space    used 15289K, committed 15872K, reserved 425984K
}
Event: 37.880 GC heap before
{Heap before GC invocations=69 (full 0):
 garbage-first heap   total 365568K, used 297269K [0x0000000080000000, 0x0000000100000000)
  region size 1024K, 106 young (108544K), 15 survivors (15360K)
 Metaspace       used 115495K, committed 116672K, reserved 557056K
  class space    used 16109K, committed 16704K, reserved 425984K
}
Event: 37.889 GC heap after
{Heap after GC invocations=70 (full 0):
 garbage-first heap   total 365568K, used 219983K [0x0000000080000000, 0x0000000100000000)
  region size 1024K, 14 young (14336K), 14 survivors (14336K)
 Metaspace       used 115495K, committed 116672K, reserved 557056K
  class space    used 16109K, committed 16704K, reserved 425984K
}
Event: 38.232 GC heap before
{Heap before GC invocations=70 (full 0):
 garbage-first heap   total 365568K, used 298831K [0x0000000080000000, 0x0000000100000000)
  region size 1024K, 92 young (94208K), 14 survivors (14336K)
 Metaspace       used 119175K, committed 120320K, reserved 557056K
  class space    used 16762K, committed 17344K, reserved 425984K
}
Event: 38.254 GC heap after
{Heap after GC invocations=71 (full 0):
 garbage-first heap   total 365568K, used 232399K [0x0000000080000000, 0x0000000100000000)
  region size 1024K, 12 young (12288K), 12 survivors (12288K)
 Metaspace       used 119175K, committed 120320K, reserved 557056K
  class space    used 16762K, committed 17344K, reserved 425984K
}
Event: 38.592 GC heap before
{Heap before GC invocations=71 (full 0):
 garbage-first heap   total 365568K, used 302031K [0x0000000080000000, 0x0000000100000000)
  region size 1024K, 81 young (82944K), 12 survivors (12288K)
 Metaspace       used 122297K, committed 123520K, reserved 557056K
  class space    used 17706K, committed 18304K, reserved 425984K
}
Event: 38.624 GC heap after
{Heap after GC invocations=72 (full 0):
 garbage-first heap   total 365568K, used 244903K [0x0000000080000000, 0x0000000100000000)
  region size 1024K, 11 young (11264K), 11 survivors (11264K)
 Metaspace       used 122297K, committed 123520K, reserved 557056K
  class space    used 17706K, committed 18304K, reserved 425984K
}
Event: 38.942 GC heap before
{Heap before GC invocations=72 (full 0):
 garbage-first heap   total 365568K, used 302247K [0x0000000080000000, 0x0000000100000000)
  region size 1024K, 68 young (69632K), 11 survivors (11264K)
 Metaspace       used 124561K, committed 125760K, reserved 557056K
  class space    used 18154K, committed 18752K, reserved 425984K
}

Dll operation events (17 events):
Event: 0.012 Loaded shared library C:\Program Files\Amazon Corretto\jdk17.0.13_11\bin\java.dll
Event: 0.054 Loaded shared library C:\Program Files\Amazon Corretto\jdk17.0.13_11\bin\jsvml.dll
Event: 0.091 Loaded shared library C:\Program Files\Amazon Corretto\jdk17.0.13_11\bin\zip.dll
Event: 0.095 Loaded shared library C:\Program Files\Amazon Corretto\jdk17.0.13_11\bin\instrument.dll
Event: 0.098 Loaded shared library C:\Program Files\Amazon Corretto\jdk17.0.13_11\bin\net.dll
Event: 0.100 Loaded shared library C:\Program Files\Amazon Corretto\jdk17.0.13_11\bin\nio.dll
Event: 0.103 Loaded shared library C:\Program Files\Amazon Corretto\jdk17.0.13_11\bin\zip.dll
Event: 0.305 Loaded shared library C:\Program Files\Amazon Corretto\jdk17.0.13_11\bin\jimage.dll
Event: 0.369 Loaded shared library C:\Program Files\Amazon Corretto\jdk17.0.13_11\bin\verify.dll
Event: 0.513 Loaded shared library C:\Users\Asus\.gradle\native\68d5fa5c4cc2d200863cafc0d521ce42e7d3e7ee720ec0a83991735586a16f82\windows-amd64\native-platform.dll
Event: 0.517 Loaded shared library C:\Users\Asus\.gradle\native\e376f236ea51e6404a007f0833ffe2c6e607c4080706a723a18a27aeea778392\windows-amd64\native-platform-file-events.dll
Event: 1.250 Loaded shared library C:\Program Files\Amazon Corretto\jdk17.0.13_11\bin\management.dll
Event: 1.253 Loaded shared library C:\Program Files\Amazon Corretto\jdk17.0.13_11\bin\management_ext.dll
Event: 1.438 Loaded shared library C:\Program Files\Amazon Corretto\jdk17.0.13_11\bin\extnet.dll
Event: 1.643 Loaded shared library C:\Program Files\Amazon Corretto\jdk17.0.13_11\bin\sunmscapi.dll
Event: 35.144 Loaded shared library C:\Users\Asus\AppData\Local\Temp\native-platform15801590080950564953dir\native-platform.dll
Event: 36.336 Loaded shared library C:\Program Files\Amazon Corretto\jdk17.0.13_11\bin\rmi.dll

Deoptimization events (20 events):
Event: 38.893 Thread 0x00000133c3ea3f40 Uncommon trap: reason=unstable_if action=reinterpret pc=0x000001338faa478c method=java.util.concurrent.ConcurrentHashMap.putVal(Ljava/lang/Object;Ljava/lang/Object;Z)Ljava/lang/Object; @ 112 c2
Event: 38.893 Thread 0x00000133c3ea4450 Uncommon trap: reason=unstable_if action=reinterpret pc=0x000001338faa478c method=java.util.concurrent.ConcurrentHashMap.putVal(Ljava/lang/Object;Ljava/lang/Object;Z)Ljava/lang/Object; @ 112 c2
Event: 38.893 Thread 0x00000133c3ea5da0 Uncommon trap: trap_request=0xffffff45 fr.pc=0x000001338faa6edc relative=0x000000000000131c
Event: 38.893 Thread 0x00000133bcaa0b60 Uncommon trap: trap_request=0xffffff45 fr.pc=0x000001338faa6f4c relative=0x000000000000138c
Event: 38.893 Thread 0x00000133c3ea5da0 Uncommon trap: reason=unstable_if action=reinterpret pc=0x000001338faa6edc method=java.util.concurrent.ConcurrentHashMap.transfer([Ljava/util/concurrent/ConcurrentHashMap$Node;[Ljava/util/concurrent/ConcurrentHashMap$Node;)V @ 172 c2
Event: 38.893 Thread 0x00000133bcaa0b60 Uncommon trap: reason=unstable_if action=reinterpret pc=0x000001338faa6f4c method=java.util.concurrent.ConcurrentHashMap.transfer([Ljava/util/concurrent/ConcurrentHashMap$Node;[Ljava/util/concurrent/ConcurrentHashMap$Node;)V @ 259 c2
Event: 38.893 Thread 0x00000133c3ea16c0 DEOPT PACKING pc=0x000001338faa478c sp=0x000000297eaf8d70
Event: 38.893 Thread 0x00000133c3ea3f40 DEOPT PACKING pc=0x000001338faa478c sp=0x000000297fef8930
Event: 38.893 Thread 0x00000133c3ea16c0 DEOPT UNPACKING pc=0x000001338ef269a3 sp=0x000000297eaf8d00 mode 2
Event: 38.893 Thread 0x00000133c3ea4450 DEOPT PACKING pc=0x000001338faa478c sp=0x000000297faf9000
Event: 38.893 Thread 0x00000133c3ea3f40 DEOPT UNPACKING pc=0x000001338ef269a3 sp=0x000000297fef88c0 mode 2
Event: 38.893 Thread 0x00000133c3ea4450 DEOPT UNPACKING pc=0x000001338ef269a3 sp=0x000000297faf8f90 mode 2
Event: 38.894 Thread 0x00000133c3ea5da0 DEOPT PACKING pc=0x000001338faa6edc sp=0x00000029000f8aa0
Event: 38.894 Thread 0x00000133bcaa0b60 DEOPT PACKING pc=0x000001338faa6f4c sp=0x00000029006f8eb0
Event: 38.894 Thread 0x00000133c3ea5da0 DEOPT UNPACKING pc=0x000001338ef269a3 sp=0x00000029000f8a60 mode 2
Event: 38.894 Thread 0x00000133bcaa0b60 DEOPT UNPACKING pc=0x000001338ef269a3 sp=0x00000029006f8e58 mode 2
Event: 38.916 Thread 0x00000133c3ea71e0 Uncommon trap: trap_request=0xffffff45 fr.pc=0x000001338fe4e750 relative=0x00000000000002f0
Event: 38.916 Thread 0x00000133c3ea71e0 Uncommon trap: reason=unstable_if action=reinterpret pc=0x000001338fe4e750 method=com.android.tools.r8.graph.q0.D1()Z @ 4 c2
Event: 38.916 Thread 0x00000133c3ea71e0 DEOPT PACKING pc=0x000001338fe4e750 sp=0x000000297f9fa4e0
Event: 38.916 Thread 0x00000133c3ea71e0 DEOPT UNPACKING pc=0x000001338ef269a3 sp=0x000000297f9fa338 mode 2

Classes loaded (20 events):
Event: 36.453 Loading class sun/rmi/transport/DGCImpl$1
Event: 36.454 Loading class sun/rmi/transport/DGCImpl$1 done
Event: 36.454 Loading class sun/rmi/transport/SequenceEntry
Event: 36.454 Loading class sun/rmi/transport/SequenceEntry done
Event: 37.058 Loading class sun/nio/fs/Globs
Event: 37.059 Loading class sun/nio/fs/Globs done
Event: 37.059 Loading class java/util/regex/Pattern$SliceU
Event: 37.059 Loading class java/util/regex/Pattern$SliceU done
Event: 37.059 Loading class sun/nio/fs/WindowsFileSystem$2
Event: 37.059 Loading class java/nio/file/PathMatcher
Event: 37.060 Loading class java/nio/file/PathMatcher done
Event: 37.060 Loading class sun/nio/fs/WindowsFileSystem$2 done
Event: 37.110 Loading class java/util/zip/ZipInputStream
Event: 37.111 Loading class java/util/zip/ZipInputStream done
Event: 37.227 Loading class java/io/UTFDataFormatException
Event: 37.227 Loading class java/io/UTFDataFormatException done
Event: 37.386 Loading class java/util/concurrent/RejectedExecutionException
Event: 37.386 Loading class java/util/concurrent/RejectedExecutionException done
Event: 37.581 Loading class java/lang/reflect/GenericSignatureFormatError
Event: 37.581 Loading class java/lang/reflect/GenericSignatureFormatError done

Classes unloaded (19 events):
Event: 31.080 Thread 0x00000133ffc91590 Unloading class 0x000001339ae64c00 'java/lang/invoke/LambdaForm$DMH+0x000001339ae64c00'
Event: 31.080 Thread 0x00000133ffc91590 Unloading class 0x000001339ae64800 'java/lang/invoke/LambdaForm$DMH+0x000001339ae64800'
Event: 31.080 Thread 0x00000133ffc91590 Unloading class 0x000001339ae64400 'java/lang/invoke/LambdaForm$DMH+0x000001339ae64400'
Event: 31.080 Thread 0x00000133ffc91590 Unloading class 0x000001339ae64000 'java/lang/invoke/LambdaForm$DMH+0x000001339ae64000'
Event: 31.080 Thread 0x00000133ffc91590 Unloading class 0x000001339ae63c00 'java/lang/invoke/LambdaForm$DMH+0x000001339ae63c00'
Event: 31.080 Thread 0x00000133ffc91590 Unloading class 0x000001339ae63800 'java/lang/invoke/LambdaForm$DMH+0x000001339ae63800'
Event: 31.080 Thread 0x00000133ffc91590 Unloading class 0x000001339ae63000 'java/lang/invoke/LambdaForm$DMH+0x000001339ae63000'
Event: 31.080 Thread 0x00000133ffc91590 Unloading class 0x000001339ae62c00 'java/lang/invoke/LambdaForm$DMH+0x000001339ae62c00'
Event: 31.080 Thread 0x00000133ffc91590 Unloading class 0x000001339ae62800 'java/lang/invoke/LambdaForm$DMH+0x000001339ae62800'
Event: 31.080 Thread 0x00000133ffc91590 Unloading class 0x000001339ae62400 'java/lang/invoke/LambdaForm$DMH+0x000001339ae62400'
Event: 31.080 Thread 0x00000133ffc91590 Unloading class 0x000001339ae62000 'java/lang/invoke/LambdaForm$DMH+0x000001339ae62000'
Event: 31.080 Thread 0x00000133ffc91590 Unloading class 0x000001339ae61c00 'java/lang/invoke/LambdaForm$DMH+0x000001339ae61c00'
Event: 31.080 Thread 0x00000133ffc91590 Unloading class 0x000001339ae61800 'java/lang/invoke/LambdaForm$DMH+0x000001339ae61800'
Event: 31.080 Thread 0x00000133ffc91590 Unloading class 0x000001339ae61400 'java/lang/invoke/LambdaForm$DMH+0x000001339ae61400'
Event: 31.080 Thread 0x00000133ffc91590 Unloading class 0x000001339ae61000 'java/lang/invoke/LambdaForm$DMH+0x000001339ae61000'
Event: 31.080 Thread 0x00000133ffc91590 Unloading class 0x000001339ae60c00 'java/lang/invoke/LambdaForm$DMH+0x000001339ae60c00'
Event: 31.080 Thread 0x00000133ffc91590 Unloading class 0x000001339ae60800 'java/lang/invoke/LambdaForm$DMH+0x000001339ae60800'
Event: 31.080 Thread 0x00000133ffc91590 Unloading class 0x000001339ae60400 'java/lang/invoke/LambdaForm$DMH+0x000001339ae60400'
Event: 31.080 Thread 0x00000133ffc91590 Unloading class 0x000001339ae63400 'java/lang/invoke/LambdaForm$DMH+0x000001339ae63400'

Classes redefined (0 events):
No events

Internal exceptions (20 events):
Event: 38.442 Thread 0x00000133bcaa4310 Exception <a 'java/lang/NoSuchMethodError'{0x0000000093b3db50}: 'java.lang.Object java.lang.invoke.DirectMethodHandle$Holder.invokeStatic(java.lang.Object, java.lang.Object, int, java.lang.Object, java.lang.Object)'> (0x0000000093b3db50) 
thrown [s\src\hotspot\share\interpreter\linkResolver.cpp, line 759]
Event: 38.442 Thread 0x00000133bcaa7fd0 Exception <a 'java/lang/NoSuchMethodError'{0x0000000093a31618}: 'java.lang.Object java.lang.invoke.DirectMethodHandle$Holder.invokeStatic(java.lang.Object, java.lang.Object, int, java.lang.Object, java.lang.Object)'> (0x0000000093a31618) 
thrown [s\src\hotspot\share\interpreter\linkResolver.cpp, line 759]
Event: 38.442 Thread 0x00000133c3ea5da0 Exception <a 'java/lang/NoSuchMethodError'{0x00000000939005a8}: 'java.lang.Object java.lang.invoke.DirectMethodHandle$Holder.invokeStatic(java.lang.Object, java.lang.Object, int, java.lang.Object, java.lang.Object)'> (0x00000000939005a8) 
thrown [s\src\hotspot\share\interpreter\linkResolver.cpp, line 759]
Event: 38.651 Thread 0x00000133bcaa38f0 Exception <a 'java/lang/NoSuchMethodError'{0x0000000095f4ee40}: 'int java.lang.invoke.DirectMethodHandle$Holder.invokeSpecial(java.lang.Object, java.lang.Object, java.lang.Object, java.lang.Object, java.lang.Object, java.lang.Object)'> (0x0000000095f4ee40) 
thrown [s\src\hotspot\share\interpreter\linkResolver.cpp, line 759]
Event: 38.651 Thread 0x00000133bcaa33e0 Exception <a 'java/lang/NoSuchMethodError'{0x00000000961fc6f8}: 'int java.lang.invoke.DirectMethodHandle$Holder.invokeSpecial(java.lang.Object, java.lang.Object, java.lang.Object, java.lang.Object, java.lang.Object, java.lang.Object)'> (0x00000000961fc6f8) 
thrown [s\src\hotspot\share\interpreter\linkResolver.cpp, line 759]
Event: 38.651 Thread 0x00000133bcaa4820 Exception <a 'java/lang/NoSuchMethodError'{0x0000000095f3fcd8}: 'int java.lang.invoke.DirectMethodHandle$Holder.invokeSpecial(java.lang.Object, java.lang.Object, java.lang.Object, java.lang.Object, java.lang.Object, java.lang.Object)'> (0x0000000095f3fcd8) 
thrown [s\src\hotspot\share\interpreter\linkResolver.cpp, line 759]
Event: 38.651 Thread 0x00000133bcaa29c0 Exception <a 'java/lang/NoSuchMethodError'{0x00000000961ea270}: 'int java.lang.invoke.DirectMethodHandle$Holder.invokeSpecial(java.lang.Object, java.lang.Object, java.lang.Object, java.lang.Object, java.lang.Object, java.lang.Object)'> (0x00000000961ea270) 
thrown [s\src\hotspot\share\interpreter\linkResolver.cpp, line 759]
Event: 38.651 Thread 0x00000133bcaa3e00 Exception <a 'java/lang/NoSuchMethodError'{0x0000000095f373a8}: 'int java.lang.invoke.DirectMethodHandle$Holder.invokeSpecial(java.lang.Object, java.lang.Object, java.lang.Object, java.lang.Object, java.lang.Object, java.lang.Object)'> (0x0000000095f373a8) 
thrown [s\src\hotspot\share\interpreter\linkResolver.cpp, line 759]
Event: 38.651 Thread 0x00000133c3ea4450 Exception <a 'java/lang/NoSuchMethodError'{0x00000000961f6278}: 'int java.lang.invoke.DirectMethodHandle$Holder.invokeSpecial(java.lang.Object, java.lang.Object, java.lang.Object, java.lang.Object, java.lang.Object, java.lang.Object)'> (0x00000000961f6278) 
thrown [s\src\hotspot\share\interpreter\linkResolver.cpp, line 759]
Event: 38.651 Thread 0x00000133c3ea3f40 Exception <a 'java/lang/NoSuchMethodError'{0x00000000960444e8}: 'int java.lang.invoke.DirectMethodHandle$Holder.invokeSpecial(java.lang.Object, java.lang.Object, java.lang.Object, java.lang.Object, java.lang.Object, java.lang.Object)'> (0x00000000960444e8) 
thrown [s\src\hotspot\share\interpreter\linkResolver.cpp, line 759]
Event: 38.651 Thread 0x00000133c3ea4e70 Exception <a 'java/lang/NoSuchMethodError'{0x000000009608d090}: 'int java.lang.invoke.DirectMethodHandle$Holder.invokeSpecial(java.lang.Object, java.lang.Object, java.lang.Object, java.lang.Object, java.lang.Object, java.lang.Object)'> (0x000000009608d090) 
thrown [s\src\hotspot\share\interpreter\linkResolver.cpp, line 759]
Event: 38.651 Thread 0x00000133c3ea16c0 Exception <a 'java/lang/NoSuchMethodError'{0x0000000095f601c0}: 'int java.lang.invoke.DirectMethodHandle$Holder.invokeSpecial(java.lang.Object, java.lang.Object, java.lang.Object, java.lang.Object, java.lang.Object, java.lang.Object)'> (0x0000000095f601c0) 
thrown [s\src\hotspot\share\interpreter\linkResolver.cpp, line 759]
Event: 38.651 Thread 0x00000133c3ea71e0 Exception <a 'java/lang/NoSuchMethodError'{0x0000000096286d98}: 'int java.lang.invoke.DirectMethodHandle$Holder.invokeSpecial(java.lang.Object, java.lang.Object, java.lang.Object, java.lang.Object, java.lang.Object, java.lang.Object)'> (0x0000000096286d98) 
thrown [s\src\hotspot\share\interpreter\linkResolver.cpp, line 759]
Event: 38.652 Thread 0x00000133c3ea5890 Exception <a 'java/lang/NoSuchMethodError'{0x0000000095f48220}: 'int java.lang.invoke.DirectMethodHandle$Holder.invokeSpecial(java.lang.Object, java.lang.Object, java.lang.Object, java.lang.Object, java.lang.Object, java.lang.Object)'> (0x0000000095f48220) 
thrown [s\src\hotspot\share\interpreter\linkResolver.cpp, line 759]
Event: 38.652 Thread 0x00000133b99ec6f0 Exception <a 'java/lang/NoSuchMethodError'{0x0000000096012658}: 'int java.lang.invoke.DirectMethodHandle$Holder.invokeSpecial(java.lang.Object, java.lang.Object, java.lang.Object, java.lang.Object, java.lang.Object, java.lang.Object)'> (0x0000000096012658) 
thrown [s\src\hotspot\share\interpreter\linkResolver.cpp, line 759]
Event: 38.652 Thread 0x00000133bcaa4310 Exception <a 'java/lang/NoSuchMethodError'{0x0000000096027338}: 'int java.lang.invoke.DirectMethodHandle$Holder.invokeSpecial(java.lang.Object, java.lang.Object, java.lang.Object, java.lang.Object, java.lang.Object, java.lang.Object)'> (0x0000000096027338) 
thrown [s\src\hotspot\share\interpreter\linkResolver.cpp, line 759]
Event: 38.867 Thread 0x00000133c3ea71e0 Exception <a 'java/lang/NoSuchMethodError'{0x000000009415a168}: 'long java.lang.invoke.DirectMethodHandle$Holder.invokeStatic(java.lang.Object, java.lang.Object)'> (0x000000009415a168) 
thrown [s\src\hotspot\share\interpreter\linkResolver.cpp, line 759]
Event: 38.867 Thread 0x00000133bcaa38f0 Exception <a 'java/lang/NoSuchMethodError'{0x0000000093f8f610}: 'long java.lang.invoke.DirectMethodHandle$Holder.invokeStatic(java.lang.Object, java.lang.Object)'> (0x0000000093f8f610) 
thrown [s\src\hotspot\share\interpreter\linkResolver.cpp, line 759]
Event: 38.885 Thread 0x00000133bcaa38f0 Exception <a 'java/lang/NoSuchMethodError'{0x0000000093b2b588}: 'void java.lang.invoke.DirectMethodHandle$Holder.invokeSpecial(java.lang.Object, java.lang.Object, java.lang.Object, java.lang.Object, java.lang.Object, java.lang.Object, java.lang.Object, java.lang.Object, java.lang.Object, java.lang.Object)'> (0x0000000093b2b588) 
thrown [s\src\hotspot\share\interpreter\linkResolver.cpp, line 759]
Event: 38.886 Thread 0x00000133bcaa38f0 Exception <a 'java/lang/NoSuchMethodError'{0x0000000093b86550}: 'java.lang.Object java.lang.invoke.DirectMethodHandle$Holder.newInvokeSpecial(java.lang.Object, java.lang.Object, java.lang.Object, java.lang.Object, java.lang.Object, java.lang.Object, java.lang.Object, java.lang.Object, java.lang.Object)'> (0x0000000093b86550) 
thrown [s\src\hotspot\share\interpreter\linkResolver.cpp, line 759]

VM Operations (20 events):
Event: 38.104 Executing VM operation: HandshakeAllThreads done
Event: 38.107 Executing VM operation: HandshakeAllThreads
Event: 38.107 Executing VM operation: HandshakeAllThreads done
Event: 38.113 Executing VM operation: HandshakeAllThreads
Event: 38.114 Executing VM operation: HandshakeAllThreads done
Event: 38.225 Executing VM operation: G1CollectForAllocation
Event: 38.254 Executing VM operation: G1CollectForAllocation done
Event: 38.591 Executing VM operation: G1CollectForAllocation
Event: 38.624 Executing VM operation: G1CollectForAllocation done
Event: 38.660 Executing VM operation: HandshakeAllThreads
Event: 38.661 Executing VM operation: HandshakeAllThreads done
Event: 38.871 Executing VM operation: HandshakeAllThreads
Event: 38.872 Executing VM operation: HandshakeAllThreads done
Event: 38.882 Executing VM operation: HandshakeAllThreads
Event: 38.882 Executing VM operation: HandshakeAllThreads done
Event: 38.901 Executing VM operation: HandshakeAllThreads
Event: 38.902 Executing VM operation: HandshakeAllThreads done
Event: 38.929 Executing VM operation: HandshakeAllThreads
Event: 38.929 Executing VM operation: HandshakeAllThreads done
Event: 38.941 Executing VM operation: G1CollectForAllocation

Memory protections (0 events):
No events

Nmethod flushes (20 events):
Event: 36.399 Thread 0x0000013398b340d0 flushing  nmethod 0x0000013389642590
Event: 36.399 Thread 0x0000013398b340d0 flushing  nmethod 0x0000013389653610
Event: 36.399 Thread 0x0000013398b340d0 flushing  nmethod 0x0000013389735690
Event: 36.399 Thread 0x0000013398b340d0 flushing  nmethod 0x0000013389736c90
Event: 36.399 Thread 0x0000013398b340d0 flushing  nmethod 0x000001338974e710
Event: 36.399 Thread 0x0000013398b340d0 flushing  nmethod 0x000001338974ef10
Event: 36.399 Thread 0x0000013398b340d0 flushing  nmethod 0x000001338974f410
Event: 36.399 Thread 0x0000013398b340d0 flushing  nmethod 0x000001338974fa10
Event: 36.399 Thread 0x0000013398b340d0 flushing  nmethod 0x0000013389762890
Event: 36.400 Thread 0x0000013398b340d0 flushing  nmethod 0x00000133897bef90
Event: 36.400 Thread 0x0000013398b340d0 flushing  nmethod 0x000001338982fa10
Event: 37.614 Thread 0x0000013398b340d0 flushing  nmethod 0x000001338fa73010
Event: 37.614 Thread 0x0000013398b340d0 flushing  nmethod 0x000001338fae7e90
Event: 37.615 Thread 0x0000013398b340d0 flushing  nmethod 0x000001338fed2a90
Event: 37.620 Thread 0x0000013398b340d0 flushing  nmethod 0x0000013387c71210
Event: 37.622 Thread 0x0000013398b340d0 flushing  nmethod 0x0000013387f7b690
Event: 37.622 Thread 0x0000013398b340d0 flushing  nmethod 0x000001338800df10
Event: 37.632 Thread 0x0000013398b340d0 flushing  nmethod 0x000001338892b090
Event: 37.643 Thread 0x0000013398b340d0 flushing  nmethod 0x00000133897b3a10
Event: 37.644 Thread 0x0000013398b340d0 flushing  nmethod 0x00000133898d2610

Events (20 events):
Event: 34.520 Thread 0x00000133b99ef990 Thread added: 0x00000133bcaa6170
Event: 34.615 Thread 0x00000133baf0e1f0 Thread added: 0x00000133baf0e740
Event: 34.752 Thread 0x00000133baf0e740 Thread exited: 0x00000133baf0e740
Event: 34.785 Thread 0x00000133baf0e1f0 Thread exited: 0x00000133baf0e1f0
Event: 35.760 Thread 0x00000133bcaa6170 Thread added: 0x00000133bcaa9920
Event: 36.229 Thread 0x00000133bcaa9920 Thread exited: 0x00000133bcaa9920
Event: 36.326 Thread 0x00000133baf0bcc0 Thread exited: 0x00000133baf0bcc0
Event: 36.327 Thread 0x0000013398cc3e70 Thread exited: 0x0000013398cc3e70
Event: 36.331 Thread 0x00000133bcaa6170 Thread added: 0x00000133bcaac1a0
Event: 36.335 Thread 0x00000133bcaa6170 Thread added: 0x00000133bcaac6b0
Event: 36.336 Thread 0x00000133bcaa6170 Thread added: 0x00000133bcaacbc0
Event: 36.369 Thread 0x00000133bd433e20 Thread added: 0x00000133bcaad0d0
Event: 36.386 Thread 0x00000133bcaa6170 Thread added: 0x00000133bcaa9920
Event: 36.387 Thread 0x00000133bcaa6170 Thread added: 0x00000133bcaa9e30
Event: 36.400 Thread 0x0000013398cc2930 Thread added: 0x00000133baf0e1f0
Event: 36.430 Thread 0x00000133bcaad0d0 Thread added: 0x00000133bcaad5e0
Event: 36.447 Thread 0x00000133bcaa9920 Thread added: 0x00000133bcaadaf0
Event: 36.449 Thread 0x00000133bcaa9920 Thread added: 0x00000133bcaaa340
Event: 37.691 Thread 0x0000013398b28fb0 Thread added: 0x00000133baf0bcc0
Event: 38.142 Thread 0x0000013398b28fb0 Thread added: 0x0000013398cc3e70


Dynamic libraries:
0x00007ff63f470000 - 0x00007ff63f47e000 	C:\Program Files\Amazon Corretto\jdk17.0.13_11\bin\java.exe
0x00007ffc63620000 - 0x00007ffc63880000 	C:\WINDOWS\SYSTEM32\ntdll.dll
0x00007ffc20930000 - 0x00007ffc2094a000 	C:\Program Files\AVG\Antivirus\aswhook.dll
0x00007ffc616a0000 - 0x00007ffc61767000 	C:\WINDOWS\System32\KERNEL32.DLL
0x00007ffc60db0000 - 0x00007ffc6117a000 	C:\WINDOWS\System32\KERNELBASE.dll
0x00007ffc60830000 - 0x00007ffc6097b000 	C:\WINDOWS\System32\ucrtbase.dll
0x00007ffc489e0000 - 0x00007ffc489f7000 	C:\Program Files\Amazon Corretto\jdk17.0.13_11\bin\jli.dll
0x00007ffc486a0000 - 0x00007ffc486bb000 	C:\Program Files\Amazon Corretto\jdk17.0.13_11\bin\VCRUNTIME140.dll
0x00007ffc62e50000 - 0x00007ffc6301c000 	C:\WINDOWS\System32\USER32.dll
0x00007ffc3cf50000 - 0x00007ffc3d1e7000 	C:\WINDOWS\WinSxS\amd64_microsoft.windows.common-controls_6595b64144ccf1df_6.0.26100.3624_none_3e086962e3345f24\COMCTL32.dll
0x00007ffc60800000 - 0x00007ffc60827000 	C:\WINDOWS\System32\win32u.dll
0x00007ffc627e0000 - 0x00007ffc6280a000 	C:\WINDOWS\System32\GDI32.dll
0x00007ffc63270000 - 0x00007ffc63319000 	C:\WINDOWS\System32\msvcrt.dll
0x00007ffc60bb0000 - 0x00007ffc60ce1000 	C:\WINDOWS\System32\gdi32full.dll
0x00007ffc60b00000 - 0x00007ffc60ba3000 	C:\WINDOWS\System32\msvcp_win.dll
0x00007ffc61fb0000 - 0x00007ffc61fdf000 	C:\WINDOWS\System32\IMM32.DLL
0x00007ffc489d0000 - 0x00007ffc489dc000 	C:\Program Files\Amazon Corretto\jdk17.0.13_11\bin\vcruntime140_1.dll
0x00007ffc42970000 - 0x00007ffc429fd000 	C:\Program Files\Amazon Corretto\jdk17.0.13_11\bin\msvcp140.dll
0x00007ffbb3d40000 - 0x00007ffbb49ac000 	C:\Program Files\Amazon Corretto\jdk17.0.13_11\bin\server\jvm.dll
0x00007ffc61df0000 - 0x00007ffc61ea2000 	C:\WINDOWS\System32\ADVAPI32.dll
0x00007ffc63080000 - 0x00007ffc63126000 	C:\WINDOWS\System32\sechost.dll
0x00007ffc63150000 - 0x00007ffc63266000 	C:\WINDOWS\System32\RPCRT4.dll
0x00007ffc62760000 - 0x00007ffc627d4000 	C:\WINDOWS\System32\WS2_32.dll
0x00007ffc5f490000 - 0x00007ffc5f4ee000 	C:\WINDOWS\SYSTEM32\POWRPROF.dll
0x00007ffc546b0000 - 0x00007ffc546e6000 	C:\WINDOWS\SYSTEM32\WINMM.dll
0x00007ffc56b70000 - 0x00007ffc56b7b000 	C:\WINDOWS\SYSTEM32\VERSION.dll
0x00007ffc5f470000 - 0x00007ffc5f484000 	C:\WINDOWS\SYSTEM32\UMPDC.dll
0x00007ffc5f730000 - 0x00007ffc5f74a000 	C:\WINDOWS\SYSTEM32\kernel.appcore.dll
0x00007ffc42960000 - 0x00007ffc4296a000 	C:\Program Files\Amazon Corretto\jdk17.0.13_11\bin\jimage.dll
0x00007ffc5dfc0000 - 0x00007ffc5e201000 	C:\WINDOWS\SYSTEM32\DBGHELP.DLL
0x00007ffc62810000 - 0x00007ffc62b92000 	C:\WINDOWS\System32\combase.dll
0x00007ffc61420000 - 0x00007ffc614f6000 	C:\WINDOWS\System32\OLEAUT32.dll
0x00007ffc4a560000 - 0x00007ffc4a599000 	C:\WINDOWS\SYSTEM32\dbgcore.DLL
0x00007ffc61380000 - 0x00007ffc61419000 	C:\WINDOWS\System32\bcryptPrimitives.dll
0x00007ffc42760000 - 0x00007ffc4276e000 	C:\Program Files\Amazon Corretto\jdk17.0.13_11\bin\instrument.dll
0x00007ffc42930000 - 0x00007ffc42955000 	C:\Program Files\Amazon Corretto\jdk17.0.13_11\bin\java.dll
0x00007ffc42850000 - 0x00007ffc42927000 	C:\Program Files\Amazon Corretto\jdk17.0.13_11\bin\jsvml.dll
0x00007ffc62020000 - 0x00007ffc62749000 	C:\WINDOWS\System32\SHELL32.dll
0x00007ffc61210000 - 0x00007ffc61378000 	C:\WINDOWS\System32\wintypes.dll
0x00007ffc5e4c0000 - 0x00007ffc5ed12000 	C:\WINDOWS\SYSTEM32\windows.storage.dll
0x00007ffc615b0000 - 0x00007ffc6169d000 	C:\WINDOWS\System32\SHCORE.dll
0x00007ffc62d60000 - 0x00007ffc62dc4000 	C:\WINDOWS\System32\shlwapi.dll
0x00007ffc60710000 - 0x00007ffc6073f000 	C:\WINDOWS\SYSTEM32\profapi.dll
0x00007ffc427f0000 - 0x00007ffc42808000 	C:\Program Files\Amazon Corretto\jdk17.0.13_11\bin\zip.dll
0x00007ffc42830000 - 0x00007ffc42849000 	C:\Program Files\Amazon Corretto\jdk17.0.13_11\bin\net.dll
0x00007ffc571d0000 - 0x00007ffc572ed000 	C:\WINDOWS\SYSTEM32\WINHTTP.dll
0x00007ffc5fc50000 - 0x00007ffc5fcba000 	C:\WINDOWS\system32\mswsock.dll
0x00007ffc42810000 - 0x00007ffc42826000 	C:\Program Files\Amazon Corretto\jdk17.0.13_11\bin\nio.dll
0x00007ffc427e0000 - 0x00007ffc427f0000 	C:\Program Files\Amazon Corretto\jdk17.0.13_11\bin\verify.dll
0x00007ffc427b0000 - 0x00007ffc427d7000 	C:\Users\Asus\.gradle\native\68d5fa5c4cc2d200863cafc0d521ce42e7d3e7ee720ec0a83991735586a16f82\windows-amd64\native-platform.dll
0x00007ffc31760000 - 0x00007ffc318a4000 	C:\Users\Asus\.gradle\native\e376f236ea51e6404a007f0833ffe2c6e607c4080706a723a18a27aeea778392\windows-amd64\native-platform-file-events.dll
0x00007ffc427a0000 - 0x00007ffc427a9000 	C:\Program Files\Amazon Corretto\jdk17.0.13_11\bin\management.dll
0x00007ffc42790000 - 0x00007ffc4279b000 	C:\Program Files\Amazon Corretto\jdk17.0.13_11\bin\management_ext.dll
0x00007ffc61770000 - 0x00007ffc61778000 	C:\WINDOWS\System32\PSAPI.DLL
0x00007ffc5fef0000 - 0x00007ffc5ff0c000 	C:\WINDOWS\SYSTEM32\CRYPTSP.dll
0x00007ffc5f690000 - 0x00007ffc5f6ca000 	C:\WINDOWS\system32\rsaenh.dll
0x00007ffc5fcf0000 - 0x00007ffc5fd1b000 	C:\WINDOWS\SYSTEM32\USERENV.dll
0x00007ffc606e0000 - 0x00007ffc60706000 	C:\WINDOWS\SYSTEM32\bcrypt.dll
0x00007ffc5ff10000 - 0x00007ffc5ff1c000 	C:\WINDOWS\SYSTEM32\CRYPTBASE.dll
0x00007ffc5f180000 - 0x00007ffc5f1b3000 	C:\WINDOWS\SYSTEM32\IPHLPAPI.DLL
0x00007ffc63140000 - 0x00007ffc6314a000 	C:\WINDOWS\System32\NSI.dll
0x00007ffc58520000 - 0x00007ffc5853f000 	C:\WINDOWS\SYSTEM32\dhcpcsvc6.DLL
0x00007ffc584f0000 - 0x00007ffc58515000 	C:\WINDOWS\SYSTEM32\dhcpcsvc.DLL
0x00007ffc5f1c0000 - 0x00007ffc5f2e5000 	C:\WINDOWS\SYSTEM32\DNSAPI.dll
0x00007ffc42770000 - 0x00007ffc42779000 	C:\Program Files\Amazon Corretto\jdk17.0.13_11\bin\extnet.dll
0x00007ffc426b0000 - 0x00007ffc426be000 	C:\Program Files\Amazon Corretto\jdk17.0.13_11\bin\sunmscapi.dll
0x00007ffc60980000 - 0x00007ffc60af7000 	C:\WINDOWS\System32\CRYPT32.dll
0x00007ffc600f0000 - 0x00007ffc60120000 	C:\WINDOWS\SYSTEM32\ncrypt.dll
0x00007ffc600a0000 - 0x00007ffc600df000 	C:\WINDOWS\SYSTEM32\NTASN1.dll
0x00007ffc364a0000 - 0x00007ffc364a8000 	C:\WINDOWS\system32\wshunix.dll
0x00007ffc35100000 - 0x00007ffc35118000 	C:\WINDOWS\system32\napinsp.dll
0x00007ffc35020000 - 0x00007ffc35032000 	C:\WINDOWS\System32\winrnr.dll
0x00007ffc34fa0000 - 0x00007ffc34fd0000 	C:\WINDOWS\system32\nlansp_c.dll
0x00007ffc34f80000 - 0x00007ffc34f96000 	C:\WINDOWS\system32\wshbth.dll
0x00007ffc56a50000 - 0x00007ffc56a5b000 	C:\Windows\System32\rasadhlp.dll
0x00007ffc58750000 - 0x00007ffc587d5000 	C:\WINDOWS\System32\fwpuclnt.dll
0x00007ffc42690000 - 0x00007ffc426ae000 	C:\Users\Asus\AppData\Local\Temp\native-platform15801590080950564953dir\native-platform.dll
0x00007ffc42680000 - 0x00007ffc42687000 	C:\Program Files\Amazon Corretto\jdk17.0.13_11\bin\rmi.dll

dbghelp: loaded successfully - version: 4.0.5 - missing functions: none
symbol engine: initialized successfully - sym options: 0x614 - pdb path: .;C:\Program Files\Amazon Corretto\jdk17.0.13_11\bin;C:\WINDOWS\SYSTEM32;C:\Program Files\AVG\Antivirus;C:\WINDOWS\WinSxS\amd64_microsoft.windows.common-controls_6595b64144ccf1df_6.0.26100.3624_none_3e086962e3345f24;C:\Program Files\Amazon Corretto\jdk17.0.13_11\bin\server;C:\Users\Asus\.gradle\native\68d5fa5c4cc2d200863cafc0d521ce42e7d3e7ee720ec0a83991735586a16f82\windows-amd64;C:\Users\Asus\.gradle\native\e376f236ea51e6404a007f0833ffe2c6e607c4080706a723a18a27aeea778392\windows-amd64;C:\Users\Asus\AppData\Local\Temp\native-platform15801590080950564953dir

VM Arguments:
jvm_args: -XX:MaxMetaspaceSize=512m --add-opens=java.base/java.util=ALL-UNNAMED --add-opens=java.base/java.lang=ALL-UNNAMED --add-opens=java.base/java.lang.invoke=ALL-UNNAMED --add-opens=java.prefs/java.util.prefs=ALL-UNNAMED --add-opens=java.base/java.nio.charset=ALL-UNNAMED --add-opens=java.base/java.net=ALL-UNNAMED --add-opens=java.base/java.util.concurrent.atomic=ALL-UNNAMED -Xmx2048m -Dfile.encoding=windows-1252 -Duser.country=US -Duser.language=en -Duser.variant -javaagent:C:\Users\Asus\.gradle\wrapper\dists\gradle-8.3-all\6en3ugtfdg5xnpx44z4qbwgas\gradle-8.3\lib\agents\gradle-instrumentation-agent-8.3.jar 
java_command: org.gradle.launcher.daemon.bootstrap.GradleDaemon 8.3
java_class_path (initial): C:\Users\Asus\.gradle\wrapper\dists\gradle-8.3-all\6en3ugtfdg5xnpx44z4qbwgas\gradle-8.3\lib\gradle-launcher-8.3.jar
Launcher Type: SUN_STANDARD

[Global flags]
     intx CICompilerCount                          = 12                                        {product} {ergonomic}
   size_t CompressedClassSpaceSize                 = 436207616                                 {product} {ergonomic}
     uint ConcGCThreads                            = 4                                         {product} {ergonomic}
     uint G1ConcRefinementThreads                  = 15                                        {product} {ergonomic}
   size_t G1HeapRegionSize                         = 1048576                                   {product} {ergonomic}
    uintx GCDrainStackTargetSize                   = 64                                        {product} {ergonomic}
   size_t InitialHeapSize                          = 264241152                                 {product} {ergonomic}
   size_t MarkStackSize                            = 4194304                                   {product} {ergonomic}
   size_t MaxHeapSize                              = 2147483648                                {product} {command line}
   size_t MaxMetaspaceSize                         = 536870912                                 {product} {command line}
   size_t MaxNewSize                               = 1287651328                                {product} {ergonomic}
   size_t MinHeapDeltaBytes                        = 1048576                                   {product} {ergonomic}
   size_t MinHeapSize                              = 8388608                                   {product} {ergonomic}
    uintx NonNMethodCodeHeapSize                   = 7602480                                {pd product} {ergonomic}
    uintx NonProfiledCodeHeapSize                  = 122027880                              {pd product} {ergonomic}
    uintx ProfiledCodeHeapSize                     = 122027880                              {pd product} {ergonomic}
    uintx ReservedCodeCacheSize                    = 251658240                              {pd product} {ergonomic}
     bool SegmentedCodeCache                       = true                                      {product} {ergonomic}
   size_t SoftMaxHeapSize                          = 2147483648                             {manageable} {ergonomic}
     bool UseCompressedClassPointers               = true                           {product lp64_product} {ergonomic}
     bool UseCompressedOops                        = true                           {product lp64_product} {ergonomic}
     bool UseG1GC                                  = true                                      {product} {ergonomic}
     bool UseLargePagesIndividualAllocation        = false                                  {pd product} {ergonomic}

Logging:
Log output configuration:
 #0: stdout all=warning uptime,level,tags
 #1: stderr all=off uptime,level,tags

Environment Variables:
JAVA_HOME=C:\Program Files\Amazon Corretto\jdk17.0.13_11
CLASSPATH=C:\Users\Asus\MAD\AwesomeProject\android\\gradle\wrapper\gradle-wrapper.jar
PATH=C:\Users\Asus\MAD\AwesomeProject\node_modules\.bin;C:\Users\Asus\MAD\AwesomeProject\node_modules\.bin;C:\Users\Asus\MAD\node_modules\.bin;C:\Users\Asus\node_modules\.bin;C:\Users\node_modules\.bin;C:\node_modules\.bin;C:\node_modules\npm\node_modules\@npmcli\run-script\lib\node-gyp-bin;C:\Users\Asus\MAD\AwesomeProject\node_modules\.bin;C:\Users\Asus\MAD\node_modules\.bin;C:\Users\Asus\node_modules\.bin;C:\Users\node_modules\.bin;C:\node_modules\.bin;C:\node_modules\npm\node_modules\@npmcli\run-script\lib\node-gyp-bin;C:\Program Files\Python313\Scripts\;C:\Program Files\Python313\;C:\Program Files\Amazon Corretto\jdk17.0.13_11\bin;C:\WINDOWS\system32;C:\WINDOWS;C:\WINDOWS\System32\Wbem;C:\WINDOWS\System32\WindowsPowerShell\v1.0\;C:\WINDOWS\System32\OpenSSH\;C:\Program Files\dotnet\;C:\Program Files\Git\cmd;C:\;C:\Users\Asus\AppData\Local\Microsoft\WindowsApps;C:\Users\Asus\.dotnet\tools;C:\Users\Asus\AppData\Local\Programs\Microsoft VS Code\bin;C:\Users\Asus\AppData\Local\Android\Sdk\platform-tools;C:\Users\Asus\AppData\Local\Android\Sdk\emulator;C:\Users\Asus\AppData\Roaming\npm;C:\Program Files\MongoDB\mongosh-2.4.2-win32-x64\bin;
USERNAME=Apiya
OS=Windows_NT
PROCESSOR_IDENTIFIER=Intel64 Family 6 Model 154 Stepping 3, GenuineIntel
TMP=C:\Users\Asus\AppData\Local\Temp
TEMP=C:\Users\Asus\AppData\Local\Temp



Periodic native trim disabled


---------------  S Y S T E M  ---------------

OS:
 Windows 11 , 64 bit Build 26100 (10.0.26100.3775)
OS uptime: 0 days 0:53 hours

CPU: total 20 (initial active 20) (10 cores per cpu, 2 threads per core) family 6 model 154 stepping 3 microcode 0x41b, cx8, cmov, fxsr, ht, mmx, 3dnowpref, sse, sse2, sse3, ssse3, sse4.1, sse4.2, popcnt, lzcnt, tsc, tscinvbit, avx, avx2, aes, erms, clmul, bmi1, bmi2, adx, sha, fma, vzeroupper, clflush, clflushopt, clwb
Processor Information for processor 0
  Max Mhz: 2300, Current Mhz: 2300, Mhz Limit: 2300
Processor Information for processor 1
  Max Mhz: 2300, Current Mhz: 2300, Mhz Limit: 2300
Processor Information for processor 2
  Max Mhz: 2300, Current Mhz: 2300, Mhz Limit: 2300
Processor Information for processor 3
  Max Mhz: 2300, Current Mhz: 2300, Mhz Limit: 2300
Processor Information for processor 4
  Max Mhz: 2300, Current Mhz: 2300, Mhz Limit: 2300
Processor Information for processor 5
  Max Mhz: 2300, Current Mhz: 2300, Mhz Limit: 2300
Processor Information for processor 6
  Max Mhz: 2300, Current Mhz: 2300, Mhz Limit: 2300
Processor Information for processor 7
  Max Mhz: 2300, Current Mhz: 2300, Mhz Limit: 2300
Processor Information for processor 8
  Max Mhz: 2300, Current Mhz: 2300, Mhz Limit: 2300
Processor Information for processor 9
  Max Mhz: 2300, Current Mhz: 2300, Mhz Limit: 2300
Processor Information for processor 10
  Max Mhz: 2300, Current Mhz: 2300, Mhz Limit: 2300
Processor Information for processor 11
  Max Mhz: 2300, Current Mhz: 2300, Mhz Limit: 2300
Processor Information for processor 12
  Max Mhz: 2300, Current Mhz: 1500, Mhz Limit: 1679
Processor Information for processor 13
  Max Mhz: 2300, Current Mhz: 1700, Mhz Limit: 1679
Processor Information for processor 14
  Max Mhz: 2300, Current Mhz: 1500, Mhz Limit: 1679
Processor Information for processor 15
  Max Mhz: 2300, Current Mhz: 1500, Mhz Limit: 1679
Processor Information for processor 16
  Max Mhz: 2300, Current Mhz: 1500, Mhz Limit: 1679
Processor Information for processor 17
  Max Mhz: 2300, Current Mhz: 1500, Mhz Limit: 1679
Processor Information for processor 18
  Max Mhz: 2300, Current Mhz: 1700, Mhz Limit: 1679
Processor Information for processor 19
  Max Mhz: 2300, Current Mhz: 1500, Mhz Limit: 1679

Memory: 4k page, system-wide physical 16007M (899M free)
TotalPageFile size 24199M (AvailPageFile size 517M)
current process WorkingSet (physical memory assigned to process): 710M, peak: 735M
current process commit charge ("private bytes"): 779M, peak: 1479M

vm_info: OpenJDK 64-Bit Server VM (17.0.13+11-LTS) for windows-amd64 JRE (17.0.13+11-LTS), built on Oct 10 2024 19:51:30 by "Administrator" with MS VC++ 16.10 / 16.11 (VS2019)

END.
