#
# There is insufficient memory for the Java Runtime Environment to continue.
# Native memory allocation (malloc) failed to allocate 2005184 bytes. Error detail: Chunk::new
# Possible reasons:
#   The system is out of physical RAM or swap space
#   This process is running with CompressedOops enabled, and the Java Heap may be blocking the growth of the native heap
# Possible solutions:
#   Reduce memory load on the system
#   Increase physical memory or swap space
#   Check if swap backing store is full
#   Decrease Java heap size (-Xmx/-Xms)
#   Decrease number of Java threads
#   Decrease Java thread stack sizes (-Xss)
#   Set larger code cache with -XX:ReservedCodeCacheSize=
#   JVM is running with Unscaled Compressed Oops mode in which the Java heap is
#     placed in the first 4GB address space. The Java Heap base address is the
#     maximum limit for the native heap growth. Please use -XX:HeapBaseMinAddress
#     to set the Java Heap base and to place the Java Heap above 4GB virtual address.
# This output file may be truncated or incomplete.
#
#  Out of Memory Error (arena.cpp:191), pid=23184, tid=13308
#
# JRE version: OpenJDK Runtime Environment Corretto-17.0.13.11.1 (17.0.13+11) (build 17.0.13+11-LTS)
# Java VM: OpenJDK 64-Bit Server VM Corretto-17.0.13.11.1 (17.0.13+11-LTS, mixed mode, sharing, tiered, compressed oops, compressed class ptrs, g1 gc, windows-amd64)
# No core dump will be written. Minidumps are not enabled by default on client versions of Windows
#

---------------  S U M M A R Y ------------

Command Line: -XX:MaxMetaspaceSize=512m --add-opens=java.base/java.util=ALL-UNNAMED --add-opens=java.base/java.lang=ALL-UNNAMED --add-opens=java.base/java.lang.invoke=ALL-UNNAMED --add-opens=java.prefs/java.util.prefs=ALL-UNNAMED --add-opens=java.base/java.nio.charset=ALL-UNNAMED --add-opens=java.base/java.net=ALL-UNNAMED --add-opens=java.base/java.util.concurrent.atomic=ALL-UNNAMED -Xmx2048m -Dfile.encoding=windows-1252 -Duser.country=US -Duser.language=en -Duser.variant -javaagent:C:\Users\Asus\.gradle\wrapper\dists\gradle-8.3-all\6en3ugtfdg5xnpx44z4qbwgas\gradle-8.3\lib\agents\gradle-instrumentation-agent-8.3.jar org.gradle.launcher.daemon.bootstrap.GradleDaemon 8.3

Host: 12th Gen Intel(R) Core(TM) i7-12700H, 20 cores, 15G,  Windows 11 , 64 bit Build 26100 (10.0.26100.3775)
Time: Tue Apr 15 13:55:55 2025 Malay Peninsula Standard Time elapsed time: 1552.573529 seconds (0d 0h 25m 52s)

---------------  T H R E A D  ---------------

Current thread (0x0000022e02269410):  JavaThread "C2 CompilerThread2" daemon [_thread_in_native, id=13308, stack(0x0000008a50500000,0x0000008a50600000)]


Current CompileTask:
C2:1552576 42303       4       com.android.builder.symbols.BytecodeRClassWriterKt::generateResourceTypeClass (853 bytes)

Stack: [0x0000008a50500000,0x0000008a50600000]
Native frames: (J=compiled Java code, j=interpreted, Vv=VM code, C=native code)
V  [jvm.dll+0x680c19]
V  [jvm.dll+0x83888a]
V  [jvm.dll+0x83a34e]
V  [jvm.dll+0x83a9b3]
V  [jvm.dll+0x2481af]
V  [jvm.dll+0xac9f4]
V  [jvm.dll+0xad03c]
V  [jvm.dll+0x3677b7]
V  [jvm.dll+0x1bd1d6]
V  [jvm.dll+0x21a859]
V  [jvm.dll+0x219b41]
V  [jvm.dll+0x1a58ed]
V  [jvm.dll+0x22988d]
V  [jvm.dll+0x227a1c]
V  [jvm.dll+0x7ed737]
V  [jvm.dll+0x7e7b2c]
V  [jvm.dll+0x67fae7]
C  [ucrtbase.dll+0x37b0]
C  [KERNEL32.DLL+0x2e8d7]
C  [ntdll.dll+0xb14fc]


---------------  P R O C E S S  ---------------

Threads class SMR info:
_java_thread_list=0x0000022e0a4eb280, length=313, elements={
0x0000022e3b8eeaa0, 0x0000022e5a6f7770, 0x0000022e5a6f8140, 0x0000022e5a70c860,
0x0000022e5a70f140, 0x0000022e5a70fa10, 0x0000022e5a712a90, 0x0000022e5a713e30,
0x0000022e5a71c3f0, 0x0000022e5a722d20, 0x0000022e5b6a7160, 0x0000022e5b7c4650,
0x0000022e7c8d07a0, 0x0000022e7d717740, 0x0000022e7c0080b0, 0x0000022e7b37fce0,
0x0000022e7b37e390, 0x0000022e7b37edb0, 0x0000022e7b37f2c0, 0x0000022e7e55de10,
0x0000022e7e55d900, 0x0000022e7e55e830, 0x0000022e7e560690, 0x0000022e7e55f760,
0x0000022e7e560180, 0x0000022e7e55d3f0, 0x0000022e7e5610b0, 0x0000022e7e5615c0,
0x0000022e7e561ad0, 0x0000022e7cd40500, 0x0000022e7cd41430, 0x0000022e7cd3f5d0,
0x0000022e7cd40a10, 0x0000022e7cd3ebb0, 0x0000022e7cd3fae0, 0x0000022e7cd3f0c0,
0x0000022e7cd41940, 0x0000022e7e4c4a80, 0x0000022e7e4c6df0, 0x0000022e7e4c59b0,
0x0000022e7e4c54a0, 0x0000022e7e4c5ec0, 0x0000022e7e4c63d0, 0x0000022e7e4c7300,
0x0000022e7e3787d0, 0x0000022e01d94eb0, 0x0000022e00c90460, 0x0000022e00c90e80,
0x0000022e00c8e0f0, 0x0000022e0199c4f0, 0x0000022e07a59810, 0x0000022e09efb2d0,
0x0000022e09efb7e0, 0x0000022e09ef8030, 0x0000022e09efbcf0, 0x0000022e09efe570,
0x0000022e09efc200, 0x0000022e01995590, 0x0000022e01997e10, 0x0000022e07a51e90,
0x0000022e07a55640, 0x0000022e7cd42870, 0x0000022e7cd3fff0, 0x0000022e7cd43cb0,
0x0000022e7cd45600, 0x0000022e7cd41e50, 0x0000022e7cd450f0, 0x0000022e00c825a0,
0x0000022e00c85840, 0x0000022e00c82090, 0x0000022e00c85d50, 0x0000022e00c86260,
0x0000022e00c82ab0, 0x0000022e00c83ef0, 0x0000022e00c84400, 0x0000022e00c84910,
0x0000022e00c82fc0, 0x0000022e00c86770, 0x0000022e00c84e20, 0x0000022e00c86c80,
0x0000022e00c834d0, 0x0000022e00c87190, 0x0000022e00c839e0, 0x0000022e00c89500,
0x0000022e00c8ae50, 0x0000022e00c880c0, 0x0000022e00c885d0, 0x0000022e00c89f20,
0x0000022e00c876a0, 0x0000022e00c8b360, 0x0000022e00c87bb0, 0x0000022e00c88ae0,
0x0000022e00c8c7a0, 0x0000022e00c8a940, 0x0000022e00c8a430, 0x0000022e00c85330,
0x0000022e00c89a10, 0x0000022e00c8b870, 0x0000022e00c8c290, 0x0000022e00c8bd80,
0x0000022e00c88ff0, 0x0000022e00c8d1c0, 0x0000022e00c8fa40, 0x0000022e00c8ccb0,
0x0000022e00c8d6d0, 0x0000022e00c90970, 0x0000022e00c91390, 0x0000022e00c8e600,
0x0000022e00c8eb10, 0x0000022e00c8dbe0, 0x0000022e00c918a0, 0x0000022e00c8f020,
0x0000022e00c8f530, 0x0000022e01993c40, 0x0000022e01994660, 0x0000022e01993730,
0x0000022e01991de0, 0x0000022e019918d0, 0x0000022e01995080, 0x0000022e01995aa0,
0x0000022e01992d10, 0x0000022e01994150, 0x0000022e01992800, 0x0000022e019922f0,
0x0000022e01993220, 0x0000022e01996ee0, 0x0000022e01995fb0, 0x0000022e019964c0,
0x0000022e019973f0, 0x0000022e019969d0, 0x0000022e01997900, 0x0000022e01998320,
0x0000022e01994b70, 0x0000022e0199aba0, 0x0000022e0199a180, 0x0000022e01998d40,
0x0000022e01998830, 0x0000022e0199ca00, 0x0000022e0199a690, 0x0000022e01999250,
0x0000022e0199b0b0, 0x0000022e0199b5c0, 0x0000022e0199bad0, 0x0000022e0199cf10,
0x0000022e01999760, 0x0000022e0199d420, 0x0000022e01999c70, 0x0000022e0199ed70,
0x0000022e0199f790, 0x0000022e019a01b0, 0x0000022e0199f280, 0x0000022e0199fca0,
0x0000022e019a06c0, 0x0000022e0199e860, 0x0000022e0199d930, 0x0000022e0199de40,
0x0000022e07a4b440, 0x0000022e07a4b950, 0x0000022e07a4aa20, 0x0000022e07a4d2a0,
0x0000022e07a4be60, 0x0000022e07a4c370, 0x0000022e07a4d7b0, 0x0000022e07a4a000,
0x0000022e07a4af30, 0x0000022e07a4dcc0, 0x0000022e07a4a510, 0x0000022e07a51470,
0x0000022e07a51980, 0x0000022e07a4e6e0, 0x0000022e07a4f100, 0x0000022e07a50030,
0x0000022e07a50540, 0x0000022e07a4e1d0, 0x0000022e07a50a50, 0x0000022e07a4ebf0,
0x0000022e07a523a0, 0x0000022e07a4f610, 0x0000022e07a56a80, 0x0000022e7c4930a0,
0x0000022e07a537e0, 0x0000022e07a574a0, 0x0000022e07a579b0, 0x0000022e07a58df0,
0x0000022e07a583d0, 0x0000022e09ef3950, 0x0000022e09ef4370, 0x0000022e09ef52a0,
0x0000022e09ef3440, 0x0000022e09ef3e60, 0x0000022e09ef4880, 0x0000022e09ef4d90,
0x0000022e09ef57b0, 0x0000022e09ef5cc0, 0x0000022e09ef66e0, 0x0000022e09ef2f30,
0x0000022e09efa3a0, 0x0000022e09ef9980, 0x0000022e09ef7610, 0x0000022e09ef8a50,
0x0000022e09ef9470, 0x0000022e09f00df0, 0x0000022e09f01300, 0x0000022e09efe060,
0x0000022e09f01d20, 0x0000022e09efea80, 0x0000022e09f02740, 0x0000022e09efef90,
0x0000022e09eff4a0, 0x0000022e00c30ca0, 0x0000022e00c33520, 0x0000022e00c316c0,
0x0000022e00c33a30, 0x0000022e00c325f0, 0x0000022e00c31bd0, 0x0000022e00c32b00,
0x0000022e00c33010, 0x0000022e00c33f40, 0x0000022e00c30790, 0x0000022e00c367c0,
0x0000022e00c35890, 0x0000022e00c34450, 0x0000022e00c376f0, 0x0000022e00c37c00,
0x0000022e00c362b0, 0x0000022e00c36cd0, 0x0000022e00c371e0, 0x0000022e00c38110,
0x0000022e00c35da0, 0x0000022e00c34960, 0x0000022e00c34e70, 0x0000022e00c35380,
0x0000022e024873e0, 0x0000022e02485a90, 0x0000022e024878f0, 0x0000022e02485fa0,
0x0000022e024864b0, 0x0000022e024869c0, 0x0000022e02487e00, 0x0000022e02488310,
0x0000022e02488820, 0x0000022e02485070, 0x0000022e02485580, 0x0000022e0248ab90,
0x0000022e02489240, 0x0000022e02489750, 0x0000022e02489c60, 0x0000022e0248bfd0,
0x0000022e0248bac0, 0x0000022e0248b0a0, 0x0000022e0248c4e0, 0x0000022e0248b5b0,
0x0000022e0248c9f0, 0x0000022e7e37a630, 0x0000022e7e377db0, 0x0000022e7e3782c0,
0x0000022e7e378ce0, 0x0000022e7e379c10, 0x0000022e7e376e80, 0x0000022e7e37ab40,
0x0000022e7e3778a0, 0x0000022e7e37b560, 0x0000022e7e37ba70, 0x0000022e7e37ceb0,
0x0000022e7e379700, 0x0000022e7e37dde0, 0x0000022e7e37bf80, 0x0000022e7e37c490,
0x0000022e7e37c9a0, 0x0000022e7e37d3c0, 0x0000022e7e37e2f0, 0x0000022e7e37d8d0,
0x0000022e01d95de0, 0x0000022e01d953c0, 0x0000022e01d958d0, 0x0000022e01d97220,
0x0000022e01d96d10, 0x0000022e01d94490, 0x0000022e01d93f80, 0x0000022e01d99590,
0x0000022e01d97c40, 0x0000022e01d98150, 0x0000022e01d98b70, 0x0000022e01d99080,
0x0000022e01d99aa0, 0x0000022e7c48d100, 0x0000022e02269410, 0x0000022e01d962f0,
0x0000022e01d96800, 0x0000022e0226c3e0, 0x0000022e02269eb0, 0x0000022e01d9a4c0,
0x0000022e01d9a9d0, 0x0000022e01d9aee0, 0x0000022e01d9b3f0, 0x0000022e7bb329b0,
0x0000022e7bb31a80, 0x0000022e7bb31f90, 0x0000022e7bb324a0, 0x0000022e7bb34810,
0x0000022e7bb32ec0, 0x0000022e7bb31060, 0x0000022e7bb333d0, 0x0000022e7bb34d20,
0x0000022e7bb338e0, 0x0000022e7bb33df0, 0x0000022e7bb34300, 0x0000022e7bb31570,
0x0000022e7bb37ab0, 0x0000022e7bb35c50, 0x0000022e7e55b080, 0x0000022e7e55c4c0,
0x0000022e7e55baa0
}
_to_delete_list=0x0000022e0a4eb3d0, length=309, elements={
0x0000022e3b8eeaa0, 0x0000022e5a6f7770, 0x0000022e5a6f8140, 0x0000022e5a70c860,
0x0000022e5a70f140, 0x0000022e5a70fa10, 0x0000022e5a712a90, 0x0000022e5a713e30,
0x0000022e5a71c3f0, 0x0000022e5a722d20, 0x0000022e5b6a7160, 0x0000022e5b7c4650,
0x0000022e7c8d07a0, 0x0000022e7d717740, 0x0000022e7c0080b0, 0x0000022e7b37fce0,
0x0000022e7b37e390, 0x0000022e7b37edb0, 0x0000022e7b37f2c0, 0x0000022e7e55de10,
0x0000022e7e55d900, 0x0000022e7e55e830, 0x0000022e7e560690, 0x0000022e7e55f760,
0x0000022e7e560180, 0x0000022e7e55d3f0, 0x0000022e7e5610b0, 0x0000022e7e5615c0,
0x0000022e7e561ad0, 0x0000022e7cd40500, 0x0000022e7cd41430, 0x0000022e7cd3f5d0,
0x0000022e7cd40a10, 0x0000022e7cd3ebb0, 0x0000022e7cd3fae0, 0x0000022e7cd3f0c0,
0x0000022e7cd41940, 0x0000022e7e4c4a80, 0x0000022e7e4c6df0, 0x0000022e7e4c59b0,
0x0000022e7e4c54a0, 0x0000022e7e4c5ec0, 0x0000022e7e4c63d0, 0x0000022e7e4c7300,
0x0000022e7e3787d0, 0x0000022e01d94eb0, 0x0000022e00c90460, 0x0000022e00c90e80,
0x0000022e00c8e0f0, 0x0000022e0199c4f0, 0x0000022e07a59810, 0x0000022e09efb2d0,
0x0000022e09efb7e0, 0x0000022e09ef8030, 0x0000022e09efbcf0, 0x0000022e09efe570,
0x0000022e09efc200, 0x0000022e01995590, 0x0000022e01997e10, 0x0000022e07a51e90,
0x0000022e07a55640, 0x0000022e7cd42870, 0x0000022e7cd3fff0, 0x0000022e7cd43cb0,
0x0000022e7cd45600, 0x0000022e7cd41e50, 0x0000022e7cd450f0, 0x0000022e00c825a0,
0x0000022e00c85840, 0x0000022e00c82090, 0x0000022e00c85d50, 0x0000022e00c86260,
0x0000022e00c82ab0, 0x0000022e00c83ef0, 0x0000022e00c84400, 0x0000022e00c84910,
0x0000022e00c82fc0, 0x0000022e00c86770, 0x0000022e00c84e20, 0x0000022e00c86c80,
0x0000022e00c834d0, 0x0000022e00c87190, 0x0000022e00c839e0, 0x0000022e00c89500,
0x0000022e00c8ae50, 0x0000022e00c880c0, 0x0000022e00c885d0, 0x0000022e00c89f20,
0x0000022e00c876a0, 0x0000022e00c8b360, 0x0000022e00c87bb0, 0x0000022e00c88ae0,
0x0000022e00c8c7a0, 0x0000022e00c8a940, 0x0000022e00c8a430, 0x0000022e00c85330,
0x0000022e00c89a10, 0x0000022e00c8b870, 0x0000022e00c8c290, 0x0000022e00c8bd80,
0x0000022e00c88ff0, 0x0000022e00c8d1c0, 0x0000022e00c8fa40, 0x0000022e00c8ccb0,
0x0000022e00c8d6d0, 0x0000022e00c90970, 0x0000022e00c91390, 0x0000022e00c8e600,
0x0000022e00c8eb10, 0x0000022e00c8dbe0, 0x0000022e00c918a0, 0x0000022e00c8f020,
0x0000022e00c8f530, 0x0000022e01993c40, 0x0000022e01994660, 0x0000022e01993730,
0x0000022e01991de0, 0x0000022e019918d0, 0x0000022e01995080, 0x0000022e01995aa0,
0x0000022e01992d10, 0x0000022e01994150, 0x0000022e01992800, 0x0000022e019922f0,
0x0000022e01993220, 0x0000022e01996ee0, 0x0000022e01995fb0, 0x0000022e019964c0,
0x0000022e019973f0, 0x0000022e019969d0, 0x0000022e01997900, 0x0000022e01998320,
0x0000022e01994b70, 0x0000022e0199aba0, 0x0000022e0199a180, 0x0000022e01998d40,
0x0000022e01998830, 0x0000022e0199ca00, 0x0000022e0199a690, 0x0000022e01999250,
0x0000022e0199b0b0, 0x0000022e0199b5c0, 0x0000022e0199bad0, 0x0000022e0199cf10,
0x0000022e01999760, 0x0000022e0199d420, 0x0000022e01999c70, 0x0000022e0199ed70,
0x0000022e0199f790, 0x0000022e019a01b0, 0x0000022e0199f280, 0x0000022e0199fca0,
0x0000022e019a06c0, 0x0000022e0199e860, 0x0000022e0199d930, 0x0000022e0199de40,
0x0000022e07a4b440, 0x0000022e07a4b950, 0x0000022e07a4aa20, 0x0000022e07a4d2a0,
0x0000022e07a4be60, 0x0000022e07a4c370, 0x0000022e07a4d7b0, 0x0000022e07a4a000,
0x0000022e07a4af30, 0x0000022e07a4dcc0, 0x0000022e07a4a510, 0x0000022e07a51470,
0x0000022e07a51980, 0x0000022e07a4e6e0, 0x0000022e07a4f100, 0x0000022e07a50030,
0x0000022e07a50540, 0x0000022e07a4e1d0, 0x0000022e07a50a50, 0x0000022e07a4ebf0,
0x0000022e07a523a0, 0x0000022e07a4f610, 0x0000022e07a56a80, 0x0000022e7c4930a0,
0x0000022e07a537e0, 0x0000022e07a574a0, 0x0000022e07a579b0, 0x0000022e07a58df0,
0x0000022e07a583d0, 0x0000022e09ef3950, 0x0000022e09ef4370, 0x0000022e09ef52a0,
0x0000022e09ef3440, 0x0000022e09ef3e60, 0x0000022e09ef4880, 0x0000022e09ef4d90,
0x0000022e09ef57b0, 0x0000022e09ef5cc0, 0x0000022e09ef66e0, 0x0000022e09ef2f30,
0x0000022e09efa3a0, 0x0000022e09ef9980, 0x0000022e09ef7610, 0x0000022e09ef8a50,
0x0000022e09ef9470, 0x0000022e09f00df0, 0x0000022e09f01300, 0x0000022e09efe060,
0x0000022e09f01d20, 0x0000022e09efea80, 0x0000022e09f02740, 0x0000022e09efef90,
0x0000022e09eff4a0, 0x0000022e00c30ca0, 0x0000022e00c33520, 0x0000022e00c316c0,
0x0000022e00c33a30, 0x0000022e00c325f0, 0x0000022e00c31bd0, 0x0000022e00c32b00,
0x0000022e00c33010, 0x0000022e00c33f40, 0x0000022e00c30790, 0x0000022e00c367c0,
0x0000022e00c35890, 0x0000022e00c34450, 0x0000022e00c376f0, 0x0000022e00c37c00,
0x0000022e00c362b0, 0x0000022e00c36cd0, 0x0000022e00c371e0, 0x0000022e00c38110,
0x0000022e00c35da0, 0x0000022e00c34960, 0x0000022e00c34e70, 0x0000022e00c35380,
0x0000022e024873e0, 0x0000022e02485a90, 0x0000022e024878f0, 0x0000022e02485fa0,
0x0000022e024864b0, 0x0000022e024869c0, 0x0000022e02487e00, 0x0000022e02488310,
0x0000022e02488820, 0x0000022e02485070, 0x0000022e02485580, 0x0000022e0248ab90,
0x0000022e02489240, 0x0000022e02489750, 0x0000022e02489c60, 0x0000022e0248bfd0,
0x0000022e0248bac0, 0x0000022e0248b0a0, 0x0000022e0248c4e0, 0x0000022e0248b5b0,
0x0000022e0248c9f0, 0x0000022e7e37a630, 0x0000022e7e377db0, 0x0000022e7e3782c0,
0x0000022e7e378ce0, 0x0000022e7e379c10, 0x0000022e7e376e80, 0x0000022e7e37ab40,
0x0000022e7e3778a0, 0x0000022e7e37b560, 0x0000022e7e37ba70, 0x0000022e7e37ceb0,
0x0000022e7e379700, 0x0000022e7e37dde0, 0x0000022e7e37bf80, 0x0000022e7e37c490,
0x0000022e7e37c9a0, 0x0000022e7e37d3c0, 0x0000022e7e37e2f0, 0x0000022e7e37d8d0,
0x0000022e01d95de0, 0x0000022e01d953c0, 0x0000022e01d958d0, 0x0000022e01d97220,
0x0000022e01d96d10, 0x0000022e01d94490, 0x0000022e01d93f80, 0x0000022e01d99590,
0x0000022e01d97c40, 0x0000022e01d98150, 0x0000022e01d98b70, 0x0000022e01d99080,
0x0000022e01d99aa0, 0x0000022e7c48d100, 0x0000022e02269410, 0x0000022e01d962f0,
0x0000022e01d96800, 0x0000022e0226c3e0, 0x0000022e02269eb0, 0x0000022e01d9a4c0,
0x0000022e01d9a9d0, 0x0000022e01d9aee0, 0x0000022e01d9b3f0, 0x0000022e7bb329b0,
0x0000022e7bb31a80, 0x0000022e7bb31f90, 0x0000022e7bb324a0, 0x0000022e7bb34810,
0x0000022e7bb32ec0, 0x0000022e7bb31060, 0x0000022e7bb333d0, 0x0000022e7bb34d20,
0x0000022e7bb338e0, 0x0000022e7bb33df0, 0x0000022e7bb34300, 0x0000022e7bb31570,
0x0000022e7bb37ab0
}

Java Threads: ( => current thread )
  0x0000022e3b8eeaa0 JavaThread "main" [_thread_blocked, id=21256, stack(0x0000008a3d300000,0x0000008a3d400000)]
  0x0000022e5a6f7770 JavaThread "Reference Handler" daemon [_thread_blocked, id=19852, stack(0x0000008a3da00000,0x0000008a3db00000)]
  0x0000022e5a6f8140 JavaThread "Finalizer" daemon [_thread_blocked, id=24208, stack(0x0000008a3db00000,0x0000008a3dc00000)]
  0x0000022e5a70c860 JavaThread "Signal Dispatcher" daemon [_thread_blocked, id=24620, stack(0x0000008a3dc00000,0x0000008a3dd00000)]
  0x0000022e5a70f140 JavaThread "Attach Listener" daemon [_thread_blocked, id=11756, stack(0x0000008a3dd00000,0x0000008a3de00000)]
  0x0000022e5a70fa10 JavaThread "Service Thread" daemon [_thread_blocked, id=21300, stack(0x0000008a3de00000,0x0000008a3df00000)]
  0x0000022e5a712a90 JavaThread "Monitor Deflation Thread" daemon [_thread_blocked, id=5364, stack(0x0000008a3df00000,0x0000008a3e000000)]
  0x0000022e5a713e30 JavaThread "C2 CompilerThread0" daemon [_thread_in_native, id=5040, stack(0x0000008a3e000000,0x0000008a3e100000)]
  0x0000022e5a71c3f0 JavaThread "C1 CompilerThread0" daemon [_thread_in_vm, id=23564, stack(0x0000008a3e100000,0x0000008a3e200000)]
  0x0000022e5a722d20 JavaThread "Sweeper thread" daemon [_thread_blocked, id=18364, stack(0x0000008a3e200000,0x0000008a3e300000)]
  0x0000022e5b6a7160 JavaThread "Common-Cleaner" daemon [_thread_blocked, id=5104, stack(0x0000008a3e300000,0x0000008a3e400000)]
  0x0000022e5b7c4650 JavaThread "Notification Thread" daemon [_thread_blocked, id=23484, stack(0x0000008a3e800000,0x0000008a3e900000)]
  0x0000022e7c8d07a0 JavaThread "Daemon health stats" [_thread_blocked, id=5088, stack(0x0000008a3ea00000,0x0000008a3eb00000)]
  0x0000022e7d717740 JavaThread "Incoming local TCP Connector on port 56342" [_thread_in_native, id=24152, stack(0x0000008a3f000000,0x0000008a3f100000)]
  0x0000022e7c0080b0 JavaThread "Daemon periodic checks" [_thread_blocked, id=10968, stack(0x0000008a3f100000,0x0000008a3f200000)]
  0x0000022e7b37fce0 JavaThread "Cache worker for journal cache (C:\Users\Asus\.gradle\caches\journal-1)" [_thread_blocked, id=23944, stack(0x0000008a3f900000,0x0000008a3fa00000)]
  0x0000022e7b37e390 JavaThread "File lock request listener" [_thread_in_native, id=22960, stack(0x0000008a3fa00000,0x0000008a3fb00000)]
  0x0000022e7b37edb0 JavaThread "Cache worker for file hash cache (C:\Users\Asus\.gradle\caches\8.3\fileHashes)" [_thread_blocked, id=19932, stack(0x0000008a3fb00000,0x0000008a3fc00000)]
  0x0000022e7b37f2c0 JavaThread "File watcher server" daemon [_thread_in_native, id=4684, stack(0x0000008a3fc00000,0x0000008a3fd00000)]
  0x0000022e7e55de10 JavaThread "File watcher consumer" daemon [_thread_blocked, id=3784, stack(0x0000008a3fd00000,0x0000008a3fe00000)]
  0x0000022e7e55d900 JavaThread "Cache worker for file content cache (C:\Users\Asus\.gradle\caches\8.3\fileContent)" [_thread_blocked, id=20280, stack(0x0000008a40a00000,0x0000008a40b00000)]
  0x0000022e7e55e830 JavaThread "Cache worker for execution history cache (C:\Users\Asus\.gradle\caches\8.3\executionHistory)" [_thread_blocked, id=25516, stack(0x0000008a40f00000,0x0000008a41000000)]
  0x0000022e7e560690 JavaThread "jar transforms" [_thread_blocked, id=6188, stack(0x0000008a41100000,0x0000008a41200000)]
  0x0000022e7e55f760 JavaThread "jar transforms Thread 2" [_thread_blocked, id=17336, stack(0x0000008a41200000,0x0000008a41300000)]
  0x0000022e7e560180 JavaThread "jar transforms Thread 3" [_thread_blocked, id=19452, stack(0x0000008a41300000,0x0000008a41400000)]
  0x0000022e7e55d3f0 JavaThread "jar transforms Thread 4" [_thread_blocked, id=2856, stack(0x0000008a41400000,0x0000008a41500000)]
  0x0000022e7e5610b0 JavaThread "Cache worker for kotlin-dsl (C:\Users\Asus\.gradle\caches\8.3\kotlin-dsl)" [_thread_blocked, id=20292, stack(0x0000008a3e600000,0x0000008a3e700000)]
  0x0000022e7e5615c0 JavaThread "jar transforms Thread 5" [_thread_blocked, id=3080, stack(0x0000008a3e700000,0x0000008a3e800000)]
  0x0000022e7e561ad0 JavaThread "jar transforms Thread 6" [_thread_blocked, id=17272, stack(0x0000008a41000000,0x0000008a41100000)]
  0x0000022e7cd40500 JavaThread "jar transforms Thread 7" [_thread_blocked, id=16196, stack(0x0000008a41900000,0x0000008a41a00000)]
  0x0000022e7cd41430 JavaThread "jar transforms Thread 8" [_thread_blocked, id=23688, stack(0x0000008a41a00000,0x0000008a41b00000)]
  0x0000022e7cd3f5d0 JavaThread "jar transforms Thread 9" [_thread_blocked, id=21692, stack(0x0000008a41b00000,0x0000008a41c00000)]
  0x0000022e7cd40a10 JavaThread "jar transforms Thread 10" [_thread_blocked, id=19216, stack(0x0000008a41c00000,0x0000008a41d00000)]
  0x0000022e7cd3ebb0 JavaThread "jar transforms Thread 11" [_thread_blocked, id=17304, stack(0x0000008a41e00000,0x0000008a41f00000)]
  0x0000022e7cd3fae0 JavaThread "jar transforms Thread 12" [_thread_blocked, id=17300, stack(0x0000008a41f00000,0x0000008a42000000)]
  0x0000022e7cd3f0c0 JavaThread "jar transforms Thread 13" [_thread_blocked, id=14836, stack(0x0000008a42200000,0x0000008a42300000)]
  0x0000022e7cd41940 JavaThread "jar transforms Thread 14" [_thread_blocked, id=12348, stack(0x0000008a42300000,0x0000008a42400000)]
  0x0000022e7e4c4a80 JavaThread "jar transforms Thread 15" [_thread_blocked, id=4076, stack(0x0000008a43700000,0x0000008a43800000)]
  0x0000022e7e4c6df0 JavaThread "jar transforms Thread 16" [_thread_blocked, id=5548, stack(0x0000008a43800000,0x0000008a43900000)]
  0x0000022e7e4c59b0 JavaThread "jar transforms Thread 17" [_thread_blocked, id=24424, stack(0x0000008a43900000,0x0000008a43a00000)]
  0x0000022e7e4c54a0 JavaThread "jar transforms Thread 18" [_thread_blocked, id=20040, stack(0x0000008a43a00000,0x0000008a43b00000)]
  0x0000022e7e4c5ec0 JavaThread "jar transforms Thread 19" [_thread_blocked, id=14624, stack(0x0000008a43b00000,0x0000008a43c00000)]
  0x0000022e7e4c63d0 JavaThread "jar transforms Thread 20" [_thread_blocked, id=3864, stack(0x0000008a43c00000,0x0000008a43d00000)]
  0x0000022e7e4c7300 JavaThread "Memory manager" [_thread_blocked, id=14364, stack(0x0000008a41700000,0x0000008a41800000)]
  0x0000022e7e3787d0 JavaThread "ForkJoinPool.commonPool-worker-3" daemon [_thread_blocked, id=10892, stack(0x0000008a44300000,0x0000008a44400000)]
  0x0000022e01d94eb0 JavaThread "pool-3-thread-1" [_thread_blocked, id=8140, stack(0x0000008a48900000,0x0000008a48a00000)]
  0x0000022e00c90460 JavaThread "Monitor" [_thread_in_native, id=14696, stack(0x0000008a51900000,0x0000008a51a00000)]
  0x0000022e00c90e80 JavaThread "JdwpProxyConnection" [_thread_in_native, id=22184, stack(0x0000008a51a00000,0x0000008a51b00000)]
  0x0000022e00c8e0f0 JavaThread "Device List Monitor" [_thread_in_native, id=24568, stack(0x0000008a51b00000,0x0000008a51c00000)]
  0x0000022e0199c4f0 JavaThread "ForkJoinPool.commonPool-worker-12" daemon [_thread_blocked, id=21080, stack(0x0000008a43600000,0x0000008a43700000)]
  0x0000022e07a59810 JavaThread "pool-7-thread-1" [_thread_blocked, id=15096, stack(0x0000008a44200000,0x0000008a44300000)]
  0x0000022e09efb2d0 JavaThread "RMI Scheduler(0)" daemon [_thread_blocked, id=14100, stack(0x0000008a51e00000,0x0000008a51f00000)]
  0x0000022e09efb7e0 JavaThread "RMI RenewClean-[127.0.0.1:17949,org.jetbrains.kotlin.daemon.common.LoopbackNetworkInterface$ClientLoopbackSocketFactory@552d1253]" daemon [_thread_blocked, id=17984, stack(0x0000008a52300000,0x0000008a52400000)]
  0x0000022e09ef8030 JavaThread "RMI GC Daemon" daemon [_thread_blocked, id=5512, stack(0x0000008a53100000,0x0000008a53200000)]
  0x0000022e09efbcf0 JavaThread "RMI RenewClean-[127.0.0.1:17949,org.jetbrains.kotlin.daemon.common.LoopbackNetworkInterface$ClientLoopbackSocketFactory@62a7f14a]" daemon [_thread_blocked, id=24880, stack(0x0000008a53200000,0x0000008a53300000)]
  0x0000022e09efe570 JavaThread "RMI TCP Accept-0" daemon [_thread_in_native, id=4252, stack(0x0000008a53300000,0x0000008a53400000)]
  0x0000022e09efc200 JavaThread "RMI Reaper" [_thread_blocked, id=25420, stack(0x0000008a53400000,0x0000008a53500000)]
  0x0000022e01995590 JavaThread "ForkJoinPool.commonPool-worker-25" daemon [_thread_blocked, id=15388, stack(0x0000008a43300000,0x0000008a43400000)]
  0x0000022e01997e10 JavaThread "ForkJoinPool.commonPool-worker-27" daemon [_thread_blocked, id=25448, stack(0x0000008a43d00000,0x0000008a43e00000)]
  0x0000022e07a51e90 JavaThread "ForkJoinPool.commonPool-worker-29" daemon [_thread_blocked, id=20468, stack(0x0000008a4ab00000,0x0000008a4ac00000)]
  0x0000022e07a55640 JavaThread "pool-10-thread-1" [_thread_blocked, id=7384, stack(0x0000008a4ac00000,0x0000008a4ad00000)]
  0x0000022e7cd42870 JavaThread "Daemon Thread 4" [_thread_blocked, id=22560, stack(0x0000008a3d100000,0x0000008a3d200000)]
  0x0000022e7cd3fff0 JavaThread "Handler for socket connection from /127.0.0.1:56342 to /127.0.0.1:58522" [_thread_in_native, id=19876, stack(0x0000008a3d200000,0x0000008a3d300000)]
  0x0000022e7cd43cb0 JavaThread "Cancel handler" [_thread_blocked, id=4788, stack(0x0000008a3e400000,0x0000008a3e500000)]
  0x0000022e7cd45600 JavaThread "Daemon worker Thread 4" [_thread_blocked, id=19076, stack(0x0000008a3e500000,0x0000008a3e600000)]
  0x0000022e7cd41e50 JavaThread "Asynchronous log dispatcher for DefaultDaemonConnection: socket connection from /127.0.0.1:56342 to /127.0.0.1:58522" [_thread_blocked, id=22440, stack(0x0000008a3f200000,0x0000008a3f300000)]
  0x0000022e7cd450f0 JavaThread "Stdin handler" [_thread_blocked, id=6756, stack(0x0000008a3f300000,0x0000008a3f400000)]
  0x0000022e00c825a0 JavaThread "Daemon client event forwarder" [_thread_blocked, id=24044, stack(0x0000008a3f400000,0x0000008a3f500000)]
  0x0000022e00c85840 JavaThread "Cache worker for checksums cache (C:\Users\Asus\MAD\AwesomeProject\android\.gradle\8.3\checksums)" [_thread_blocked, id=13908, stack(0x0000008a3f500000,0x0000008a3f600000)]
  0x0000022e00c82090 JavaThread "Cache worker for file hash cache (C:\Users\Asus\MAD\AwesomeProject\android\.gradle\8.3\fileHashes)" [_thread_blocked, id=24684, stack(0x0000008a3f600000,0x0000008a3f700000)]
  0x0000022e00c85d50 JavaThread "Cache worker for cache directory md-supplier (C:\Users\Asus\.gradle\caches\8.3\md-supplier)" [_thread_blocked, id=7368, stack(0x0000008a3f700000,0x0000008a3f800000)]
  0x0000022e00c86260 JavaThread "Cache worker for cache directory md-rule (C:\Users\Asus\.gradle\caches\8.3\md-rule)" [_thread_blocked, id=24916, stack(0x0000008a3f800000,0x0000008a3f900000)]
  0x0000022e00c82ab0 JavaThread "Unconstrained build operations" [_thread_blocked, id=17452, stack(0x0000008a40700000,0x0000008a40800000)]
  0x0000022e00c83ef0 JavaThread "Unconstrained build operations Thread 2" [_thread_blocked, id=22932, stack(0x0000008a40800000,0x0000008a40900000)]
  0x0000022e00c84400 JavaThread "Cache worker for dependencies-accessors (C:\Users\Asus\MAD\AwesomeProject\android\.gradle\8.3\dependencies-accessors)" [_thread_blocked, id=15640, stack(0x0000008a40900000,0x0000008a40a00000)]
  0x0000022e00c84910 JavaThread "Cache worker for Build Output Cleanup Cache (C:\Users\Asus\MAD\AwesomeProject\node_modules\@react-native\gradle-plugin\.gradle\buildOutputCleanup)" [_thread_blocked, id=23084, stack(0x0000008a40e00000,0x0000008a40f00000)]
  0x0000022e00c82fc0 JavaThread "Unconstrained build operations Thread 3" [_thread_blocked, id=15504, stack(0x0000008a41500000,0x0000008a41600000)]
  0x0000022e00c86770 JavaThread "Unconstrained build operations Thread 4" [_thread_blocked, id=24368, stack(0x0000008a41600000,0x0000008a41700000)]
  0x0000022e00c84e20 JavaThread "Unconstrained build operations Thread 5" [_thread_blocked, id=18108, stack(0x0000008a41800000,0x0000008a41900000)]
  0x0000022e00c86c80 JavaThread "Unconstrained build operations Thread 6" [_thread_blocked, id=25580, stack(0x0000008a41d00000,0x0000008a41e00000)]
  0x0000022e00c834d0 JavaThread "Unconstrained build operations Thread 7" [_thread_blocked, id=12680, stack(0x0000008a42000000,0x0000008a42100000)]
  0x0000022e00c87190 JavaThread "Unconstrained build operations Thread 8" [_thread_blocked, id=4616, stack(0x0000008a42100000,0x0000008a42200000)]
  0x0000022e00c839e0 JavaThread "Unconstrained build operations Thread 9" [_thread_blocked, id=25536, stack(0x0000008a42400000,0x0000008a42500000)]
  0x0000022e00c89500 JavaThread "Unconstrained build operations Thread 10" [_thread_blocked, id=3412, stack(0x0000008a42500000,0x0000008a42600000)]
  0x0000022e00c8ae50 JavaThread "Unconstrained build operations Thread 11" [_thread_blocked, id=7508, stack(0x0000008a42600000,0x0000008a42700000)]
  0x0000022e00c880c0 JavaThread "Unconstrained build operations Thread 12" [_thread_blocked, id=7272, stack(0x0000008a42700000,0x0000008a42800000)]
  0x0000022e00c885d0 JavaThread "Unconstrained build operations Thread 13" [_thread_blocked, id=21336, stack(0x0000008a42800000,0x0000008a42900000)]
  0x0000022e00c89f20 JavaThread "Unconstrained build operations Thread 14" [_thread_blocked, id=2448, stack(0x0000008a42900000,0x0000008a42a00000)]
  0x0000022e00c876a0 JavaThread "Unconstrained build operations Thread 15" [_thread_blocked, id=14708, stack(0x0000008a42a00000,0x0000008a42b00000)]
  0x0000022e00c8b360 JavaThread "Unconstrained build operations Thread 16" [_thread_blocked, id=13408, stack(0x0000008a42b00000,0x0000008a42c00000)]
  0x0000022e00c87bb0 JavaThread "Unconstrained build operations Thread 17" [_thread_blocked, id=23636, stack(0x0000008a42c00000,0x0000008a42d00000)]
  0x0000022e00c88ae0 JavaThread "Unconstrained build operations Thread 18" [_thread_blocked, id=11544, stack(0x0000008a42d00000,0x0000008a42e00000)]
  0x0000022e00c8c7a0 JavaThread "Unconstrained build operations Thread 19" [_thread_blocked, id=25128, stack(0x0000008a42e00000,0x0000008a42f00000)]
  0x0000022e00c8a940 JavaThread "Unconstrained build operations Thread 20" [_thread_blocked, id=2712, stack(0x0000008a42f00000,0x0000008a43000000)]
  0x0000022e00c8a430 JavaThread "Unconstrained build operations Thread 21" [_thread_blocked, id=24416, stack(0x0000008a43000000,0x0000008a43100000)]
  0x0000022e00c85330 JavaThread "Cache worker for Build Output Cleanup Cache (C:\Users\Asus\MAD\AwesomeProject\android\.gradle\buildOutputCleanup)" [_thread_blocked, id=9760, stack(0x0000008a43100000,0x0000008a43200000)]
  0x0000022e00c89a10 JavaThread "ForkJoinPool.commonPool-worker-30" daemon [_thread_blocked, id=23824, stack(0x0000008a43200000,0x0000008a43300000)]
  0x0000022e00c8b870 JavaThread "ForkJoinPool.commonPool-worker-31" daemon [_thread_blocked, id=22836, stack(0x0000008a43400000,0x0000008a43500000)]
  0x0000022e00c8c290 JavaThread "ForkJoinPool.commonPool-worker-32" daemon [_thread_blocked, id=19328, stack(0x0000008a43500000,0x0000008a43600000)]
  0x0000022e00c8bd80 JavaThread "included builds" [_thread_blocked, id=14748, stack(0x0000008a43f00000,0x0000008a44000000)]
  0x0000022e00c88ff0 JavaThread "Execution worker" [_thread_blocked, id=1112, stack(0x0000008a44000000,0x0000008a44100000)]
  0x0000022e00c8d1c0 JavaThread "Execution worker Thread 2" [_thread_blocked, id=20032, stack(0x0000008a44100000,0x0000008a44200000)]
  0x0000022e00c8fa40 JavaThread "Execution worker Thread 3" [_thread_blocked, id=24652, stack(0x0000008a44400000,0x0000008a44500000)]
  0x0000022e00c8ccb0 JavaThread "Execution worker Thread 4" [_thread_blocked, id=7076, stack(0x0000008a44500000,0x0000008a44600000)]
  0x0000022e00c8d6d0 JavaThread "Execution worker Thread 5" [_thread_blocked, id=23624, stack(0x0000008a44600000,0x0000008a44700000)]
  0x0000022e00c90970 JavaThread "Execution worker Thread 6" [_thread_blocked, id=19124, stack(0x0000008a44700000,0x0000008a44800000)]
  0x0000022e00c91390 JavaThread "Execution worker Thread 7" [_thread_blocked, id=14344, stack(0x0000008a44800000,0x0000008a44900000)]
  0x0000022e00c8e600 JavaThread "Execution worker Thread 8" [_thread_blocked, id=22384, stack(0x0000008a44900000,0x0000008a44a00000)]
  0x0000022e00c8eb10 JavaThread "Execution worker Thread 9" [_thread_blocked, id=24396, stack(0x0000008a44a00000,0x0000008a44b00000)]
  0x0000022e00c8dbe0 JavaThread "Execution worker Thread 10" [_thread_blocked, id=14952, stack(0x0000008a44b00000,0x0000008a44c00000)]
  0x0000022e00c918a0 JavaThread "Execution worker Thread 11" [_thread_blocked, id=19416, stack(0x0000008a44c00000,0x0000008a44d00000)]
  0x0000022e00c8f020 JavaThread "Execution worker Thread 12" [_thread_blocked, id=24840, stack(0x0000008a44d00000,0x0000008a44e00000)]
  0x0000022e00c8f530 JavaThread "Execution worker Thread 13" [_thread_in_native, id=23024, stack(0x0000008a44e00000,0x0000008a44f00000)]
  0x0000022e01993c40 JavaThread "Execution worker Thread 14" [_thread_blocked, id=19736, stack(0x0000008a44f00000,0x0000008a45000000)]
  0x0000022e01994660 JavaThread "Execution worker Thread 15" [_thread_blocked, id=22380, stack(0x0000008a45000000,0x0000008a45100000)]
  0x0000022e01993730 JavaThread "Execution worker Thread 16" [_thread_blocked, id=18104, stack(0x0000008a45100000,0x0000008a45200000)]
  0x0000022e01991de0 JavaThread "Execution worker Thread 17" [_thread_blocked, id=17992, stack(0x0000008a45200000,0x0000008a45300000)]
  0x0000022e019918d0 JavaThread "Execution worker Thread 18" [_thread_blocked, id=15876, stack(0x0000008a45300000,0x0000008a45400000)]
  0x0000022e01995080 JavaThread "Execution worker Thread 19" [_thread_blocked, id=3020, stack(0x0000008a45400000,0x0000008a45500000)]
  0x0000022e01995aa0 JavaThread "Cache worker for execution history cache (C:\Users\Asus\MAD\AwesomeProject\node_modules\@react-native\gradle-plugin\.gradle\8.3\executionHistory)" [_thread_blocked, id=12360, stack(0x0000008a45500000,0x0000008a45600000)]
  0x0000022e01992d10 JavaThread "Unconstrained build operations Thread 22" [_thread_blocked, id=6300, stack(0x0000008a45600000,0x0000008a45700000)]
  0x0000022e01994150 JavaThread "Unconstrained build operations Thread 23" [_thread_blocked, id=21740, stack(0x0000008a45700000,0x0000008a45800000)]
  0x0000022e01992800 JavaThread "Unconstrained build operations Thread 24" [_thread_blocked, id=14408, stack(0x0000008a45800000,0x0000008a45900000)]
  0x0000022e019922f0 JavaThread "Unconstrained build operations Thread 25" [_thread_blocked, id=15700, stack(0x0000008a45900000,0x0000008a45a00000)]
  0x0000022e01993220 JavaThread "Unconstrained build operations Thread 26" [_thread_blocked, id=19956, stack(0x0000008a45a00000,0x0000008a45b00000)]
  0x0000022e01996ee0 JavaThread "Unconstrained build operations Thread 27" [_thread_blocked, id=10464, stack(0x0000008a45b00000,0x0000008a45c00000)]
  0x0000022e01995fb0 JavaThread "Unconstrained build operations Thread 28" [_thread_blocked, id=5496, stack(0x0000008a45c00000,0x0000008a45d00000)]
  0x0000022e019964c0 JavaThread "Unconstrained build operations Thread 29" [_thread_blocked, id=24256, stack(0x0000008a45d00000,0x0000008a45e00000)]
  0x0000022e019973f0 JavaThread "Unconstrained build operations Thread 30" [_thread_blocked, id=3444, stack(0x0000008a45e00000,0x0000008a45f00000)]
  0x0000022e019969d0 JavaThread "Unconstrained build operations Thread 31" [_thread_blocked, id=18428, stack(0x0000008a45f00000,0x0000008a46000000)]
  0x0000022e01997900 JavaThread "Unconstrained build operations Thread 32" [_thread_blocked, id=16372, stack(0x0000008a46000000,0x0000008a46100000)]
  0x0000022e01998320 JavaThread "Unconstrained build operations Thread 33" [_thread_blocked, id=13520, stack(0x0000008a46100000,0x0000008a46200000)]
  0x0000022e01994b70 JavaThread "Unconstrained build operations Thread 34" [_thread_blocked, id=4852, stack(0x0000008a46200000,0x0000008a46300000)]
  0x0000022e0199aba0 JavaThread "Unconstrained build operations Thread 35" [_thread_blocked, id=17160, stack(0x0000008a46300000,0x0000008a46400000)]
  0x0000022e0199a180 JavaThread "Unconstrained build operations Thread 36" [_thread_blocked, id=2632, stack(0x0000008a46400000,0x0000008a46500000)]
  0x0000022e01998d40 JavaThread "Unconstrained build operations Thread 37" [_thread_blocked, id=21076, stack(0x0000008a46500000,0x0000008a46600000)]
  0x0000022e01998830 JavaThread "Unconstrained build operations Thread 38" [_thread_blocked, id=24584, stack(0x0000008a46600000,0x0000008a46700000)]
  0x0000022e0199ca00 JavaThread "Unconstrained build operations Thread 39" [_thread_blocked, id=536, stack(0x0000008a46700000,0x0000008a46800000)]
  0x0000022e0199a690 JavaThread "Unconstrained build operations Thread 40" [_thread_blocked, id=24972, stack(0x0000008a46800000,0x0000008a46900000)]
  0x0000022e01999250 JavaThread "Unconstrained build operations Thread 41" [_thread_blocked, id=20172, stack(0x0000008a46900000,0x0000008a46a00000)]
  0x0000022e0199b0b0 JavaThread "Unconstrained build operations Thread 42" [_thread_blocked, id=2984, stack(0x0000008a46a00000,0x0000008a46b00000)]
  0x0000022e0199b5c0 JavaThread "Unconstrained build operations Thread 43" [_thread_blocked, id=22300, stack(0x0000008a46b00000,0x0000008a46c00000)]
  0x0000022e0199bad0 JavaThread "Unconstrained build operations Thread 44" [_thread_blocked, id=15240, stack(0x0000008a46c00000,0x0000008a46d00000)]
  0x0000022e0199cf10 JavaThread "Unconstrained build operations Thread 45" [_thread_blocked, id=7116, stack(0x0000008a46d00000,0x0000008a46e00000)]
  0x0000022e01999760 JavaThread "Unconstrained build operations Thread 46" [_thread_blocked, id=8424, stack(0x0000008a46e00000,0x0000008a46f00000)]
  0x0000022e0199d420 JavaThread "Unconstrained build operations Thread 47" [_thread_blocked, id=17372, stack(0x0000008a46f00000,0x0000008a47000000)]
  0x0000022e01999c70 JavaThread "Unconstrained build operations Thread 48" [_thread_blocked, id=14828, stack(0x0000008a47000000,0x0000008a47100000)]
  0x0000022e0199ed70 JavaThread "Unconstrained build operations Thread 49" [_thread_blocked, id=21472, stack(0x0000008a47100000,0x0000008a47200000)]
  0x0000022e0199f790 JavaThread "Unconstrained build operations Thread 50" [_thread_blocked, id=2784, stack(0x0000008a47200000,0x0000008a47300000)]
  0x0000022e019a01b0 JavaThread "Unconstrained build operations Thread 51" [_thread_blocked, id=6624, stack(0x0000008a47300000,0x0000008a47400000)]
  0x0000022e0199f280 JavaThread "Unconstrained build operations Thread 52" [_thread_blocked, id=25188, stack(0x0000008a47400000,0x0000008a47500000)]
  0x0000022e0199fca0 JavaThread "Unconstrained build operations Thread 53" [_thread_blocked, id=22852, stack(0x0000008a47500000,0x0000008a47600000)]
  0x0000022e019a06c0 JavaThread "Unconstrained build operations Thread 54" [_thread_blocked, id=19908, stack(0x0000008a47600000,0x0000008a47700000)]
  0x0000022e0199e860 JavaThread "Unconstrained build operations Thread 55" [_thread_blocked, id=12392, stack(0x0000008a47700000,0x0000008a47800000)]
  0x0000022e0199d930 JavaThread "Unconstrained build operations Thread 56" [_thread_blocked, id=17180, stack(0x0000008a47800000,0x0000008a47900000)]
  0x0000022e0199de40 JavaThread "Unconstrained build operations Thread 57" [_thread_blocked, id=23732, stack(0x0000008a47900000,0x0000008a47a00000)]
  0x0000022e07a4b440 JavaThread "Unconstrained build operations Thread 58" [_thread_blocked, id=11728, stack(0x0000008a47a00000,0x0000008a47b00000)]
  0x0000022e07a4b950 JavaThread "Unconstrained build operations Thread 59" [_thread_blocked, id=2544, stack(0x0000008a47b00000,0x0000008a47c00000)]
  0x0000022e07a4aa20 JavaThread "Unconstrained build operations Thread 60" [_thread_blocked, id=17920, stack(0x0000008a47c00000,0x0000008a47d00000)]
  0x0000022e07a4d2a0 JavaThread "Unconstrained build operations Thread 61" [_thread_blocked, id=3840, stack(0x0000008a47d00000,0x0000008a47e00000)]
  0x0000022e07a4be60 JavaThread "Unconstrained build operations Thread 62" [_thread_blocked, id=19548, stack(0x0000008a47f00000,0x0000008a48000000)]
  0x0000022e07a4c370 JavaThread "Unconstrained build operations Thread 63" [_thread_blocked, id=5860, stack(0x0000008a48000000,0x0000008a48100000)]
  0x0000022e07a4d7b0 JavaThread "Unconstrained build operations Thread 64" [_thread_blocked, id=7060, stack(0x0000008a48100000,0x0000008a48200000)]
  0x0000022e07a4a000 JavaThread "Unconstrained build operations Thread 65" [_thread_blocked, id=18684, stack(0x0000008a48200000,0x0000008a48300000)]
  0x0000022e07a4af30 JavaThread "Unconstrained build operations Thread 66" [_thread_blocked, id=12316, stack(0x0000008a48300000,0x0000008a48400000)]
  0x0000022e07a4dcc0 JavaThread "Unconstrained build operations Thread 67" [_thread_blocked, id=13384, stack(0x0000008a48800000,0x0000008a48900000)]
  0x0000022e07a4a510 JavaThread "Unconstrained build operations Thread 68" [_thread_blocked, id=2932, stack(0x0000008a48a00000,0x0000008a48b00000)]
  0x0000022e07a51470 JavaThread "Unconstrained build operations Thread 69" [_thread_blocked, id=4568, stack(0x0000008a48b00000,0x0000008a48c00000)]
  0x0000022e07a51980 JavaThread "Unconstrained build operations Thread 70" [_thread_blocked, id=23864, stack(0x0000008a48c00000,0x0000008a48d00000)]
  0x0000022e07a4e6e0 JavaThread "Unconstrained build operations Thread 71" [_thread_blocked, id=12052, stack(0x0000008a48d00000,0x0000008a48e00000)]
  0x0000022e07a4f100 JavaThread "Unconstrained build operations Thread 72" [_thread_blocked, id=24804, stack(0x0000008a48e00000,0x0000008a48f00000)]
  0x0000022e07a50030 JavaThread "Unconstrained build operations Thread 73" [_thread_blocked, id=11556, stack(0x0000008a48f00000,0x0000008a49000000)]
  0x0000022e07a50540 JavaThread "Unconstrained build operations Thread 74" [_thread_blocked, id=9604, stack(0x0000008a49000000,0x0000008a49100000)]
  0x0000022e07a4e1d0 JavaThread "Unconstrained build operations Thread 75" [_thread_blocked, id=3596, stack(0x0000008a49100000,0x0000008a49200000)]
  0x0000022e07a50a50 JavaThread "Unconstrained build operations Thread 76" [_thread_blocked, id=5492, stack(0x0000008a49200000,0x0000008a49300000)]
  0x0000022e07a4ebf0 JavaThread "Unconstrained build operations Thread 77" [_thread_blocked, id=13604, stack(0x0000008a49300000,0x0000008a49400000)]
  0x0000022e07a523a0 JavaThread "Unconstrained build operations Thread 78" [_thread_blocked, id=25336, stack(0x0000008a49400000,0x0000008a49500000)]
  0x0000022e07a4f610 JavaThread "Unconstrained build operations Thread 79" [_thread_blocked, id=15316, stack(0x0000008a49500000,0x0000008a49600000)]
  0x0000022e07a56a80 JavaThread "Unconstrained build operations Thread 80" [_thread_blocked, id=25292, stack(0x0000008a49600000,0x0000008a49700000)]
  0x0000022e7c4930a0 JavaThread "C1 CompilerThread1" daemon [_thread_in_native, id=1912, stack(0x0000008a49700000,0x0000008a49800000)]
  0x0000022e07a537e0 JavaThread "Unconstrained build operations Thread 81" [_thread_blocked, id=14800, stack(0x0000008a49800000,0x0000008a49900000)]
  0x0000022e07a574a0 JavaThread "Unconstrained build operations Thread 82" [_thread_blocked, id=25404, stack(0x0000008a49900000,0x0000008a49a00000)]
  0x0000022e07a579b0 JavaThread "Unconstrained build operations Thread 83" [_thread_blocked, id=17332, stack(0x0000008a49a00000,0x0000008a49b00000)]
  0x0000022e07a58df0 JavaThread "Unconstrained build operations Thread 84" [_thread_blocked, id=18312, stack(0x0000008a49b00000,0x0000008a49c00000)]
  0x0000022e07a583d0 JavaThread "Unconstrained build operations Thread 85" [_thread_blocked, id=2780, stack(0x0000008a49c00000,0x0000008a49d00000)]
  0x0000022e09ef3950 JavaThread "Unconstrained build operations Thread 86" [_thread_blocked, id=1276, stack(0x0000008a49d00000,0x0000008a49e00000)]
  0x0000022e09ef4370 JavaThread "Unconstrained build operations Thread 87" [_thread_blocked, id=9096, stack(0x0000008a49e00000,0x0000008a49f00000)]
  0x0000022e09ef52a0 JavaThread "Unconstrained build operations Thread 88" [_thread_blocked, id=23604, stack(0x0000008a49f00000,0x0000008a4a000000)]
  0x0000022e09ef3440 JavaThread "Unconstrained build operations Thread 89" [_thread_blocked, id=21924, stack(0x0000008a4a000000,0x0000008a4a100000)]
  0x0000022e09ef3e60 JavaThread "Unconstrained build operations Thread 90" [_thread_blocked, id=19032, stack(0x0000008a4a100000,0x0000008a4a200000)]
  0x0000022e09ef4880 JavaThread "Unconstrained build operations Thread 91" [_thread_blocked, id=17228, stack(0x0000008a4a200000,0x0000008a4a300000)]
  0x0000022e09ef4d90 JavaThread "Unconstrained build operations Thread 92" [_thread_blocked, id=25184, stack(0x0000008a4a300000,0x0000008a4a400000)]
  0x0000022e09ef57b0 JavaThread "Unconstrained build operations Thread 93" [_thread_blocked, id=7296, stack(0x0000008a4a400000,0x0000008a4a500000)]
  0x0000022e09ef5cc0 JavaThread "Unconstrained build operations Thread 94" [_thread_blocked, id=13460, stack(0x0000008a4a500000,0x0000008a4a600000)]
  0x0000022e09ef66e0 JavaThread "Unconstrained build operations Thread 95" [_thread_blocked, id=4192, stack(0x0000008a4a600000,0x0000008a4a700000)]
  0x0000022e09ef2f30 JavaThread "Unconstrained build operations Thread 96" [_thread_blocked, id=25524, stack(0x0000008a4a700000,0x0000008a4a800000)]
  0x0000022e09efa3a0 JavaThread "Unconstrained build operations Thread 97" [_thread_blocked, id=2652, stack(0x0000008a4a800000,0x0000008a4a900000)]
  0x0000022e09ef9980 JavaThread "Unconstrained build operations Thread 98" [_thread_blocked, id=20132, stack(0x0000008a4a900000,0x0000008a4aa00000)]
  0x0000022e09ef7610 JavaThread "Unconstrained build operations Thread 99" [_thread_blocked, id=4532, stack(0x0000008a4aa00000,0x0000008a4ab00000)]
  0x0000022e09ef8a50 JavaThread "ForkJoinPool.commonPool-worker-33" daemon [_thread_blocked, id=23048, stack(0x0000008a47e00000,0x0000008a47f00000)]
  0x0000022e09ef9470 JavaThread "ForkJoinPool.commonPool-worker-34" daemon [_thread_blocked, id=9580, stack(0x0000008a4ad00000,0x0000008a4ae00000)]
  0x0000022e09f00df0 JavaThread "pool-14-thread-1" [_thread_blocked, id=18392, stack(0x0000008a4ae00000,0x0000008a4af00000)]
  0x0000022e09f01300 JavaThread "build event listener" [_thread_blocked, id=23388, stack(0x0000008a4af00000,0x0000008a4b000000)]
  0x0000022e09efe060 JavaThread "Unconstrained build operations Thread 100" [_thread_blocked, id=24472, stack(0x0000008a4b000000,0x0000008a4b100000)]
  0x0000022e09f01d20 JavaThread "Unconstrained build operations Thread 101" [_thread_blocked, id=20384, stack(0x0000008a4b100000,0x0000008a4b200000)]
  0x0000022e09efea80 JavaThread "Unconstrained build operations Thread 102" [_thread_blocked, id=12408, stack(0x0000008a4b200000,0x0000008a4b300000)]
  0x0000022e09f02740 JavaThread "Unconstrained build operations Thread 103" [_thread_blocked, id=23436, stack(0x0000008a4b300000,0x0000008a4b400000)]
  0x0000022e09efef90 JavaThread "Unconstrained build operations Thread 104" [_thread_blocked, id=18600, stack(0x0000008a4b400000,0x0000008a4b500000)]
  0x0000022e09eff4a0 JavaThread "Unconstrained build operations Thread 105" [_thread_blocked, id=23076, stack(0x0000008a4b500000,0x0000008a4b600000)]
  0x0000022e00c30ca0 JavaThread "Unconstrained build operations Thread 106" [_thread_blocked, id=3076, stack(0x0000008a4b600000,0x0000008a4b700000)]
  0x0000022e00c33520 JavaThread "Unconstrained build operations Thread 107" [_thread_blocked, id=2796, stack(0x0000008a4b700000,0x0000008a4b800000)]
  0x0000022e00c316c0 JavaThread "Unconstrained build operations Thread 108" [_thread_blocked, id=8332, stack(0x0000008a4b800000,0x0000008a4b900000)]
  0x0000022e00c33a30 JavaThread "Unconstrained build operations Thread 109" [_thread_blocked, id=17924, stack(0x0000008a4b900000,0x0000008a4ba00000)]
  0x0000022e00c325f0 JavaThread "Unconstrained build operations Thread 110" [_thread_blocked, id=8756, stack(0x0000008a4ba00000,0x0000008a4bb00000)]
  0x0000022e00c31bd0 JavaThread "Unconstrained build operations Thread 111" [_thread_blocked, id=15696, stack(0x0000008a4bb00000,0x0000008a4bc00000)]
  0x0000022e00c32b00 JavaThread "Unconstrained build operations Thread 112" [_thread_blocked, id=15156, stack(0x0000008a4bc00000,0x0000008a4bd00000)]
  0x0000022e00c33010 JavaThread "Unconstrained build operations Thread 113" [_thread_blocked, id=16108, stack(0x0000008a4bd00000,0x0000008a4be00000)]
  0x0000022e00c33f40 JavaThread "Unconstrained build operations Thread 114" [_thread_blocked, id=1256, stack(0x0000008a4be00000,0x0000008a4bf00000)]
  0x0000022e00c30790 JavaThread "Unconstrained build operations Thread 115" [_thread_blocked, id=16944, stack(0x0000008a4bf00000,0x0000008a4c000000)]
  0x0000022e00c367c0 JavaThread "Unconstrained build operations Thread 116" [_thread_blocked, id=22812, stack(0x0000008a4c000000,0x0000008a4c100000)]
  0x0000022e00c35890 JavaThread "Unconstrained build operations Thread 117" [_thread_blocked, id=14060, stack(0x0000008a4c100000,0x0000008a4c200000)]
  0x0000022e00c34450 JavaThread "Unconstrained build operations Thread 118" [_thread_blocked, id=4084, stack(0x0000008a4c200000,0x0000008a4c300000)]
  0x0000022e00c376f0 JavaThread "Unconstrained build operations Thread 119" [_thread_blocked, id=20264, stack(0x0000008a4c300000,0x0000008a4c400000)]
  0x0000022e00c37c00 JavaThread "Unconstrained build operations Thread 120" [_thread_blocked, id=8016, stack(0x0000008a4c400000,0x0000008a4c500000)]
  0x0000022e00c362b0 JavaThread "Unconstrained build operations Thread 121" [_thread_blocked, id=18256, stack(0x0000008a4c500000,0x0000008a4c600000)]
  0x0000022e00c36cd0 JavaThread "Unconstrained build operations Thread 122" [_thread_blocked, id=22132, stack(0x0000008a4c600000,0x0000008a4c700000)]
  0x0000022e00c371e0 JavaThread "Unconstrained build operations Thread 123" [_thread_blocked, id=17744, stack(0x0000008a4c700000,0x0000008a4c800000)]
  0x0000022e00c38110 JavaThread "Unconstrained build operations Thread 124" [_thread_blocked, id=17812, stack(0x0000008a4c800000,0x0000008a4c900000)]
  0x0000022e00c35da0 JavaThread "Unconstrained build operations Thread 125" [_thread_blocked, id=13396, stack(0x0000008a4c900000,0x0000008a4ca00000)]
  0x0000022e00c34960 JavaThread "Unconstrained build operations Thread 126" [_thread_blocked, id=21520, stack(0x0000008a4ca00000,0x0000008a4cb00000)]
  0x0000022e00c34e70 JavaThread "Unconstrained build operations Thread 127" [_thread_blocked, id=13540, stack(0x0000008a4cb00000,0x0000008a4cc00000)]
  0x0000022e00c35380 JavaThread "Unconstrained build operations Thread 128" [_thread_blocked, id=7660, stack(0x0000008a4cc00000,0x0000008a4cd00000)]
  0x0000022e024873e0 JavaThread "Unconstrained build operations Thread 129" [_thread_blocked, id=17976, stack(0x0000008a4cd00000,0x0000008a4ce00000)]
  0x0000022e02485a90 JavaThread "Unconstrained build operations Thread 130" [_thread_blocked, id=2740, stack(0x0000008a4ce00000,0x0000008a4cf00000)]
  0x0000022e024878f0 JavaThread "Unconstrained build operations Thread 131" [_thread_blocked, id=22756, stack(0x0000008a4cf00000,0x0000008a4d000000)]
  0x0000022e02485fa0 JavaThread "Unconstrained build operations Thread 132" [_thread_blocked, id=25264, stack(0x0000008a4d200000,0x0000008a4d300000)]
  0x0000022e024864b0 JavaThread "Unconstrained build operations Thread 133" [_thread_blocked, id=2268, stack(0x0000008a4d300000,0x0000008a4d400000)]
  0x0000022e024869c0 JavaThread "Unconstrained build operations Thread 134" [_thread_blocked, id=22744, stack(0x0000008a4d400000,0x0000008a4d500000)]
  0x0000022e02487e00 JavaThread "Unconstrained build operations Thread 135" [_thread_blocked, id=24628, stack(0x0000008a4d500000,0x0000008a4d600000)]
  0x0000022e02488310 JavaThread "Unconstrained build operations Thread 136" [_thread_blocked, id=6708, stack(0x0000008a4d600000,0x0000008a4d700000)]
  0x0000022e02488820 JavaThread "Unconstrained build operations Thread 137" [_thread_blocked, id=20404, stack(0x0000008a4d700000,0x0000008a4d800000)]
  0x0000022e02485070 JavaThread "Unconstrained build operations Thread 138" [_thread_blocked, id=15144, stack(0x0000008a4d800000,0x0000008a4d900000)]
  0x0000022e02485580 JavaThread "Unconstrained build operations Thread 139" [_thread_blocked, id=14532, stack(0x0000008a4d900000,0x0000008a4da00000)]
  0x0000022e0248ab90 JavaThread "Unconstrained build operations Thread 140" [_thread_blocked, id=21024, stack(0x0000008a4da00000,0x0000008a4db00000)]
  0x0000022e02489240 JavaThread "Unconstrained build operations Thread 141" [_thread_blocked, id=23264, stack(0x0000008a4db00000,0x0000008a4dc00000)]
  0x0000022e02489750 JavaThread "Unconstrained build operations Thread 142" [_thread_blocked, id=13044, stack(0x0000008a4dc00000,0x0000008a4dd00000)]
  0x0000022e02489c60 JavaThread "Unconstrained build operations Thread 143" [_thread_blocked, id=9956, stack(0x0000008a4dd00000,0x0000008a4de00000)]
  0x0000022e0248bfd0 JavaThread "Unconstrained build operations Thread 144" [_thread_blocked, id=4232, stack(0x0000008a4de00000,0x0000008a4df00000)]
  0x0000022e0248bac0 JavaThread "Unconstrained build operations Thread 145" [_thread_blocked, id=21440, stack(0x0000008a4df00000,0x0000008a4e000000)]
  0x0000022e0248b0a0 JavaThread "Unconstrained build operations Thread 146" [_thread_blocked, id=6548, stack(0x0000008a4e000000,0x0000008a4e100000)]
  0x0000022e0248c4e0 JavaThread "Unconstrained build operations Thread 147" [_thread_blocked, id=17476, stack(0x0000008a4e100000,0x0000008a4e200000)]
  0x0000022e0248b5b0 JavaThread "Unconstrained build operations Thread 148" [_thread_blocked, id=24492, stack(0x0000008a4e200000,0x0000008a4e300000)]
  0x0000022e0248c9f0 JavaThread "Unconstrained build operations Thread 149" [_thread_blocked, id=23916, stack(0x0000008a4e300000,0x0000008a4e400000)]
  0x0000022e7e37a630 JavaThread "Unconstrained build operations Thread 150" [_thread_blocked, id=16612, stack(0x0000008a4e400000,0x0000008a4e500000)]
  0x0000022e7e377db0 JavaThread "Unconstrained build operations Thread 151" [_thread_blocked, id=25000, stack(0x0000008a4e500000,0x0000008a4e600000)]
  0x0000022e7e3782c0 JavaThread "Unconstrained build operations Thread 152" [_thread_blocked, id=18292, stack(0x0000008a4e600000,0x0000008a4e700000)]
  0x0000022e7e378ce0 JavaThread "Unconstrained build operations Thread 153" [_thread_blocked, id=21796, stack(0x0000008a4e700000,0x0000008a4e800000)]
  0x0000022e7e379c10 JavaThread "Cache worker for execution history cache (C:\Users\Asus\MAD\AwesomeProject\android\.gradle\8.3\executionHistory)" [_thread_blocked, id=16604, stack(0x0000008a4e800000,0x0000008a4e900000)]
  0x0000022e7e376e80 JavaThread "Unconstrained build operations Thread 154" [_thread_blocked, id=17936, stack(0x0000008a4e900000,0x0000008a4ea00000)]
  0x0000022e7e37ab40 JavaThread "Unconstrained build operations Thread 155" [_thread_blocked, id=15376, stack(0x0000008a4ea00000,0x0000008a4eb00000)]
  0x0000022e7e3778a0 JavaThread "Unconstrained build operations Thread 156" [_thread_blocked, id=23152, stack(0x0000008a4eb00000,0x0000008a4ec00000)]
  0x0000022e7e37b560 JavaThread "WorkerExecutor Queue" [_thread_in_native, id=19888, stack(0x0000008a4ec00000,0x0000008a4ed00000)]
  0x0000022e7e37ba70 JavaThread "Unconstrained build operations Thread 157" [_thread_blocked, id=21684, stack(0x0000008a4ed00000,0x0000008a4ee00000)]
  0x0000022e7e37ceb0 JavaThread "Unconstrained build operations Thread 158" [_thread_blocked, id=19504, stack(0x0000008a4ee00000,0x0000008a4ef00000)]
  0x0000022e7e379700 JavaThread "Unconstrained build operations Thread 159" [_thread_blocked, id=12536, stack(0x0000008a4ef00000,0x0000008a4f000000)]
  0x0000022e7e37dde0 JavaThread "Unconstrained build operations Thread 160" [_thread_blocked, id=12132, stack(0x0000008a4f000000,0x0000008a4f100000)]
  0x0000022e7e37bf80 JavaThread "Unconstrained build operations Thread 161" [_thread_blocked, id=19560, stack(0x0000008a4f100000,0x0000008a4f200000)]
  0x0000022e7e37c490 JavaThread "Unconstrained build operations Thread 162" [_thread_blocked, id=17264, stack(0x0000008a4f200000,0x0000008a4f300000)]
  0x0000022e7e37c9a0 JavaThread "Unconstrained build operations Thread 163" [_thread_blocked, id=20544, stack(0x0000008a4f300000,0x0000008a4f400000)]
  0x0000022e7e37d3c0 JavaThread "Unconstrained build operations Thread 164" [_thread_blocked, id=19448, stack(0x0000008a4f400000,0x0000008a4f500000)]
  0x0000022e7e37e2f0 JavaThread "Unconstrained build operations Thread 165" [_thread_blocked, id=22844, stack(0x0000008a4f500000,0x0000008a4f600000)]
  0x0000022e7e37d8d0 JavaThread "Unconstrained build operations Thread 166" [_thread_blocked, id=21332, stack(0x0000008a4f600000,0x0000008a4f700000)]
  0x0000022e01d95de0 JavaThread "Unconstrained build operations Thread 167" [_thread_blocked, id=20464, stack(0x0000008a4f700000,0x0000008a4f800000)]
  0x0000022e01d953c0 JavaThread "Unconstrained build operations Thread 168" [_thread_blocked, id=14400, stack(0x0000008a4f800000,0x0000008a4f900000)]
  0x0000022e01d958d0 JavaThread "Unconstrained build operations Thread 169" [_thread_blocked, id=6068, stack(0x0000008a4f900000,0x0000008a4fa00000)]
  0x0000022e01d97220 JavaThread "Unconstrained build operations Thread 170" [_thread_blocked, id=20844, stack(0x0000008a4fa00000,0x0000008a4fb00000)]
  0x0000022e01d96d10 JavaThread "Unconstrained build operations Thread 171" [_thread_blocked, id=9788, stack(0x0000008a4fb00000,0x0000008a4fc00000)]
  0x0000022e01d94490 JavaThread "Unconstrained build operations Thread 172" [_thread_blocked, id=2384, stack(0x0000008a4fc00000,0x0000008a4fd00000)]
  0x0000022e01d93f80 JavaThread "Unconstrained build operations Thread 173" [_thread_blocked, id=25532, stack(0x0000008a4fd00000,0x0000008a4fe00000)]
  0x0000022e01d99590 JavaThread "pool-15-thread-1" [_thread_blocked, id=23392, stack(0x0000008a4fe00000,0x0000008a4ff00000)]
  0x0000022e01d97c40 JavaThread "Unconstrained build operations Thread 174" [_thread_blocked, id=9564, stack(0x0000008a4ff00000,0x0000008a50000000)]
  0x0000022e01d98150 JavaThread "Unconstrained build operations Thread 175" [_thread_blocked, id=23620, stack(0x0000008a50000000,0x0000008a50100000)]
  0x0000022e01d98b70 JavaThread "WorkerExecutor Queue Thread 2" [_thread_in_native, id=17572, stack(0x0000008a50100000,0x0000008a50200000)]
  0x0000022e01d99080 JavaThread "stderr" [_thread_in_native, id=20360, stack(0x0000008a50200000,0x0000008a50300000)]
  0x0000022e01d99aa0 JavaThread "stdout" [_thread_in_native, id=4792, stack(0x0000008a50300000,0x0000008a50400000)]
  0x0000022e7c48d100 JavaThread "C2 CompilerThread1" daemon [_thread_in_native, id=12400, stack(0x0000008a43e00000,0x0000008a43f00000)]
=>0x0000022e02269410 JavaThread "C2 CompilerThread2" daemon [_thread_in_native, id=13308, stack(0x0000008a50500000,0x0000008a50600000)]
  0x0000022e01d962f0 JavaThread "RMI RenewClean-[127.0.0.1:17301,org.jetbrains.kotlin.daemon.common.LoopbackNetworkInterface$ClientLoopbackSocketFactory@3e50b205]" daemon [_thread_blocked, id=6304, stack(0x0000008a50400000,0x0000008a50500000)]
  0x0000022e01d96800 JavaThread "WorkerExecutor Queue Thread 3" [_thread_blocked, id=12852, stack(0x0000008a50600000,0x0000008a50700000)]
  0x0000022e0226c3e0 JavaThread "C1 CompilerThread2" daemon [_thread_in_native, id=13648, stack(0x0000008a50700000,0x0000008a50800000)]
  0x0000022e02269eb0 JavaThread "C1 CompilerThread3" daemon [_thread_in_native, id=23164, stack(0x0000008a50800000,0x0000008a50900000)]
  0x0000022e01d9a4c0 JavaThread "RMI RenewClean-[127.0.0.1:17301,org.jetbrains.kotlin.daemon.common.LoopbackNetworkInterface$ClientLoopbackSocketFactory@2526ef44]" daemon [_thread_blocked, id=22220, stack(0x0000008a50900000,0x0000008a50a00000)]
  0x0000022e01d9a9d0 JavaThread "RMI TCP Connection(3)-127.0.0.1" daemon [_thread_in_native, id=12208, stack(0x0000008a50a00000,0x0000008a50b00000)]
  0x0000022e01d9aee0 JavaThread "RMI TCP Connection(4)-127.0.0.1" daemon [_thread_in_native, id=24240, stack(0x0000008a50b00000,0x0000008a50c00000)]
  0x0000022e01d9b3f0 JavaThread "Unconstrained build operations Thread 176" [_thread_in_native, id=19684, stack(0x0000008a50c00000,0x0000008a50d00000)]
  0x0000022e7bb329b0 JavaThread "Unconstrained build operations Thread 177" [_thread_in_native, id=25480, stack(0x0000008a50d00000,0x0000008a50e00000)]
  0x0000022e7bb31a80 JavaThread "Unconstrained build operations Thread 178" [_thread_in_native, id=22488, stack(0x0000008a50e00000,0x0000008a50f00000)]
  0x0000022e7bb31f90 JavaThread "Unconstrained build operations Thread 179" [_thread_in_native, id=2428, stack(0x0000008a50f00000,0x0000008a51000000)]
  0x0000022e7bb324a0 JavaThread "Unconstrained build operations Thread 180" [_thread_in_native, id=2128, stack(0x0000008a51000000,0x0000008a51100000)]
  0x0000022e7bb34810 JavaThread "Unconstrained build operations Thread 181" [_thread_in_Java, id=20408, stack(0x0000008a51100000,0x0000008a51200000)]
  0x0000022e7bb32ec0 JavaThread "Unconstrained build operations Thread 182" [_thread_in_native, id=18728, stack(0x0000008a51200000,0x0000008a51300000)]
  0x0000022e7bb31060 JavaThread "Unconstrained build operations Thread 183" [_thread_in_vm, id=18592, stack(0x0000008a51300000,0x0000008a51400000)]
  0x0000022e7bb333d0 JavaThread "Unconstrained build operations Thread 184" [_thread_in_native, id=24052, stack(0x0000008a51400000,0x0000008a51500000)]
  0x0000022e7bb34d20 JavaThread "Unconstrained build operations Thread 185" [_thread_in_vm, id=17516, stack(0x0000008a51500000,0x0000008a51600000)]
  0x0000022e7bb338e0 JavaThread "Unconstrained build operations Thread 186" [_thread_in_vm, id=18296, stack(0x0000008a51600000,0x0000008a51700000)]
  0x0000022e7bb33df0 JavaThread "Unconstrained build operations Thread 187" [_thread_in_Java, id=21564, stack(0x0000008a51700000,0x0000008a51800000)]
  0x0000022e7bb34300 JavaThread "Unconstrained build operations Thread 188" [_thread_in_Java, id=6676, stack(0x0000008a51800000,0x0000008a51900000)]
  0x0000022e7bb31570 JavaThread "Unconstrained build operations Thread 189" [_thread_in_vm, id=24312, stack(0x0000008a51c00000,0x0000008a51d00000)]
  0x0000022e7bb37ab0 JavaThread "Unconstrained build operations Thread 190" [_thread_in_native, id=24564, stack(0x0000008a51d00000,0x0000008a51e00000)]
  0x0000022e7bb35c50 JavaThread "Unconstrained build operations Thread 191" [_thread_in_native, id=12064, stack(0x0000008a51f00000,0x0000008a52000000)]
  0x0000022e7e55b080 JavaThread "Unconstrained build operations Thread 192" [_thread_in_vm, id=3508, stack(0x0000008a52000000,0x0000008a52100000)]
  0x0000022e7e55c4c0 JavaThread "Unconstrained build operations Thread 193" [_thread_blocked, id=3592, stack(0x0000008a52100000,0x0000008a52200000)]
  0x0000022e7e55baa0 JavaThread "Unconstrained build operations Thread 194" [_thread_blocked, id=14684, stack(0x0000008a52200000,0x0000008a52300000)]

Other Threads:
  0x0000022e5a6f3ff0 VMThread "VM Thread" [stack: 0x0000008a3d900000,0x0000008a3da00000] [id=19952] _threads_hazard_ptr=0x0000022e0a4eb280
  0x0000022e3b8f0740 WatcherThread [stack: 0x0000008a3e900000,0x0000008a3ea00000] [id=14768]
  0x0000022e3b950e00 GCTaskThread "GC Thread#0" [stack: 0x0000008a3d400000,0x0000008a3d500000] [id=21020]
  0x0000022e7b9e92c0 GCTaskThread "GC Thread#1" [stack: 0x0000008a3eb00000,0x0000008a3ec00000] [id=21160]
  0x0000022e7b87b0a0 GCTaskThread "GC Thread#2" [stack: 0x0000008a3ec00000,0x0000008a3ed00000] [id=13484]
  0x0000022e7b87b360 GCTaskThread "GC Thread#3" [stack: 0x0000008a3ed00000,0x0000008a3ee00000] [id=11716]
  0x0000022e7b87b620 GCTaskThread "GC Thread#4" [stack: 0x0000008a3ee00000,0x0000008a3ef00000] [id=15088]
  0x0000022e7b87b8e0 GCTaskThread "GC Thread#5" [stack: 0x0000008a3ef00000,0x0000008a3f000000] [id=25228]
  0x0000022e7d1c7550 GCTaskThread "GC Thread#6" [stack: 0x0000008a3fe00000,0x0000008a3ff00000] [id=4824]
  0x0000022e7c760430 GCTaskThread "GC Thread#7" [stack: 0x0000008a3ff00000,0x0000008a40000000] [id=22944]
  0x0000022e7d5d01c0 GCTaskThread "GC Thread#8" [stack: 0x0000008a40000000,0x0000008a40100000] [id=21244]
  0x0000022e7e5a8d60 GCTaskThread "GC Thread#9" [stack: 0x0000008a40100000,0x0000008a40200000] [id=21876]
  0x0000022e7e5a9020 GCTaskThread "GC Thread#10" [stack: 0x0000008a40200000,0x0000008a40300000] [id=4440]
  0x0000022e7c75f910 GCTaskThread "GC Thread#11" [stack: 0x0000008a40300000,0x0000008a40400000] [id=17632]
  0x0000022e7c75fbd0 GCTaskThread "GC Thread#12" [stack: 0x0000008a40400000,0x0000008a40500000] [id=23072]
  0x0000022e7e59a880 GCTaskThread "GC Thread#13" [stack: 0x0000008a40500000,0x0000008a40600000] [id=16072]
  0x0000022e7e59ae00 GCTaskThread "GC Thread#14" [stack: 0x0000008a40600000,0x0000008a40700000] [id=22344]
  0x0000022e3b961c60 ConcurrentGCThread "G1 Main Marker" [stack: 0x0000008a3d500000,0x0000008a3d600000] [id=18396]
  0x0000022e3b964270 ConcurrentGCThread "G1 Conc#0" [stack: 0x0000008a3d600000,0x0000008a3d700000] [id=23540]
  0x0000022e7e59a5c0 ConcurrentGCThread "G1 Conc#1" [stack: 0x0000008a40b00000,0x0000008a40c00000] [id=19656]
  0x0000022e7e59b0c0 ConcurrentGCThread "G1 Conc#2" [stack: 0x0000008a40c00000,0x0000008a40d00000] [id=23612]
  0x0000022e7e59b380 ConcurrentGCThread "G1 Conc#3" [stack: 0x0000008a40d00000,0x0000008a40e00000] [id=14544]
  0x0000022e3b99dc80 ConcurrentGCThread "G1 Refine#0" [stack: 0x0000008a3d700000,0x0000008a3d800000] [id=9600]
  0x0000022e07c4d5e0 ConcurrentGCThread "G1 Refine#1" [stack: 0x0000008a48400000,0x0000008a48500000] [id=23928]
  0x0000022e01c98090 ConcurrentGCThread "G1 Refine#2" [stack: 0x0000008a48500000,0x0000008a48600000] [id=21680]
  0x0000022e01c98380 ConcurrentGCThread "G1 Refine#3" [stack: 0x0000008a48600000,0x0000008a48700000] [id=15644]
  0x0000022e01c98670 ConcurrentGCThread "G1 Refine#4" [stack: 0x0000008a48700000,0x0000008a48800000] [id=3880]
  0x0000022e3b99e460 ConcurrentGCThread "G1 Service" [stack: 0x0000008a3d800000,0x0000008a3d900000] [id=25084]

Threads with active compile tasks:
C2 CompilerThread0  1552640 42388       4       org.gradle.internal.logging.sink.OutputEventRenderer$LazyListener::onOutput (95 bytes)
C1 CompilerThread0  1552640 42498       3       com.android.tools.r8.internal.N5::a (262 bytes)
C1 CompilerThread1  1552640 42550       3       com.android.tools.r8.ir.optimize.H::a (452 bytes)
C2 CompilerThread1  1552640 42370       4       org.gradle.api.internal.artifacts.ivyservice.resolveengine.artifact.ArtifactBackedResolvedVariant$SingleArtifactSet::visit (8 bytes)
C2 CompilerThread2  1552641 42303       4       com.android.builder.symbols.BytecodeRClassWriterKt::generateResourceTypeClass (853 bytes)
C1 CompilerThread2  1552641 42507       3       com.android.tools.r8.ir.regalloc.n::<init> (122 bytes)
C1 CompilerThread3  1552641 42516 %     3       com.android.tools.r8.graph.y4::g @ 15 (64 bytes)

VM state: not at safepoint (normal execution)

VM Mutex/Monitor currently owned by a thread: None

Heap address: 0x0000000080000000, size: 2048 MB, Compressed Oops mode: 32-bit

CDS archive(s) mapped at: [0x0000022e5c000000-0x0000022e5cbb0000-0x0000022e5cbb0000), size 12255232, SharedBaseAddress: 0x0000022e5c000000, ArchiveRelocationMode: 1.
Compressed class space mapped at: 0x0000022e5d000000-0x0000022e77000000, reserved size: 436207616
Narrow klass base: 0x0000022e5c000000, Narrow klass shift: 0, Narrow klass range: 0x100000000

GC Precious Log:
 CPUs: 20 total, 20 available
 Memory: 16007M
 Large Page Support: Disabled
 NUMA Support: Disabled
 Compressed Oops: Enabled (32-bit)
 Heap Region Size: 1M
 Heap Min Capacity: 8M
 Heap Initial Capacity: 252M
 Heap Max Capacity: 2G
 Pre-touch: Disabled
 Parallel Workers: 15
 Concurrent Workers: 4
 Concurrent Refinement Workers: 15
 Periodic GC: Disabled

Heap:
 garbage-first heap   total 692224K, used 345953K [0x0000000080000000, 0x0000000100000000)
  region size 1024K, 66 young (67584K), 35 survivors (35840K)
 Metaspace       used 170559K, committed 172544K, reserved 622592K
  class space    used 22023K, committed 23040K, reserved 425984K

Heap Regions: E=young(eden), S=young(survivor), O=old, HS=humongous(starts), HC=humongous(continues), CS=collection set, F=free, OA=open archive, CA=closed archive, TAMS=top-at-mark-start (previous, next)
|   0|0x0000000080000000, 0x0000000080100000, 0x0000000080100000|100%|HS|  |TAMS 0x0000000080100000, 0x0000000080000000| Complete 
|   1|0x0000000080100000, 0x0000000080200000, 0x0000000080200000|100%|HC|  |TAMS 0x0000000080200000, 0x0000000080100000| Complete 
|   2|0x0000000080200000, 0x0000000080300000, 0x0000000080300000|100%|HC|  |TAMS 0x0000000080300000, 0x0000000080200000| Complete 
|   3|0x0000000080300000, 0x0000000080400000, 0x0000000080400000|100%|HC|  |TAMS 0x0000000080400000, 0x0000000080300000| Complete 
|   4|0x0000000080400000, 0x0000000080500000, 0x0000000080500000|100%| O|  |TAMS 0x0000000080500000, 0x0000000080400000| Untracked 
|   5|0x0000000080500000, 0x0000000080600000, 0x0000000080600000|100%| O|  |TAMS 0x0000000080600000, 0x0000000080500000| Untracked 
|   6|0x0000000080600000, 0x0000000080700000, 0x0000000080700000|100%| O|  |TAMS 0x0000000080700000, 0x0000000080600000| Untracked 
|   7|0x0000000080700000, 0x0000000080800000, 0x0000000080800000|100%| O|  |TAMS 0x0000000080800000, 0x0000000080700000| Untracked 
|   8|0x0000000080800000, 0x0000000080900000, 0x0000000080900000|100%| O|  |TAMS 0x0000000080900000, 0x0000000080800000| Untracked 
|   9|0x0000000080900000, 0x0000000080a00000, 0x0000000080a00000|100%| O|  |TAMS 0x0000000080a00000, 0x0000000080900000| Untracked 
|  10|0x0000000080a00000, 0x0000000080b00000, 0x0000000080b00000|100%| O|  |TAMS 0x0000000080b00000, 0x0000000080a00000| Untracked 
|  11|0x0000000080b00000, 0x0000000080c00000, 0x0000000080c00000|100%| O|  |TAMS 0x0000000080c00000, 0x0000000080b00000| Untracked 
|  12|0x0000000080c00000, 0x0000000080d00000, 0x0000000080d00000|100%| O|  |TAMS 0x0000000080d00000, 0x0000000080c00000| Untracked 
|  13|0x0000000080d00000, 0x0000000080e00000, 0x0000000080e00000|100%| O|  |TAMS 0x0000000080e00000, 0x0000000080d00000| Untracked 
|  14|0x0000000080e00000, 0x0000000080f00000, 0x0000000080f00000|100%| O|  |TAMS 0x0000000080f00000, 0x0000000080e00000| Untracked 
|  15|0x0000000080f00000, 0x0000000081000000, 0x0000000081000000|100%| O|  |TAMS 0x0000000081000000, 0x0000000080f00000| Untracked 
|  16|0x0000000081000000, 0x0000000081100000, 0x0000000081100000|100%| O|  |TAMS 0x0000000081100000, 0x0000000081000000| Untracked 
|  17|0x0000000081100000, 0x0000000081200000, 0x0000000081200000|100%| O|  |TAMS 0x0000000081200000, 0x0000000081100000| Untracked 
|  18|0x0000000081200000, 0x0000000081300000, 0x0000000081300000|100%| O|  |TAMS 0x0000000081300000, 0x0000000081200000| Untracked 
|  19|0x0000000081300000, 0x0000000081400000, 0x0000000081400000|100%| O|  |TAMS 0x0000000081400000, 0x0000000081300000| Untracked 
|  20|0x0000000081400000, 0x0000000081500000, 0x0000000081500000|100%| O|  |TAMS 0x0000000081500000, 0x0000000081400000| Untracked 
|  21|0x0000000081500000, 0x0000000081600000, 0x0000000081600000|100%| O|  |TAMS 0x0000000081600000, 0x0000000081500000| Untracked 
|  22|0x0000000081600000, 0x0000000081700000, 0x0000000081700000|100%| O|  |TAMS 0x0000000081700000, 0x0000000081600000| Untracked 
|  23|0x0000000081700000, 0x0000000081800000, 0x0000000081800000|100%| O|  |TAMS 0x0000000081800000, 0x0000000081700000| Untracked 
|  24|0x0000000081800000, 0x0000000081900000, 0x0000000081900000|100%| O|  |TAMS 0x0000000081900000, 0x0000000081800000| Untracked 
|  25|0x0000000081900000, 0x0000000081a00000, 0x0000000081a00000|100%| O|  |TAMS 0x0000000081a00000, 0x0000000081900000| Untracked 
|  26|0x0000000081a00000, 0x0000000081b00000, 0x0000000081b00000|100%| O|  |TAMS 0x0000000081b00000, 0x0000000081a00000| Untracked 
|  27|0x0000000081b00000, 0x0000000081c00000, 0x0000000081c00000|100%| O|  |TAMS 0x0000000081c00000, 0x0000000081b00000| Untracked 
|  28|0x0000000081c00000, 0x0000000081d00000, 0x0000000081d00000|100%| O|  |TAMS 0x0000000081d00000, 0x0000000081c00000| Untracked 
|  29|0x0000000081d00000, 0x0000000081e00000, 0x0000000081e00000|100%| O|  |TAMS 0x0000000081e00000, 0x0000000081d00000| Untracked 
|  30|0x0000000081e00000, 0x0000000081f00000, 0x0000000081f00000|100%| O|  |TAMS 0x0000000081f00000, 0x0000000081e00000| Untracked 
|  31|0x0000000081f00000, 0x0000000082000000, 0x0000000082000000|100%| O|  |TAMS 0x0000000082000000, 0x0000000081f00000| Untracked 
|  32|0x0000000082000000, 0x0000000082100000, 0x0000000082100000|100%| O|  |TAMS 0x0000000082100000, 0x0000000082000000| Untracked 
|  33|0x0000000082100000, 0x0000000082200000, 0x0000000082200000|100%| O|  |TAMS 0x0000000082200000, 0x0000000082100000| Untracked 
|  34|0x0000000082200000, 0x0000000082300000, 0x0000000082300000|100%| O|  |TAMS 0x0000000082300000, 0x0000000082200000| Untracked 
|  35|0x0000000082300000, 0x0000000082400000, 0x0000000082400000|100%| O|  |TAMS 0x0000000082400000, 0x0000000082300000| Untracked 
|  36|0x0000000082400000, 0x0000000082500000, 0x0000000082500000|100%| O|  |TAMS 0x0000000082500000, 0x0000000082400000| Untracked 
|  37|0x0000000082500000, 0x0000000082600000, 0x0000000082600000|100%| O|  |TAMS 0x0000000082600000, 0x0000000082500000| Untracked 
|  38|0x0000000082600000, 0x0000000082700000, 0x0000000082700000|100%| O|  |TAMS 0x0000000082700000, 0x0000000082600000| Untracked 
|  39|0x0000000082700000, 0x0000000082800000, 0x0000000082800000|100%|HS|  |TAMS 0x0000000082800000, 0x0000000082700000| Complete 
|  40|0x0000000082800000, 0x0000000082900000, 0x0000000082900000|100%|HC|  |TAMS 0x0000000082900000, 0x0000000082800000| Complete 
|  41|0x0000000082900000, 0x0000000082a00000, 0x0000000082a00000|100%|HS|  |TAMS 0x0000000082a00000, 0x0000000082900000| Complete 
|  42|0x0000000082a00000, 0x0000000082b00000, 0x0000000082b00000|100%|HC|  |TAMS 0x0000000082b00000, 0x0000000082a00000| Complete 
|  43|0x0000000082b00000, 0x0000000082c00000, 0x0000000082c00000|100%|HS|  |TAMS 0x0000000082c00000, 0x0000000082b00000| Complete 
|  44|0x0000000082c00000, 0x0000000082d00000, 0x0000000082d00000|100%|HC|  |TAMS 0x0000000082d00000, 0x0000000082c00000| Complete 
|  45|0x0000000082d00000, 0x0000000082e00000, 0x0000000082e00000|100%|HC|  |TAMS 0x0000000082e00000, 0x0000000082d00000| Complete 
|  46|0x0000000082e00000, 0x0000000082f00000, 0x0000000082f00000|100%|HC|  |TAMS 0x0000000082f00000, 0x0000000082e00000| Complete 
|  47|0x0000000082f00000, 0x0000000083000000, 0x0000000083000000|100%|HS|  |TAMS 0x0000000083000000, 0x0000000082f00000| Complete 
|  48|0x0000000083000000, 0x0000000083100000, 0x0000000083100000|100%|HC|  |TAMS 0x0000000083100000, 0x0000000083000000| Complete 
|  49|0x0000000083100000, 0x0000000083200000, 0x0000000083200000|100%|HC|  |TAMS 0x0000000083200000, 0x0000000083100000| Complete 
|  50|0x0000000083200000, 0x0000000083300000, 0x0000000083300000|100%|HC|  |TAMS 0x0000000083300000, 0x0000000083200000| Complete 
|  51|0x0000000083300000, 0x0000000083400000, 0x0000000083400000|100%| O|  |TAMS 0x0000000083400000, 0x0000000083300000| Untracked 
|  52|0x0000000083400000, 0x0000000083500000, 0x0000000083500000|100%| O|  |TAMS 0x0000000083500000, 0x0000000083400000| Untracked 
|  53|0x0000000083500000, 0x0000000083600000, 0x0000000083600000|100%| O|  |TAMS 0x0000000083600000, 0x0000000083500000| Untracked 
|  54|0x0000000083600000, 0x0000000083700000, 0x0000000083700000|100%| O|  |TAMS 0x0000000083700000, 0x0000000083600000| Untracked 
|  55|0x0000000083700000, 0x0000000083800000, 0x0000000083800000|100%| O|  |TAMS 0x0000000083800000, 0x0000000083700000| Untracked 
|  56|0x0000000083800000, 0x0000000083900000, 0x0000000083900000|100%| O|  |TAMS 0x0000000083900000, 0x0000000083800000| Untracked 
|  57|0x0000000083900000, 0x0000000083a00000, 0x0000000083a00000|100%| O|  |TAMS 0x0000000083a00000, 0x0000000083900000| Untracked 
|  58|0x0000000083a00000, 0x0000000083b00000, 0x0000000083b00000|100%|HS|  |TAMS 0x0000000083b00000, 0x0000000083a00000| Complete 
|  59|0x0000000083b00000, 0x0000000083c00000, 0x0000000083c00000|100%|HS|  |TAMS 0x0000000083c00000, 0x0000000083b00000| Complete 
|  60|0x0000000083c00000, 0x0000000083d00000, 0x0000000083d00000|100%|HS|  |TAMS 0x0000000083d00000, 0x0000000083c00000| Complete 
|  61|0x0000000083d00000, 0x0000000083e00000, 0x0000000083e00000|100%| O|  |TAMS 0x0000000083e00000, 0x0000000083d00000| Untracked 
|  62|0x0000000083e00000, 0x0000000083f00000, 0x0000000083f00000|100%|HS|  |TAMS 0x0000000083f00000, 0x0000000083e00000| Complete 
|  63|0x0000000083f00000, 0x0000000084000000, 0x0000000084000000|100%| O|  |TAMS 0x0000000084000000, 0x0000000083f00000| Untracked 
|  64|0x0000000084000000, 0x0000000084100000, 0x0000000084100000|100%| O|  |TAMS 0x0000000084100000, 0x0000000084000000| Untracked 
|  65|0x0000000084100000, 0x0000000084200000, 0x0000000084200000|100%| O|  |TAMS 0x0000000084200000, 0x0000000084100000| Untracked 
|  66|0x0000000084200000, 0x0000000084300000, 0x0000000084300000|100%| O|  |TAMS 0x0000000084300000, 0x0000000084200000| Untracked 
|  67|0x0000000084300000, 0x0000000084400000, 0x0000000084400000|100%| O|  |TAMS 0x0000000084400000, 0x0000000084300000| Untracked 
|  68|0x0000000084400000, 0x0000000084500000, 0x0000000084500000|100%| O|  |TAMS 0x0000000084500000, 0x0000000084400000| Untracked 
|  69|0x0000000084500000, 0x0000000084600000, 0x0000000084600000|100%| O|  |TAMS 0x0000000084600000, 0x0000000084500000| Untracked 
|  70|0x0000000084600000, 0x0000000084700000, 0x0000000084700000|100%| O|  |TAMS 0x0000000084700000, 0x0000000084600000| Untracked 
|  71|0x0000000084700000, 0x0000000084800000, 0x0000000084800000|100%| O|  |TAMS 0x0000000084800000, 0x0000000084700000| Untracked 
|  72|0x0000000084800000, 0x0000000084900000, 0x0000000084900000|100%| O|  |TAMS 0x0000000084900000, 0x0000000084800000| Untracked 
|  73|0x0000000084900000, 0x0000000084a00000, 0x0000000084a00000|100%| O|  |TAMS 0x0000000084a00000, 0x0000000084900000| Untracked 
|  74|0x0000000084a00000, 0x0000000084b00000, 0x0000000084b00000|100%| O|  |TAMS 0x0000000084b00000, 0x0000000084a00000| Untracked 
|  75|0x0000000084b00000, 0x0000000084c00000, 0x0000000084c00000|100%| O|  |TAMS 0x0000000084c00000, 0x0000000084b00000| Untracked 
|  76|0x0000000084c00000, 0x0000000084d00000, 0x0000000084d00000|100%| O|  |TAMS 0x0000000084d00000, 0x0000000084c00000| Untracked 
|  77|0x0000000084d00000, 0x0000000084e00000, 0x0000000084e00000|100%| O|  |TAMS 0x0000000084e00000, 0x0000000084d00000| Untracked 
|  78|0x0000000084e00000, 0x0000000084f00000, 0x0000000084f00000|100%| O|  |TAMS 0x0000000084f00000, 0x0000000084e00000| Untracked 
|  79|0x0000000084f00000, 0x0000000085000000, 0x0000000085000000|100%| O|  |TAMS 0x0000000085000000, 0x0000000084f00000| Untracked 
|  80|0x0000000085000000, 0x0000000085100000, 0x0000000085100000|100%| O|  |TAMS 0x0000000085100000, 0x0000000085000000| Untracked 
|  81|0x0000000085100000, 0x0000000085200000, 0x0000000085200000|100%| O|  |TAMS 0x0000000085200000, 0x0000000085100000| Untracked 
|  82|0x0000000085200000, 0x0000000085300000, 0x0000000085300000|100%| O|  |TAMS 0x0000000085300000, 0x0000000085200000| Untracked 
|  83|0x0000000085300000, 0x0000000085400000, 0x0000000085400000|100%| O|  |TAMS 0x0000000085400000, 0x0000000085300000| Untracked 
|  84|0x0000000085400000, 0x0000000085500000, 0x0000000085500000|100%| O|  |TAMS 0x0000000085400000, 0x0000000085400000| Untracked 
|  85|0x0000000085500000, 0x0000000085600000, 0x0000000085600000|100%| O|  |TAMS 0x0000000085600000, 0x0000000085500000| Untracked 
|  86|0x0000000085600000, 0x0000000085700000, 0x0000000085700000|100%| O|  |TAMS 0x0000000085700000, 0x0000000085600000| Untracked 
|  87|0x0000000085700000, 0x0000000085800000, 0x0000000085800000|100%| O|  |TAMS 0x0000000085800000, 0x0000000085700000| Untracked 
|  88|0x0000000085800000, 0x0000000085900000, 0x0000000085900000|100%| O|  |TAMS 0x0000000085900000, 0x0000000085800000| Untracked 
|  89|0x0000000085900000, 0x0000000085a00000, 0x0000000085a00000|100%| O|  |TAMS 0x0000000085a00000, 0x0000000085900000| Untracked 
|  90|0x0000000085a00000, 0x0000000085b00000, 0x0000000085b00000|100%| O|  |TAMS 0x0000000085b00000, 0x0000000085a00000| Untracked 
|  91|0x0000000085b00000, 0x0000000085c00000, 0x0000000085c00000|100%| O|  |TAMS 0x0000000085c00000, 0x0000000085b00000| Untracked 
|  92|0x0000000085c00000, 0x0000000085d00000, 0x0000000085d00000|100%| O|  |TAMS 0x0000000085d00000, 0x0000000085c00000| Untracked 
|  93|0x0000000085d00000, 0x0000000085e00000, 0x0000000085e00000|100%| O|  |TAMS 0x0000000085e00000, 0x0000000085d00000| Untracked 
|  94|0x0000000085e00000, 0x0000000085f00000, 0x0000000085f00000|100%| O|  |TAMS 0x0000000085f00000, 0x0000000085e00000| Untracked 
|  95|0x0000000085f00000, 0x0000000086000000, 0x0000000086000000|100%| O|  |TAMS 0x0000000086000000, 0x0000000085f00000| Untracked 
|  96|0x0000000086000000, 0x0000000086100000, 0x0000000086100000|100%| O|  |TAMS 0x0000000086100000, 0x0000000086000000| Untracked 
|  97|0x0000000086100000, 0x0000000086200000, 0x0000000086200000|100%| O|  |TAMS 0x0000000086200000, 0x0000000086100000| Untracked 
|  98|0x0000000086200000, 0x0000000086300000, 0x0000000086300000|100%| O|  |TAMS 0x0000000086300000, 0x0000000086200000| Untracked 
|  99|0x0000000086300000, 0x0000000086400000, 0x0000000086400000|100%| O|  |TAMS 0x0000000086400000, 0x0000000086300000| Untracked 
| 100|0x0000000086400000, 0x0000000086500000, 0x0000000086500000|100%| O|  |TAMS 0x0000000086500000, 0x0000000086400000| Untracked 
| 101|0x0000000086500000, 0x0000000086600000, 0x0000000086600000|100%| O|  |TAMS 0x0000000086600000, 0x0000000086500000| Untracked 
| 102|0x0000000086600000, 0x0000000086700000, 0x0000000086700000|100%| O|  |TAMS 0x0000000086600000, 0x0000000086600000| Untracked 
| 103|0x0000000086700000, 0x0000000086800000, 0x0000000086800000|100%| O|  |TAMS 0x0000000086800000, 0x0000000086700000| Untracked 
| 104|0x0000000086800000, 0x0000000086900000, 0x0000000086900000|100%| O|  |TAMS 0x0000000086900000, 0x0000000086800000| Untracked 
| 105|0x0000000086900000, 0x0000000086a00000, 0x0000000086a00000|100%| O|  |TAMS 0x0000000086a00000, 0x0000000086900000| Untracked 
| 106|0x0000000086a00000, 0x0000000086b00000, 0x0000000086b00000|100%| O|  |TAMS 0x0000000086b00000, 0x0000000086a00000| Untracked 
| 107|0x0000000086b00000, 0x0000000086c00000, 0x0000000086c00000|100%| O|  |TAMS 0x0000000086c00000, 0x0000000086b00000| Untracked 
| 108|0x0000000086c00000, 0x0000000086d00000, 0x0000000086d00000|100%| O|  |TAMS 0x0000000086d00000, 0x0000000086c00000| Untracked 
| 109|0x0000000086d00000, 0x0000000086e00000, 0x0000000086e00000|100%| O|  |TAMS 0x0000000086e00000, 0x0000000086d00000| Untracked 
| 110|0x0000000086e00000, 0x0000000086f00000, 0x0000000086f00000|100%| O|  |TAMS 0x0000000086f00000, 0x0000000086e00000| Untracked 
| 111|0x0000000086f00000, 0x0000000087000000, 0x0000000087000000|100%| O|  |TAMS 0x0000000087000000, 0x0000000086f00000| Untracked 
| 112|0x0000000087000000, 0x0000000087100000, 0x0000000087100000|100%| O|  |TAMS 0x0000000087100000, 0x0000000087000000| Untracked 
| 113|0x0000000087100000, 0x0000000087200000, 0x0000000087200000|100%| O|  |TAMS 0x0000000087200000, 0x0000000087100000| Untracked 
| 114|0x0000000087200000, 0x0000000087300000, 0x0000000087300000|100%| O|  |TAMS 0x0000000087300000, 0x0000000087200000| Untracked 
| 115|0x0000000087300000, 0x0000000087400000, 0x0000000087400000|100%| O|  |TAMS 0x0000000087400000, 0x0000000087300000| Untracked 
| 116|0x0000000087400000, 0x0000000087500000, 0x0000000087500000|100%| O|  |TAMS 0x0000000087400000, 0x0000000087400000| Untracked 
| 117|0x0000000087500000, 0x0000000087600000, 0x0000000087600000|100%| O|  |TAMS 0x0000000087500000, 0x0000000087500000| Untracked 
| 118|0x0000000087600000, 0x0000000087700000, 0x0000000087700000|100%| O|  |TAMS 0x0000000087700000, 0x0000000087600000| Untracked 
| 119|0x0000000087700000, 0x0000000087800000, 0x0000000087800000|100%| O|  |TAMS 0x0000000087800000, 0x0000000087700000| Untracked 
| 120|0x0000000087800000, 0x0000000087900000, 0x0000000087900000|100%| O|  |TAMS 0x0000000087900000, 0x0000000087800000| Untracked 
| 121|0x0000000087900000, 0x0000000087a00000, 0x0000000087a00000|100%| O|  |TAMS 0x0000000087900000, 0x0000000087900000| Untracked 
| 122|0x0000000087a00000, 0x0000000087b00000, 0x0000000087b00000|100%| O|  |TAMS 0x0000000087a00000, 0x0000000087a00000| Untracked 
| 123|0x0000000087b00000, 0x0000000087c00000, 0x0000000087c00000|100%| O|  |TAMS 0x0000000087c00000, 0x0000000087b00000| Untracked 
| 124|0x0000000087c00000, 0x0000000087d00000, 0x0000000087d00000|100%| O|  |TAMS 0x0000000087d00000, 0x0000000087c00000| Untracked 
| 125|0x0000000087d00000, 0x0000000087e00000, 0x0000000087e00000|100%| O|  |TAMS 0x0000000087e00000, 0x0000000087d00000| Untracked 
| 126|0x0000000087e00000, 0x0000000087f00000, 0x0000000087f00000|100%| O|  |TAMS 0x0000000087f00000, 0x0000000087e00000| Untracked 
| 127|0x0000000087f00000, 0x0000000088000000, 0x0000000088000000|100%| O|  |TAMS 0x0000000088000000, 0x0000000087f00000| Untracked 
| 128|0x0000000088000000, 0x0000000088100000, 0x0000000088100000|100%| O|  |TAMS 0x0000000088100000, 0x0000000088000000| Untracked 
| 129|0x0000000088100000, 0x0000000088200000, 0x0000000088200000|100%| O|  |TAMS 0x0000000088200000, 0x0000000088100000| Untracked 
| 130|0x0000000088200000, 0x0000000088300000, 0x0000000088300000|100%| O|  |TAMS 0x0000000088300000, 0x0000000088200000| Untracked 
| 131|0x0000000088300000, 0x0000000088400000, 0x0000000088400000|100%| O|  |TAMS 0x0000000088351600, 0x0000000088300000| Untracked 
| 132|0x0000000088400000, 0x0000000088500000, 0x0000000088500000|100%| O|  |TAMS 0x0000000088400000, 0x0000000088400000| Untracked 
| 133|0x0000000088500000, 0x0000000088600000, 0x0000000088600000|100%| O|  |TAMS 0x0000000088500000, 0x0000000088500000| Untracked 
| 134|0x0000000088600000, 0x0000000088700000, 0x0000000088700000|100%| O|  |TAMS 0x0000000088600000, 0x0000000088600000| Untracked 
| 135|0x0000000088700000, 0x0000000088800000, 0x0000000088800000|100%| O|  |TAMS 0x0000000088700000, 0x0000000088700000| Untracked 
| 136|0x0000000088800000, 0x0000000088900000, 0x0000000088900000|100%| O|  |TAMS 0x0000000088800000, 0x0000000088800000| Untracked 
| 137|0x0000000088900000, 0x0000000088a00000, 0x0000000088a00000|100%| O|  |TAMS 0x0000000088900000, 0x0000000088900000| Untracked 
| 138|0x0000000088a00000, 0x0000000088b00000, 0x0000000088b00000|100%| O|  |TAMS 0x0000000088a00000, 0x0000000088a00000| Untracked 
| 139|0x0000000088b00000, 0x0000000088c00000, 0x0000000088c00000|100%| O|  |TAMS 0x0000000088b00000, 0x0000000088b00000| Untracked 
| 140|0x0000000088c00000, 0x0000000088d00000, 0x0000000088d00000|100%| O|  |TAMS 0x0000000088c00000, 0x0000000088c00000| Untracked 
| 141|0x0000000088d00000, 0x0000000088e00000, 0x0000000088e00000|100%| O|  |TAMS 0x0000000088d00000, 0x0000000088d00000| Untracked 
| 142|0x0000000088e00000, 0x0000000088f00000, 0x0000000088f00000|100%| O|  |TAMS 0x0000000088e00000, 0x0000000088e00000| Untracked 
| 143|0x0000000088f00000, 0x0000000089000000, 0x0000000089000000|100%| O|  |TAMS 0x0000000088f00000, 0x0000000088f00000| Untracked 
| 144|0x0000000089000000, 0x0000000089100000, 0x0000000089100000|100%| O|  |TAMS 0x0000000089000000, 0x0000000089000000| Untracked 
| 145|0x0000000089100000, 0x0000000089200000, 0x0000000089200000|100%| O|  |TAMS 0x0000000089100000, 0x0000000089100000| Untracked 
| 146|0x0000000089200000, 0x0000000089300000, 0x0000000089300000|100%| O|  |TAMS 0x0000000089200000, 0x0000000089200000| Untracked 
| 147|0x0000000089300000, 0x0000000089400000, 0x0000000089400000|100%| O|  |TAMS 0x0000000089300000, 0x0000000089300000| Untracked 
| 148|0x0000000089400000, 0x0000000089500000, 0x0000000089500000|100%| O|  |TAMS 0x0000000089400000, 0x0000000089400000| Untracked 
| 149|0x0000000089500000, 0x0000000089600000, 0x0000000089600000|100%| O|  |TAMS 0x0000000089500000, 0x0000000089500000| Untracked 
| 150|0x0000000089600000, 0x0000000089700000, 0x0000000089700000|100%| O|  |TAMS 0x0000000089600000, 0x0000000089600000| Untracked 
| 151|0x0000000089700000, 0x0000000089800000, 0x0000000089800000|100%| O|  |TAMS 0x0000000089700000, 0x0000000089700000| Untracked 
| 152|0x0000000089800000, 0x0000000089900000, 0x0000000089900000|100%| O|  |TAMS 0x0000000089800000, 0x0000000089800000| Untracked 
| 153|0x0000000089900000, 0x0000000089a00000, 0x0000000089a00000|100%|HS|  |TAMS 0x0000000089900000, 0x0000000089900000| Complete 
| 154|0x0000000089a00000, 0x0000000089b00000, 0x0000000089b00000|100%|HS|  |TAMS 0x0000000089a00000, 0x0000000089a00000| Complete 
| 155|0x0000000089b00000, 0x0000000089c00000, 0x0000000089c00000|100%|HS|  |TAMS 0x0000000089b00000, 0x0000000089b00000| Complete 
| 156|0x0000000089c00000, 0x0000000089d00000, 0x0000000089d00000|100%|HS|  |TAMS 0x0000000089c00000, 0x0000000089c00000| Complete 
| 157|0x0000000089d00000, 0x0000000089e00000, 0x0000000089e00000|100%|HC|  |TAMS 0x0000000089d00000, 0x0000000089d00000| Complete 
| 158|0x0000000089e00000, 0x0000000089f00000, 0x0000000089f00000|100%|HS|  |TAMS 0x0000000089e00000, 0x0000000089e00000| Complete 
| 159|0x0000000089f00000, 0x000000008a000000, 0x000000008a000000|100%| O|  |TAMS 0x0000000089f00000, 0x0000000089f00000| Untracked 
| 160|0x000000008a000000, 0x000000008a100000, 0x000000008a100000|100%| O|  |TAMS 0x000000008a000000, 0x000000008a000000| Untracked 
| 161|0x000000008a100000, 0x000000008a200000, 0x000000008a200000|100%| O|  |TAMS 0x000000008a100000, 0x000000008a100000| Untracked 
| 162|0x000000008a200000, 0x000000008a300000, 0x000000008a300000|100%| O|  |TAMS 0x000000008a200000, 0x000000008a200000| Untracked 
| 163|0x000000008a300000, 0x000000008a400000, 0x000000008a400000|100%| O|  |TAMS 0x000000008a300000, 0x000000008a300000| Untracked 
| 164|0x000000008a400000, 0x000000008a500000, 0x000000008a500000|100%| O|  |TAMS 0x000000008a400000, 0x000000008a400000| Untracked 
| 165|0x000000008a500000, 0x000000008a600000, 0x000000008a600000|100%| O|  |TAMS 0x000000008a500000, 0x000000008a500000| Untracked 
| 166|0x000000008a600000, 0x000000008a700000, 0x000000008a700000|100%| O|  |TAMS 0x000000008a600000, 0x000000008a600000| Untracked 
| 167|0x000000008a700000, 0x000000008a800000, 0x000000008a800000|100%| O|  |TAMS 0x000000008a700000, 0x000000008a700000| Untracked 
| 168|0x000000008a800000, 0x000000008a900000, 0x000000008a900000|100%| O|  |TAMS 0x000000008a800000, 0x000000008a800000| Untracked 
| 169|0x000000008a900000, 0x000000008aa00000, 0x000000008aa00000|100%|HS|  |TAMS 0x000000008a900000, 0x000000008a900000| Complete 
| 170|0x000000008aa00000, 0x000000008ab00000, 0x000000008ab00000|100%| O|  |TAMS 0x000000008aa00000, 0x000000008aa00000| Untracked 
| 171|0x000000008ab00000, 0x000000008ac00000, 0x000000008ac00000|100%| O|  |TAMS 0x000000008ab00000, 0x000000008ab00000| Untracked 
| 172|0x000000008ac00000, 0x000000008ad00000, 0x000000008ad00000|100%| O|  |TAMS 0x000000008ac00000, 0x000000008ac00000| Untracked 
| 173|0x000000008ad00000, 0x000000008ae00000, 0x000000008ae00000|100%| O|  |TAMS 0x000000008ad00000, 0x000000008ad00000| Untracked 
| 174|0x000000008ae00000, 0x000000008af00000, 0x000000008af00000|100%| O|  |TAMS 0x000000008ae00000, 0x000000008ae00000| Untracked 
| 175|0x000000008af00000, 0x000000008b000000, 0x000000008b000000|100%| O|  |TAMS 0x000000008af00000, 0x000000008af00000| Untracked 
| 176|0x000000008b000000, 0x000000008b100000, 0x000000008b100000|100%| O|  |TAMS 0x000000008b000000, 0x000000008b000000| Untracked 
| 177|0x000000008b100000, 0x000000008b200000, 0x000000008b200000|100%| O|  |TAMS 0x000000008b100000, 0x000000008b100000| Untracked 
| 178|0x000000008b200000, 0x000000008b300000, 0x000000008b300000|100%| O|  |TAMS 0x000000008b200000, 0x000000008b200000| Untracked 
| 179|0x000000008b300000, 0x000000008b400000, 0x000000008b400000|100%| O|  |TAMS 0x000000008b300000, 0x000000008b300000| Untracked 
| 180|0x000000008b400000, 0x000000008b500000, 0x000000008b500000|100%| O|  |TAMS 0x000000008b400000, 0x000000008b400000| Untracked 
| 181|0x000000008b500000, 0x000000008b600000, 0x000000008b600000|100%| O|  |TAMS 0x000000008b500000, 0x000000008b500000| Untracked 
| 182|0x000000008b600000, 0x000000008b700000, 0x000000008b700000|100%| O|  |TAMS 0x000000008b600000, 0x000000008b600000| Untracked 
| 183|0x000000008b700000, 0x000000008b800000, 0x000000008b800000|100%| O|  |TAMS 0x000000008b700000, 0x000000008b700000| Untracked 
| 184|0x000000008b800000, 0x000000008b900000, 0x000000008b900000|100%| O|  |TAMS 0x000000008b800000, 0x000000008b800000| Untracked 
| 185|0x000000008b900000, 0x000000008ba00000, 0x000000008ba00000|100%| O|  |TAMS 0x000000008b900000, 0x000000008b900000| Untracked 
| 186|0x000000008ba00000, 0x000000008bb00000, 0x000000008bb00000|100%| O|  |TAMS 0x000000008ba00000, 0x000000008ba00000| Untracked 
| 187|0x000000008bb00000, 0x000000008bc00000, 0x000000008bc00000|100%| O|  |TAMS 0x000000008bb00000, 0x000000008bb00000| Untracked 
| 188|0x000000008bc00000, 0x000000008bd00000, 0x000000008bd00000|100%| O|  |TAMS 0x000000008bc00000, 0x000000008bc00000| Untracked 
| 189|0x000000008bd00000, 0x000000008be00000, 0x000000008be00000|100%| O|  |TAMS 0x000000008bd00000, 0x000000008bd00000| Untracked 
| 190|0x000000008be00000, 0x000000008bf00000, 0x000000008bf00000|100%| O|  |TAMS 0x000000008be00000, 0x000000008be00000| Untracked 
| 191|0x000000008bf00000, 0x000000008c000000, 0x000000008c000000|100%| O|  |TAMS 0x000000008bf00000, 0x000000008bf00000| Untracked 
| 192|0x000000008c000000, 0x000000008c100000, 0x000000008c100000|100%| O|  |TAMS 0x000000008c000000, 0x000000008c000000| Untracked 
| 193|0x000000008c100000, 0x000000008c200000, 0x000000008c200000|100%| O|  |TAMS 0x000000008c100000, 0x000000008c100000| Untracked 
| 194|0x000000008c200000, 0x000000008c300000, 0x000000008c300000|100%| O|  |TAMS 0x000000008c200000, 0x000000008c200000| Untracked 
| 195|0x000000008c300000, 0x000000008c400000, 0x000000008c400000|100%| O|  |TAMS 0x000000008c300000, 0x000000008c300000| Untracked 
| 196|0x000000008c400000, 0x000000008c500000, 0x000000008c500000|100%| O|  |TAMS 0x000000008c400000, 0x000000008c400000| Untracked 
| 197|0x000000008c500000, 0x000000008c600000, 0x000000008c600000|100%| O|  |TAMS 0x000000008c500000, 0x000000008c500000| Untracked 
| 198|0x000000008c600000, 0x000000008c700000, 0x000000008c700000|100%| O|  |TAMS 0x000000008c600000, 0x000000008c600000| Untracked 
| 199|0x000000008c700000, 0x000000008c800000, 0x000000008c800000|100%| O|  |TAMS 0x000000008c700000, 0x000000008c700000| Untracked 
| 200|0x000000008c800000, 0x000000008c900000, 0x000000008c900000|100%| O|  |TAMS 0x000000008c800000, 0x000000008c800000| Untracked 
| 201|0x000000008c900000, 0x000000008ca00000, 0x000000008ca00000|100%| O|  |TAMS 0x000000008c900000, 0x000000008c900000| Untracked 
| 202|0x000000008ca00000, 0x000000008cb00000, 0x000000008cb00000|100%| O|  |TAMS 0x000000008ca00000, 0x000000008ca00000| Untracked 
| 203|0x000000008cb00000, 0x000000008cc00000, 0x000000008cc00000|100%| O|  |TAMS 0x000000008cb00000, 0x000000008cb00000| Untracked 
| 204|0x000000008cc00000, 0x000000008cd00000, 0x000000008cd00000|100%| O|  |TAMS 0x000000008cc00000, 0x000000008cc00000| Untracked 
| 205|0x000000008cd00000, 0x000000008ce00000, 0x000000008ce00000|100%| O|  |TAMS 0x000000008cd00000, 0x000000008cd00000| Untracked 
| 206|0x000000008ce00000, 0x000000008cf00000, 0x000000008cf00000|100%| O|  |TAMS 0x000000008ce00000, 0x000000008ce00000| Untracked 
| 207|0x000000008cf00000, 0x000000008d000000, 0x000000008d000000|100%| O|  |TAMS 0x000000008cf00000, 0x000000008cf00000| Untracked 
| 208|0x000000008d000000, 0x000000008d100000, 0x000000008d100000|100%| O|  |TAMS 0x000000008d000000, 0x000000008d000000| Untracked 
| 209|0x000000008d100000, 0x000000008d200000, 0x000000008d200000|100%| O|  |TAMS 0x000000008d100000, 0x000000008d100000| Untracked 
| 210|0x000000008d200000, 0x000000008d300000, 0x000000008d300000|100%| O|  |TAMS 0x000000008d200000, 0x000000008d200000| Untracked 
| 211|0x000000008d300000, 0x000000008d400000, 0x000000008d400000|100%| O|  |TAMS 0x000000008d300000, 0x000000008d300000| Untracked 
| 212|0x000000008d400000, 0x000000008d500000, 0x000000008d500000|100%| O|  |TAMS 0x000000008d400000, 0x000000008d400000| Untracked 
| 213|0x000000008d500000, 0x000000008d600000, 0x000000008d600000|100%| O|  |TAMS 0x000000008d500000, 0x000000008d500000| Untracked 
| 214|0x000000008d600000, 0x000000008d700000, 0x000000008d700000|100%| O|  |TAMS 0x000000008d600000, 0x000000008d600000| Untracked 
| 215|0x000000008d700000, 0x000000008d800000, 0x000000008d800000|100%| O|  |TAMS 0x000000008d700000, 0x000000008d700000| Untracked 
| 216|0x000000008d800000, 0x000000008d900000, 0x000000008d900000|100%| O|  |TAMS 0x000000008d800000, 0x000000008d800000| Untracked 
| 217|0x000000008d900000, 0x000000008da00000, 0x000000008da00000|100%| O|  |TAMS 0x000000008d900000, 0x000000008d900000| Untracked 
| 218|0x000000008da00000, 0x000000008db00000, 0x000000008db00000|100%| O|  |TAMS 0x000000008da00000, 0x000000008da00000| Untracked 
| 219|0x000000008db00000, 0x000000008dc00000, 0x000000008dc00000|100%| O|  |TAMS 0x000000008db00000, 0x000000008db00000| Untracked 
| 220|0x000000008dc00000, 0x000000008dd00000, 0x000000008dd00000|100%| O|  |TAMS 0x000000008dc00000, 0x000000008dc00000| Untracked 
| 221|0x000000008dd00000, 0x000000008de00000, 0x000000008de00000|100%|HS|  |TAMS 0x000000008dd00000, 0x000000008dd00000| Complete 
| 222|0x000000008de00000, 0x000000008df00000, 0x000000008df00000|100%|HC|  |TAMS 0x000000008de00000, 0x000000008de00000| Complete 
| 223|0x000000008df00000, 0x000000008e000000, 0x000000008e000000|100%|HC|  |TAMS 0x000000008df00000, 0x000000008df00000| Complete 
| 224|0x000000008e000000, 0x000000008e100000, 0x000000008e100000|100%|HC|  |TAMS 0x000000008e000000, 0x000000008e000000| Complete 
| 225|0x000000008e100000, 0x000000008e200000, 0x000000008e200000|100%|HC|  |TAMS 0x000000008e100000, 0x000000008e100000| Complete 
| 226|0x000000008e200000, 0x000000008e300000, 0x000000008e300000|100%|HC|  |TAMS 0x000000008e200000, 0x000000008e200000| Complete 
| 227|0x000000008e300000, 0x000000008e400000, 0x000000008e400000|100%|HC|  |TAMS 0x000000008e300000, 0x000000008e300000| Complete 
| 228|0x000000008e400000, 0x000000008e500000, 0x000000008e500000|100%| O|  |TAMS 0x000000008e400000, 0x000000008e400000| Untracked 
| 229|0x000000008e500000, 0x000000008e600000, 0x000000008e600000|100%| O|  |TAMS 0x000000008e500000, 0x000000008e500000| Untracked 
| 230|0x000000008e600000, 0x000000008e700000, 0x000000008e700000|100%| O|  |TAMS 0x000000008e600000, 0x000000008e600000| Untracked 
| 231|0x000000008e700000, 0x000000008e800000, 0x000000008e800000|100%| O|  |TAMS 0x000000008e700000, 0x000000008e700000| Untracked 
| 232|0x000000008e800000, 0x000000008e900000, 0x000000008e900000|100%| O|  |TAMS 0x000000008e800000, 0x000000008e800000| Untracked 
| 233|0x000000008e900000, 0x000000008ea00000, 0x000000008ea00000|100%| O|  |TAMS 0x000000008e900000, 0x000000008e900000| Untracked 
| 234|0x000000008ea00000, 0x000000008eb00000, 0x000000008eb00000|100%| O|  |TAMS 0x000000008ea00000, 0x000000008ea00000| Untracked 
| 235|0x000000008eb00000, 0x000000008ec00000, 0x000000008ec00000|100%| O|  |TAMS 0x000000008eb00000, 0x000000008eb00000| Untracked 
| 236|0x000000008ec00000, 0x000000008ed00000, 0x000000008ed00000|100%| O|  |TAMS 0x000000008ec00000, 0x000000008ec00000| Untracked 
| 237|0x000000008ed00000, 0x000000008ee00000, 0x000000008ee00000|100%| O|  |TAMS 0x000000008ed00000, 0x000000008ed00000| Untracked 
| 238|0x000000008ee00000, 0x000000008ef00000, 0x000000008ef00000|100%| O|  |TAMS 0x000000008ee00000, 0x000000008ee00000| Untracked 
| 239|0x000000008ef00000, 0x000000008f000000, 0x000000008f000000|100%| O|  |TAMS 0x000000008ef00000, 0x000000008ef00000| Untracked 
| 240|0x000000008f000000, 0x000000008f100000, 0x000000008f100000|100%| O|  |TAMS 0x000000008f000000, 0x000000008f000000| Untracked 
| 241|0x000000008f100000, 0x000000008f200000, 0x000000008f200000|100%| O|  |TAMS 0x000000008f100000, 0x000000008f100000| Untracked 
| 242|0x000000008f200000, 0x000000008f300000, 0x000000008f300000|100%| O|  |TAMS 0x000000008f200000, 0x000000008f200000| Untracked 
| 243|0x000000008f300000, 0x000000008f400000, 0x000000008f400000|100%| O|  |TAMS 0x000000008f300000, 0x000000008f300000| Untracked 
| 244|0x000000008f400000, 0x000000008f500000, 0x000000008f500000|100%| O|  |TAMS 0x000000008f400000, 0x000000008f400000| Untracked 
| 245|0x000000008f500000, 0x000000008f600000, 0x000000008f600000|100%| O|  |TAMS 0x000000008f500000, 0x000000008f500000| Untracked 
| 246|0x000000008f600000, 0x000000008f700000, 0x000000008f700000|100%| O|  |TAMS 0x000000008f600000, 0x000000008f600000| Untracked 
| 247|0x000000008f700000, 0x000000008f700000, 0x000000008f800000|  0%| F|  |TAMS 0x000000008f700000, 0x000000008f700000| Untracked 
| 248|0x000000008f800000, 0x000000008f800000, 0x000000008f900000|  0%| F|  |TAMS 0x000000008f800000, 0x000000008f800000| Untracked 
| 249|0x000000008f900000, 0x000000008fa00000, 0x000000008fa00000|100%|HS|  |TAMS 0x000000008f900000, 0x000000008f900000| Complete 
| 250|0x000000008fa00000, 0x000000008fb00000, 0x000000008fb00000|100%|HC|  |TAMS 0x000000008fa00000, 0x000000008fa00000| Complete 
| 251|0x000000008fb00000, 0x000000008fc00000, 0x000000008fc00000|100%| O|  |TAMS 0x000000008fb00000, 0x000000008fb00000| Untracked 
| 252|0x000000008fc00000, 0x000000008fd00000, 0x000000008fd00000|100%| O|  |TAMS 0x000000008fc00000, 0x000000008fc00000| Untracked 
| 253|0x000000008fd00000, 0x000000008fe00000, 0x000000008fe00000|100%| O|  |TAMS 0x000000008fd00000, 0x000000008fd00000| Untracked 
| 254|0x000000008fe00000, 0x000000008ff00000, 0x000000008ff00000|100%| O|  |TAMS 0x000000008fe00000, 0x000000008fe00000| Untracked 
| 255|0x000000008ff00000, 0x0000000090000000, 0x0000000090000000|100%| O|  |TAMS 0x000000008ff00000, 0x000000008ff00000| Untracked 
| 256|0x0000000090000000, 0x0000000090100000, 0x0000000090100000|100%| O|  |TAMS 0x0000000090000000, 0x0000000090000000| Untracked 
| 257|0x0000000090100000, 0x0000000090200000, 0x0000000090200000|100%| O|  |TAMS 0x0000000090100000, 0x0000000090100000| Untracked 
| 258|0x0000000090200000, 0x0000000090300000, 0x0000000090300000|100%| O|  |TAMS 0x0000000090200000, 0x0000000090200000| Untracked 
| 259|0x0000000090300000, 0x0000000090400000, 0x0000000090400000|100%| O|  |TAMS 0x0000000090300000, 0x0000000090300000| Untracked 
| 260|0x0000000090400000, 0x0000000090500000, 0x0000000090500000|100%| O|  |TAMS 0x0000000090400000, 0x0000000090400000| Untracked 
| 261|0x0000000090500000, 0x0000000090600000, 0x0000000090600000|100%| O|  |TAMS 0x0000000090500000, 0x0000000090500000| Untracked 
| 262|0x0000000090600000, 0x0000000090700000, 0x0000000090700000|100%| O|  |TAMS 0x0000000090600000, 0x0000000090600000| Untracked 
| 263|0x0000000090700000, 0x0000000090800000, 0x0000000090800000|100%| O|  |TAMS 0x0000000090700000, 0x0000000090700000| Untracked 
| 264|0x0000000090800000, 0x0000000090900000, 0x0000000090900000|100%| O|  |TAMS 0x0000000090800000, 0x0000000090800000| Untracked 
| 265|0x0000000090900000, 0x0000000090a00000, 0x0000000090a00000|100%| O|  |TAMS 0x0000000090900000, 0x0000000090900000| Untracked 
| 266|0x0000000090a00000, 0x0000000090b00000, 0x0000000090b00000|100%| O|  |TAMS 0x0000000090a00000, 0x0000000090a00000| Untracked 
| 267|0x0000000090b00000, 0x0000000090c00000, 0x0000000090c00000|100%| O|  |TAMS 0x0000000090b00000, 0x0000000090b00000| Untracked 
| 268|0x0000000090c00000, 0x0000000090d00000, 0x0000000090d00000|100%| O|  |TAMS 0x0000000090c00000, 0x0000000090c00000| Untracked 
| 269|0x0000000090d00000, 0x0000000090e00000, 0x0000000090e00000|100%| O|  |TAMS 0x0000000090d00000, 0x0000000090d00000| Untracked 
| 270|0x0000000090e00000, 0x0000000090f00000, 0x0000000090f00000|100%| O|  |TAMS 0x0000000090e00000, 0x0000000090e00000| Untracked 
| 271|0x0000000090f00000, 0x0000000091000000, 0x0000000091000000|100%| O|  |TAMS 0x0000000090f00000, 0x0000000090f00000| Untracked 
| 272|0x0000000091000000, 0x0000000091100000, 0x0000000091100000|100%| O|  |TAMS 0x0000000091000000, 0x0000000091000000| Untracked 
| 273|0x0000000091100000, 0x0000000091200000, 0x0000000091200000|100%| O|  |TAMS 0x0000000091100000, 0x0000000091100000| Untracked 
| 274|0x0000000091200000, 0x00000000912d8600, 0x0000000091300000| 84%| O|  |TAMS 0x0000000091200000, 0x0000000091200000| Untracked 
| 275|0x0000000091300000, 0x0000000091300000, 0x0000000091400000|  0%| F|  |TAMS 0x0000000091300000, 0x0000000091300000| Untracked 
| 276|0x0000000091400000, 0x0000000091400000, 0x0000000091500000|  0%| F|  |TAMS 0x0000000091400000, 0x0000000091400000| Untracked 
| 277|0x0000000091500000, 0x0000000091500000, 0x0000000091600000|  0%| F|  |TAMS 0x0000000091500000, 0x0000000091500000| Untracked 
| 278|0x0000000091600000, 0x0000000091600000, 0x0000000091700000|  0%| F|  |TAMS 0x0000000091600000, 0x0000000091600000| Untracked 
| 279|0x0000000091700000, 0x0000000091700000, 0x0000000091800000|  0%| F|  |TAMS 0x0000000091700000, 0x0000000091700000| Untracked 
| 280|0x0000000091800000, 0x0000000091800000, 0x0000000091900000|  0%| F|  |TAMS 0x0000000091800000, 0x0000000091800000| Untracked 
| 281|0x0000000091900000, 0x0000000091900000, 0x0000000091a00000|  0%| F|  |TAMS 0x0000000091900000, 0x0000000091900000| Untracked 
| 282|0x0000000091a00000, 0x0000000091a00000, 0x0000000091b00000|  0%| F|  |TAMS 0x0000000091a00000, 0x0000000091a00000| Untracked 
| 283|0x0000000091b00000, 0x0000000091b00000, 0x0000000091c00000|  0%| F|  |TAMS 0x0000000091b00000, 0x0000000091b00000| Untracked 
| 284|0x0000000091c00000, 0x0000000091c00000, 0x0000000091d00000|  0%| F|  |TAMS 0x0000000091c00000, 0x0000000091c00000| Untracked 
| 285|0x0000000091d00000, 0x0000000091d00000, 0x0000000091e00000|  0%| F|  |TAMS 0x0000000091d00000, 0x0000000091d00000| Untracked 
| 286|0x0000000091e00000, 0x0000000091e00000, 0x0000000091f00000|  0%| F|  |TAMS 0x0000000091e00000, 0x0000000091e00000| Untracked 
| 287|0x0000000091f00000, 0x0000000091f00000, 0x0000000092000000|  0%| F|  |TAMS 0x0000000091f00000, 0x0000000091f00000| Untracked 
| 288|0x0000000092000000, 0x0000000092000000, 0x0000000092100000|  0%| F|  |TAMS 0x0000000092000000, 0x0000000092000000| Untracked 
| 289|0x0000000092100000, 0x0000000092100000, 0x0000000092200000|  0%| F|  |TAMS 0x0000000092100000, 0x0000000092100000| Untracked 
| 290|0x0000000092200000, 0x0000000092200000, 0x0000000092300000|  0%| F|  |TAMS 0x0000000092200000, 0x0000000092200000| Untracked 
| 291|0x0000000092300000, 0x0000000092300000, 0x0000000092400000|  0%| F|  |TAMS 0x0000000092300000, 0x0000000092300000| Untracked 
| 292|0x0000000092400000, 0x0000000092400000, 0x0000000092500000|  0%| F|  |TAMS 0x0000000092400000, 0x0000000092400000| Untracked 
| 293|0x0000000092500000, 0x0000000092500000, 0x0000000092600000|  0%| F|  |TAMS 0x0000000092500000, 0x0000000092500000| Untracked 
| 294|0x0000000092600000, 0x0000000092600000, 0x0000000092700000|  0%| F|  |TAMS 0x0000000092600000, 0x0000000092600000| Untracked 
| 295|0x0000000092700000, 0x0000000092700000, 0x0000000092800000|  0%| F|  |TAMS 0x0000000092700000, 0x0000000092700000| Untracked 
| 296|0x0000000092800000, 0x0000000092800000, 0x0000000092900000|  0%| F|  |TAMS 0x0000000092800000, 0x0000000092800000| Untracked 
| 297|0x0000000092900000, 0x0000000092900000, 0x0000000092a00000|  0%| F|  |TAMS 0x0000000092900000, 0x0000000092900000| Untracked 
| 298|0x0000000092a00000, 0x0000000092a00000, 0x0000000092b00000|  0%| F|  |TAMS 0x0000000092a00000, 0x0000000092a00000| Untracked 
| 299|0x0000000092b00000, 0x0000000092b00000, 0x0000000092c00000|  0%| F|  |TAMS 0x0000000092b00000, 0x0000000092b00000| Untracked 
| 300|0x0000000092c00000, 0x0000000092c00000, 0x0000000092d00000|  0%| F|  |TAMS 0x0000000092c00000, 0x0000000092c00000| Untracked 
| 301|0x0000000092d00000, 0x0000000092d00000, 0x0000000092e00000|  0%| F|  |TAMS 0x0000000092d00000, 0x0000000092d00000| Untracked 
| 302|0x0000000092e00000, 0x0000000092e00000, 0x0000000092f00000|  0%| F|  |TAMS 0x0000000092e00000, 0x0000000092e00000| Untracked 
| 303|0x0000000092f00000, 0x0000000092f00000, 0x0000000093000000|  0%| F|  |TAMS 0x0000000092f00000, 0x0000000092f00000| Untracked 
| 304|0x0000000093000000, 0x0000000093000000, 0x0000000093100000|  0%| F|  |TAMS 0x0000000093000000, 0x0000000093000000| Untracked 
| 305|0x0000000093100000, 0x0000000093100000, 0x0000000093200000|  0%| F|  |TAMS 0x0000000093100000, 0x0000000093100000| Untracked 
| 306|0x0000000093200000, 0x0000000093200000, 0x0000000093300000|  0%| F|  |TAMS 0x0000000093200000, 0x0000000093200000| Untracked 
| 307|0x0000000093300000, 0x0000000093300000, 0x0000000093400000|  0%| F|  |TAMS 0x0000000093300000, 0x0000000093300000| Untracked 
| 308|0x0000000093400000, 0x0000000093400000, 0x0000000093500000|  0%| F|  |TAMS 0x0000000093400000, 0x0000000093400000| Untracked 
| 309|0x0000000093500000, 0x0000000093500000, 0x0000000093600000|  0%| F|  |TAMS 0x0000000093500000, 0x0000000093500000| Untracked 
| 310|0x0000000093600000, 0x0000000093600000, 0x0000000093700000|  0%| F|  |TAMS 0x0000000093600000, 0x0000000093600000| Untracked 
| 311|0x0000000093700000, 0x0000000093700000, 0x0000000093800000|  0%| F|  |TAMS 0x0000000093700000, 0x0000000093700000| Untracked 
| 312|0x0000000093800000, 0x0000000093800000, 0x0000000093900000|  0%| F|  |TAMS 0x0000000093800000, 0x0000000093800000| Untracked 
| 313|0x0000000093900000, 0x0000000093900000, 0x0000000093a00000|  0%| F|  |TAMS 0x0000000093900000, 0x0000000093900000| Untracked 
| 314|0x0000000093a00000, 0x0000000093a00000, 0x0000000093b00000|  0%| F|  |TAMS 0x0000000093a00000, 0x0000000093a00000| Untracked 
| 315|0x0000000093b00000, 0x0000000093b00000, 0x0000000093c00000|  0%| F|  |TAMS 0x0000000093b00000, 0x0000000093b00000| Untracked 
| 316|0x0000000093c00000, 0x0000000093c00000, 0x0000000093d00000|  0%| F|  |TAMS 0x0000000093c00000, 0x0000000093c00000| Untracked 
| 317|0x0000000093d00000, 0x0000000093d00000, 0x0000000093e00000|  0%| F|  |TAMS 0x0000000093d00000, 0x0000000093d00000| Untracked 
| 318|0x0000000093e00000, 0x0000000093e00000, 0x0000000093f00000|  0%| F|  |TAMS 0x0000000093e00000, 0x0000000093e00000| Untracked 
| 319|0x0000000093f00000, 0x0000000093f00000, 0x0000000094000000|  0%| F|  |TAMS 0x0000000093f00000, 0x0000000093f00000| Untracked 
| 320|0x0000000094000000, 0x0000000094000000, 0x0000000094100000|  0%| F|  |TAMS 0x0000000094000000, 0x0000000094000000| Untracked 
| 321|0x0000000094100000, 0x0000000094100000, 0x0000000094200000|  0%| F|  |TAMS 0x0000000094100000, 0x0000000094100000| Untracked 
| 322|0x0000000094200000, 0x0000000094200000, 0x0000000094300000|  0%| F|  |TAMS 0x0000000094200000, 0x0000000094200000| Untracked 
| 323|0x0000000094300000, 0x0000000094300000, 0x0000000094400000|  0%| F|  |TAMS 0x0000000094300000, 0x0000000094300000| Untracked 
| 324|0x0000000094400000, 0x0000000094400000, 0x0000000094500000|  0%| F|  |TAMS 0x0000000094400000, 0x0000000094400000| Untracked 
| 325|0x0000000094500000, 0x0000000094500000, 0x0000000094600000|  0%| F|  |TAMS 0x0000000094500000, 0x0000000094500000| Untracked 
| 326|0x0000000094600000, 0x0000000094600000, 0x0000000094700000|  0%| F|  |TAMS 0x0000000094600000, 0x0000000094600000| Untracked 
| 327|0x0000000094700000, 0x0000000094700000, 0x0000000094800000|  0%| F|  |TAMS 0x0000000094700000, 0x0000000094700000| Untracked 
| 328|0x0000000094800000, 0x0000000094800000, 0x0000000094900000|  0%| F|  |TAMS 0x0000000094800000, 0x0000000094800000| Untracked 
| 329|0x0000000094900000, 0x0000000094900000, 0x0000000094a00000|  0%| F|  |TAMS 0x0000000094900000, 0x0000000094900000| Untracked 
| 330|0x0000000094a00000, 0x0000000094a00000, 0x0000000094b00000|  0%| F|  |TAMS 0x0000000094a00000, 0x0000000094a00000| Untracked 
| 331|0x0000000094b00000, 0x0000000094b00000, 0x0000000094c00000|  0%| F|  |TAMS 0x0000000094b00000, 0x0000000094b00000| Untracked 
| 332|0x0000000094c00000, 0x0000000094c00000, 0x0000000094d00000|  0%| F|  |TAMS 0x0000000094c00000, 0x0000000094c00000| Untracked 
| 333|0x0000000094d00000, 0x0000000094d00000, 0x0000000094e00000|  0%| F|  |TAMS 0x0000000094d00000, 0x0000000094d00000| Untracked 
| 334|0x0000000094e00000, 0x0000000094e00000, 0x0000000094f00000|  0%| F|  |TAMS 0x0000000094e00000, 0x0000000094e00000| Untracked 
| 335|0x0000000094f00000, 0x0000000094f00000, 0x0000000095000000|  0%| F|  |TAMS 0x0000000094f00000, 0x0000000094f00000| Untracked 
| 336|0x0000000095000000, 0x0000000095100000, 0x0000000095100000|100%| S|CS|TAMS 0x0000000095000000, 0x0000000095000000| Complete 
| 337|0x0000000095100000, 0x0000000095200000, 0x0000000095200000|100%| S|CS|TAMS 0x0000000095100000, 0x0000000095100000| Complete 
| 338|0x0000000095200000, 0x0000000095300000, 0x0000000095300000|100%| S|CS|TAMS 0x0000000095200000, 0x0000000095200000| Complete 
| 339|0x0000000095300000, 0x0000000095400000, 0x0000000095400000|100%| S|CS|TAMS 0x0000000095300000, 0x0000000095300000| Complete 
| 340|0x0000000095400000, 0x0000000095500000, 0x0000000095500000|100%| S|CS|TAMS 0x0000000095400000, 0x0000000095400000| Complete 
| 341|0x0000000095500000, 0x0000000095600000, 0x0000000095600000|100%| S|CS|TAMS 0x0000000095500000, 0x0000000095500000| Complete 
| 342|0x0000000095600000, 0x0000000095700000, 0x0000000095700000|100%| S|CS|TAMS 0x0000000095600000, 0x0000000095600000| Complete 
| 343|0x0000000095700000, 0x0000000095800000, 0x0000000095800000|100%| S|CS|TAMS 0x0000000095700000, 0x0000000095700000| Complete 
| 344|0x0000000095800000, 0x0000000095900000, 0x0000000095900000|100%| S|CS|TAMS 0x0000000095800000, 0x0000000095800000| Complete 
| 345|0x0000000095900000, 0x0000000095a00000, 0x0000000095a00000|100%| S|CS|TAMS 0x0000000095900000, 0x0000000095900000| Complete 
| 346|0x0000000095a00000, 0x0000000095b00000, 0x0000000095b00000|100%| S|CS|TAMS 0x0000000095a00000, 0x0000000095a00000| Complete 
| 347|0x0000000095b00000, 0x0000000095c00000, 0x0000000095c00000|100%| S|CS|TAMS 0x0000000095b00000, 0x0000000095b00000| Complete 
| 348|0x0000000095c00000, 0x0000000095d00000, 0x0000000095d00000|100%| S|CS|TAMS 0x0000000095c00000, 0x0000000095c00000| Complete 
| 349|0x0000000095d00000, 0x0000000095e00000, 0x0000000095e00000|100%| S|CS|TAMS 0x0000000095d00000, 0x0000000095d00000| Complete 
| 350|0x0000000095e00000, 0x0000000095f00000, 0x0000000095f00000|100%| S|CS|TAMS 0x0000000095e00000, 0x0000000095e00000| Complete 
| 351|0x0000000095f00000, 0x0000000096000000, 0x0000000096000000|100%| S|CS|TAMS 0x0000000095f00000, 0x0000000095f00000| Complete 
| 352|0x0000000096000000, 0x0000000096100000, 0x0000000096100000|100%| S|CS|TAMS 0x0000000096000000, 0x0000000096000000| Complete 
| 353|0x0000000096100000, 0x0000000096200000, 0x0000000096200000|100%| S|CS|TAMS 0x0000000096100000, 0x0000000096100000| Complete 
| 354|0x0000000096200000, 0x0000000096300000, 0x0000000096300000|100%| S|CS|TAMS 0x0000000096200000, 0x0000000096200000| Complete 
| 355|0x0000000096300000, 0x0000000096400000, 0x0000000096400000|100%| S|CS|TAMS 0x0000000096300000, 0x0000000096300000| Complete 
| 356|0x0000000096400000, 0x0000000096500000, 0x0000000096500000|100%| S|CS|TAMS 0x0000000096400000, 0x0000000096400000| Complete 
| 357|0x0000000096500000, 0x0000000096600000, 0x0000000096600000|100%| S|CS|TAMS 0x0000000096500000, 0x0000000096500000| Complete 
| 358|0x0000000096600000, 0x0000000096700000, 0x0000000096700000|100%| S|CS|TAMS 0x0000000096600000, 0x0000000096600000| Complete 
| 359|0x0000000096700000, 0x0000000096700000, 0x0000000096800000|  0%| F|  |TAMS 0x0000000096700000, 0x0000000096700000| Untracked 
| 360|0x0000000096800000, 0x0000000096800000, 0x0000000096900000|  0%| F|  |TAMS 0x0000000096800000, 0x0000000096800000| Untracked 
| 361|0x0000000096900000, 0x0000000096900000, 0x0000000096a00000|  0%| F|  |TAMS 0x0000000096900000, 0x0000000096900000| Untracked 
| 362|0x0000000096a00000, 0x0000000096a00000, 0x0000000096b00000|  0%| F|  |TAMS 0x0000000096a00000, 0x0000000096a00000| Untracked 
| 363|0x0000000096b00000, 0x0000000096b00000, 0x0000000096c00000|  0%| F|  |TAMS 0x0000000096b00000, 0x0000000096b00000| Untracked 
| 364|0x0000000096c00000, 0x0000000096c00000, 0x0000000096d00000|  0%| F|  |TAMS 0x0000000096c00000, 0x0000000096c00000| Untracked 
| 365|0x0000000096d00000, 0x0000000096d00000, 0x0000000096e00000|  0%| F|  |TAMS 0x0000000096d00000, 0x0000000096d00000| Untracked 
| 366|0x0000000096e00000, 0x0000000096e00000, 0x0000000096f00000|  0%| F|  |TAMS 0x0000000096e00000, 0x0000000096e00000| Untracked 
| 367|0x0000000096f00000, 0x0000000096f00000, 0x0000000097000000|  0%| F|  |TAMS 0x0000000096f00000, 0x0000000096f00000| Untracked 
| 368|0x0000000097000000, 0x0000000097000000, 0x0000000097100000|  0%| F|  |TAMS 0x0000000097000000, 0x0000000097000000| Untracked 
| 369|0x0000000097100000, 0x0000000097100000, 0x0000000097200000|  0%| F|  |TAMS 0x0000000097100000, 0x0000000097100000| Untracked 
| 370|0x0000000097200000, 0x0000000097200000, 0x0000000097300000|  0%| F|  |TAMS 0x0000000097200000, 0x0000000097200000| Untracked 
| 371|0x0000000097300000, 0x0000000097300000, 0x0000000097400000|  0%| F|  |TAMS 0x0000000097300000, 0x0000000097300000| Untracked 
| 372|0x0000000097400000, 0x0000000097400000, 0x0000000097500000|  0%| F|  |TAMS 0x0000000097400000, 0x0000000097400000| Untracked 
| 373|0x0000000097500000, 0x0000000097500000, 0x0000000097600000|  0%| F|  |TAMS 0x0000000097500000, 0x0000000097500000| Untracked 
| 374|0x0000000097600000, 0x0000000097600000, 0x0000000097700000|  0%| F|  |TAMS 0x0000000097600000, 0x0000000097600000| Untracked 
| 375|0x0000000097700000, 0x0000000097700000, 0x0000000097800000|  0%| F|  |TAMS 0x0000000097700000, 0x0000000097700000| Untracked 
| 376|0x0000000097800000, 0x0000000097800000, 0x0000000097900000|  0%| F|  |TAMS 0x0000000097800000, 0x0000000097800000| Untracked 
| 377|0x0000000097900000, 0x0000000097900000, 0x0000000097a00000|  0%| F|  |TAMS 0x0000000097900000, 0x0000000097900000| Untracked 
| 378|0x0000000097a00000, 0x0000000097a00000, 0x0000000097b00000|  0%| F|  |TAMS 0x0000000097a00000, 0x0000000097a00000| Untracked 
| 379|0x0000000097b00000, 0x0000000097b00000, 0x0000000097c00000|  0%| F|  |TAMS 0x0000000097b00000, 0x0000000097b00000| Untracked 
| 380|0x0000000097c00000, 0x0000000097c00000, 0x0000000097d00000|  0%| F|  |TAMS 0x0000000097c00000, 0x0000000097c00000| Untracked 
| 381|0x0000000097d00000, 0x0000000097d00000, 0x0000000097e00000|  0%| F|  |TAMS 0x0000000097d00000, 0x0000000097d00000| Untracked 
| 382|0x0000000097e00000, 0x0000000097e00000, 0x0000000097f00000|  0%| F|  |TAMS 0x0000000097e00000, 0x0000000097e00000| Untracked 
| 383|0x0000000097f00000, 0x0000000097f00000, 0x0000000098000000|  0%| F|  |TAMS 0x0000000097f00000, 0x0000000097f00000| Untracked 
| 384|0x0000000098000000, 0x0000000098000000, 0x0000000098100000|  0%| F|  |TAMS 0x0000000098000000, 0x0000000098000000| Untracked 
| 385|0x0000000098100000, 0x0000000098100000, 0x0000000098200000|  0%| F|  |TAMS 0x0000000098100000, 0x0000000098100000| Untracked 
| 386|0x0000000098200000, 0x0000000098200000, 0x0000000098300000|  0%| F|  |TAMS 0x0000000098200000, 0x0000000098200000| Untracked 
| 387|0x0000000098300000, 0x0000000098400000, 0x0000000098400000|100%| S|CS|TAMS 0x0000000098300000, 0x0000000098300000| Complete 
| 388|0x0000000098400000, 0x0000000098500000, 0x0000000098500000|100%| S|CS|TAMS 0x0000000098400000, 0x0000000098400000| Complete 
| 389|0x0000000098500000, 0x0000000098600000, 0x0000000098600000|100%| S|CS|TAMS 0x0000000098500000, 0x0000000098500000| Complete 
| 390|0x0000000098600000, 0x0000000098700000, 0x0000000098700000|100%| S|CS|TAMS 0x0000000098600000, 0x0000000098600000| Complete 
| 391|0x0000000098700000, 0x0000000098800000, 0x0000000098800000|100%| S|CS|TAMS 0x0000000098700000, 0x0000000098700000| Complete 
| 392|0x0000000098800000, 0x0000000098900000, 0x0000000098900000|100%| S|CS|TAMS 0x0000000098800000, 0x0000000098800000| Complete 
| 393|0x0000000098900000, 0x0000000098a00000, 0x0000000098a00000|100%| S|CS|TAMS 0x0000000098900000, 0x0000000098900000| Complete 
| 394|0x0000000098a00000, 0x0000000098b00000, 0x0000000098b00000|100%| S|CS|TAMS 0x0000000098a00000, 0x0000000098a00000| Complete 
| 395|0x0000000098b00000, 0x0000000098c00000, 0x0000000098c00000|100%| S|CS|TAMS 0x0000000098b00000, 0x0000000098b00000| Complete 
| 396|0x0000000098c00000, 0x0000000098d00000, 0x0000000098d00000|100%| S|CS|TAMS 0x0000000098c00000, 0x0000000098c00000| Complete 
| 397|0x0000000098d00000, 0x0000000098e00000, 0x0000000098e00000|100%| S|CS|TAMS 0x0000000098d00000, 0x0000000098d00000| Complete 
| 398|0x0000000098e00000, 0x0000000098f00000, 0x0000000098f00000|100%| S|CS|TAMS 0x0000000098e00000, 0x0000000098e00000| Complete 
| 399|0x0000000098f00000, 0x0000000098f00000, 0x0000000099000000|  0%| F|  |TAMS 0x0000000098f00000, 0x0000000098f00000| Untracked 
| 400|0x0000000099000000, 0x0000000099000000, 0x0000000099100000|  0%| F|  |TAMS 0x0000000099000000, 0x0000000099000000| Untracked 
| 401|0x0000000099100000, 0x0000000099100000, 0x0000000099200000|  0%| F|  |TAMS 0x0000000099100000, 0x0000000099100000| Untracked 
| 402|0x0000000099200000, 0x0000000099200000, 0x0000000099300000|  0%| F|  |TAMS 0x0000000099200000, 0x0000000099200000| Untracked 
| 403|0x0000000099300000, 0x0000000099300000, 0x0000000099400000|  0%| F|  |TAMS 0x0000000099300000, 0x0000000099300000| Untracked 
| 404|0x0000000099400000, 0x0000000099400000, 0x0000000099500000|  0%| F|  |TAMS 0x0000000099400000, 0x0000000099400000| Untracked 
| 405|0x0000000099500000, 0x0000000099500000, 0x0000000099600000|  0%| F|  |TAMS 0x0000000099500000, 0x0000000099500000| Untracked 
| 406|0x0000000099600000, 0x0000000099600000, 0x0000000099700000|  0%| F|  |TAMS 0x0000000099600000, 0x0000000099600000| Untracked 
| 407|0x0000000099700000, 0x0000000099700000, 0x0000000099800000|  0%| F|  |TAMS 0x0000000099700000, 0x0000000099700000| Untracked 
| 408|0x0000000099800000, 0x0000000099800000, 0x0000000099900000|  0%| F|  |TAMS 0x0000000099800000, 0x0000000099800000| Untracked 
| 409|0x0000000099900000, 0x0000000099900000, 0x0000000099a00000|  0%| F|  |TAMS 0x0000000099900000, 0x0000000099900000| Untracked 
| 410|0x0000000099a00000, 0x0000000099a00000, 0x0000000099b00000|  0%| F|  |TAMS 0x0000000099a00000, 0x0000000099a00000| Untracked 
| 411|0x0000000099b00000, 0x0000000099b00000, 0x0000000099c00000|  0%| F|  |TAMS 0x0000000099b00000, 0x0000000099b00000| Untracked 
| 412|0x0000000099c00000, 0x0000000099c00000, 0x0000000099d00000|  0%| F|  |TAMS 0x0000000099c00000, 0x0000000099c00000| Untracked 
| 413|0x0000000099d00000, 0x0000000099d00000, 0x0000000099e00000|  0%| F|  |TAMS 0x0000000099d00000, 0x0000000099d00000| Untracked 
| 414|0x0000000099e00000, 0x0000000099e00000, 0x0000000099f00000|  0%| F|  |TAMS 0x0000000099e00000, 0x0000000099e00000| Untracked 
| 415|0x0000000099f00000, 0x0000000099f00000, 0x000000009a000000|  0%| F|  |TAMS 0x0000000099f00000, 0x0000000099f00000| Untracked 
| 416|0x000000009a000000, 0x000000009a000000, 0x000000009a100000|  0%| F|  |TAMS 0x000000009a000000, 0x000000009a000000| Untracked 
| 417|0x000000009a100000, 0x000000009a100000, 0x000000009a200000|  0%| F|  |TAMS 0x000000009a100000, 0x000000009a100000| Untracked 
| 418|0x000000009a200000, 0x000000009a200000, 0x000000009a300000|  0%| F|  |TAMS 0x000000009a200000, 0x000000009a200000| Untracked 
| 419|0x000000009a300000, 0x000000009a300000, 0x000000009a400000|  0%| F|  |TAMS 0x000000009a300000, 0x000000009a300000| Untracked 
| 420|0x000000009a400000, 0x000000009a400000, 0x000000009a500000|  0%| F|  |TAMS 0x000000009a400000, 0x000000009a400000| Untracked 
| 421|0x000000009a500000, 0x000000009a500000, 0x000000009a600000|  0%| F|  |TAMS 0x000000009a500000, 0x000000009a500000| Untracked 
| 422|0x000000009a600000, 0x000000009a600000, 0x000000009a700000|  0%| F|  |TAMS 0x000000009a600000, 0x000000009a600000| Untracked 
| 423|0x000000009a700000, 0x000000009a700000, 0x000000009a800000|  0%| F|  |TAMS 0x000000009a700000, 0x000000009a700000| Untracked 
| 424|0x000000009a800000, 0x000000009a800000, 0x000000009a900000|  0%| F|  |TAMS 0x000000009a800000, 0x000000009a800000| Untracked 
| 425|0x000000009a900000, 0x000000009a900000, 0x000000009aa00000|  0%| F|  |TAMS 0x000000009a900000, 0x000000009a900000| Untracked 
| 426|0x000000009aa00000, 0x000000009aa00000, 0x000000009ab00000|  0%| F|  |TAMS 0x000000009aa00000, 0x000000009aa00000| Untracked 
| 427|0x000000009ab00000, 0x000000009ab00000, 0x000000009ac00000|  0%| F|  |TAMS 0x000000009ab00000, 0x000000009ab00000| Untracked 
| 428|0x000000009ac00000, 0x000000009ac00000, 0x000000009ad00000|  0%| F|  |TAMS 0x000000009ac00000, 0x000000009ac00000| Untracked 
| 429|0x000000009ad00000, 0x000000009ad00000, 0x000000009ae00000|  0%| F|  |TAMS 0x000000009ad00000, 0x000000009ad00000| Untracked 
| 430|0x000000009ae00000, 0x000000009ae00000, 0x000000009af00000|  0%| F|  |TAMS 0x000000009ae00000, 0x000000009ae00000| Untracked 
| 431|0x000000009af00000, 0x000000009af00000, 0x000000009b000000|  0%| F|  |TAMS 0x000000009af00000, 0x000000009af00000| Untracked 
| 432|0x000000009b000000, 0x000000009b000000, 0x000000009b100000|  0%| F|  |TAMS 0x000000009b000000, 0x000000009b000000| Untracked 
| 433|0x000000009b100000, 0x000000009b100000, 0x000000009b200000|  0%| F|  |TAMS 0x000000009b100000, 0x000000009b100000| Untracked 
| 434|0x000000009b200000, 0x000000009b200000, 0x000000009b300000|  0%| F|  |TAMS 0x000000009b200000, 0x000000009b200000| Untracked 
| 435|0x000000009b300000, 0x000000009b300000, 0x000000009b400000|  0%| F|  |TAMS 0x000000009b300000, 0x000000009b300000| Untracked 
| 436|0x000000009b400000, 0x000000009b400000, 0x000000009b500000|  0%| F|  |TAMS 0x000000009b400000, 0x000000009b400000| Untracked 
| 437|0x000000009b500000, 0x000000009b500000, 0x000000009b600000|  0%| F|  |TAMS 0x000000009b500000, 0x000000009b500000| Untracked 
| 438|0x000000009b600000, 0x000000009b600000, 0x000000009b700000|  0%| F|  |TAMS 0x000000009b600000, 0x000000009b600000| Untracked 
| 439|0x000000009b700000, 0x000000009b700000, 0x000000009b800000|  0%| F|  |TAMS 0x000000009b700000, 0x000000009b700000| Untracked 
| 440|0x000000009b800000, 0x000000009b800000, 0x000000009b900000|  0%| F|  |TAMS 0x000000009b800000, 0x000000009b800000| Untracked 
| 441|0x000000009b900000, 0x000000009b900000, 0x000000009ba00000|  0%| F|  |TAMS 0x000000009b900000, 0x000000009b900000| Untracked 
| 442|0x000000009ba00000, 0x000000009ba00000, 0x000000009bb00000|  0%| F|  |TAMS 0x000000009ba00000, 0x000000009ba00000| Untracked 
| 443|0x000000009bb00000, 0x000000009bb00000, 0x000000009bc00000|  0%| F|  |TAMS 0x000000009bb00000, 0x000000009bb00000| Untracked 
| 444|0x000000009bc00000, 0x000000009bc00000, 0x000000009bd00000|  0%| F|  |TAMS 0x000000009bc00000, 0x000000009bc00000| Untracked 
| 445|0x000000009bd00000, 0x000000009bd00000, 0x000000009be00000|  0%| F|  |TAMS 0x000000009bd00000, 0x000000009bd00000| Untracked 
| 446|0x000000009be00000, 0x000000009be00000, 0x000000009bf00000|  0%| F|  |TAMS 0x000000009be00000, 0x000000009be00000| Untracked 
| 447|0x000000009bf00000, 0x000000009bf00000, 0x000000009c000000|  0%| F|  |TAMS 0x000000009bf00000, 0x000000009bf00000| Untracked 
| 448|0x000000009c000000, 0x000000009c000000, 0x000000009c100000|  0%| F|  |TAMS 0x000000009c000000, 0x000000009c000000| Untracked 
| 449|0x000000009c100000, 0x000000009c100000, 0x000000009c200000|  0%| F|  |TAMS 0x000000009c100000, 0x000000009c100000| Untracked 
| 450|0x000000009c200000, 0x000000009c200000, 0x000000009c300000|  0%| F|  |TAMS 0x000000009c200000, 0x000000009c200000| Untracked 
| 451|0x000000009c300000, 0x000000009c300000, 0x000000009c400000|  0%| F|  |TAMS 0x000000009c300000, 0x000000009c300000| Untracked 
| 452|0x000000009c400000, 0x000000009c400000, 0x000000009c500000|  0%| F|  |TAMS 0x000000009c400000, 0x000000009c400000| Untracked 
| 453|0x000000009c500000, 0x000000009c500000, 0x000000009c600000|  0%| F|  |TAMS 0x000000009c500000, 0x000000009c500000| Untracked 
| 454|0x000000009c600000, 0x000000009c600000, 0x000000009c700000|  0%| F|  |TAMS 0x000000009c600000, 0x000000009c600000| Untracked 
| 455|0x000000009c700000, 0x000000009c700000, 0x000000009c800000|  0%| F|  |TAMS 0x000000009c700000, 0x000000009c700000| Untracked 
| 456|0x000000009c800000, 0x000000009c800000, 0x000000009c900000|  0%| F|  |TAMS 0x000000009c800000, 0x000000009c800000| Untracked 
| 457|0x000000009c900000, 0x000000009c900000, 0x000000009ca00000|  0%| F|  |TAMS 0x000000009c900000, 0x000000009c900000| Untracked 
| 458|0x000000009ca00000, 0x000000009ca00000, 0x000000009cb00000|  0%| F|  |TAMS 0x000000009ca00000, 0x000000009ca00000| Untracked 
| 459|0x000000009cb00000, 0x000000009cb00000, 0x000000009cc00000|  0%| F|  |TAMS 0x000000009cb00000, 0x000000009cb00000| Untracked 
| 460|0x000000009cc00000, 0x000000009cc00000, 0x000000009cd00000|  0%| F|  |TAMS 0x000000009cc00000, 0x000000009cc00000| Untracked 
| 461|0x000000009cd00000, 0x000000009cd00000, 0x000000009ce00000|  0%| F|  |TAMS 0x000000009cd00000, 0x000000009cd00000| Untracked 
| 462|0x000000009ce00000, 0x000000009ce00000, 0x000000009cf00000|  0%| F|  |TAMS 0x000000009ce00000, 0x000000009ce00000| Untracked 
| 463|0x000000009cf00000, 0x000000009cf00000, 0x000000009d000000|  0%| F|  |TAMS 0x000000009cf00000, 0x000000009cf00000| Untracked 
| 464|0x000000009d000000, 0x000000009d000000, 0x000000009d100000|  0%| F|  |TAMS 0x000000009d000000, 0x000000009d000000| Untracked 
| 465|0x000000009d100000, 0x000000009d100000, 0x000000009d200000|  0%| F|  |TAMS 0x000000009d100000, 0x000000009d100000| Untracked 
| 466|0x000000009d200000, 0x000000009d200000, 0x000000009d300000|  0%| F|  |TAMS 0x000000009d200000, 0x000000009d200000| Untracked 
| 467|0x000000009d300000, 0x000000009d300000, 0x000000009d400000|  0%| F|  |TAMS 0x000000009d300000, 0x000000009d300000| Untracked 
| 468|0x000000009d400000, 0x000000009d400000, 0x000000009d500000|  0%| F|  |TAMS 0x000000009d400000, 0x000000009d400000| Untracked 
| 469|0x000000009d500000, 0x000000009d500000, 0x000000009d600000|  0%| F|  |TAMS 0x000000009d500000, 0x000000009d500000| Untracked 
| 470|0x000000009d600000, 0x000000009d600000, 0x000000009d700000|  0%| F|  |TAMS 0x000000009d600000, 0x000000009d600000| Untracked 
| 471|0x000000009d700000, 0x000000009d700000, 0x000000009d800000|  0%| F|  |TAMS 0x000000009d700000, 0x000000009d700000| Untracked 
| 472|0x000000009d800000, 0x000000009d800000, 0x000000009d900000|  0%| F|  |TAMS 0x000000009d800000, 0x000000009d800000| Untracked 
| 473|0x000000009d900000, 0x000000009d900000, 0x000000009da00000|  0%| F|  |TAMS 0x000000009d900000, 0x000000009d900000| Untracked 
| 474|0x000000009da00000, 0x000000009da00000, 0x000000009db00000|  0%| F|  |TAMS 0x000000009da00000, 0x000000009da00000| Untracked 
| 475|0x000000009db00000, 0x000000009db00000, 0x000000009dc00000|  0%| F|  |TAMS 0x000000009db00000, 0x000000009db00000| Untracked 
| 476|0x000000009dc00000, 0x000000009dc00000, 0x000000009dd00000|  0%| F|  |TAMS 0x000000009dc00000, 0x000000009dc00000| Untracked 
| 477|0x000000009dd00000, 0x000000009dd00000, 0x000000009de00000|  0%| F|  |TAMS 0x000000009dd00000, 0x000000009dd00000| Untracked 
| 478|0x000000009de00000, 0x000000009de00000, 0x000000009df00000|  0%| F|  |TAMS 0x000000009de00000, 0x000000009de00000| Untracked 
| 479|0x000000009df00000, 0x000000009df00000, 0x000000009e000000|  0%| F|  |TAMS 0x000000009df00000, 0x000000009df00000| Untracked 
| 480|0x000000009e000000, 0x000000009e000000, 0x000000009e100000|  0%| F|  |TAMS 0x000000009e000000, 0x000000009e000000| Untracked 
| 481|0x000000009e100000, 0x000000009e100000, 0x000000009e200000|  0%| F|  |TAMS 0x000000009e100000, 0x000000009e100000| Untracked 
| 482|0x000000009e200000, 0x000000009e200000, 0x000000009e300000|  0%| F|  |TAMS 0x000000009e200000, 0x000000009e200000| Untracked 
| 483|0x000000009e300000, 0x000000009e300000, 0x000000009e400000|  0%| F|  |TAMS 0x000000009e300000, 0x000000009e300000| Untracked 
| 484|0x000000009e400000, 0x000000009e400000, 0x000000009e500000|  0%| F|  |TAMS 0x000000009e400000, 0x000000009e400000| Untracked 
| 485|0x000000009e500000, 0x000000009e500000, 0x000000009e600000|  0%| F|  |TAMS 0x000000009e500000, 0x000000009e500000| Untracked 
| 486|0x000000009e600000, 0x000000009e600000, 0x000000009e700000|  0%| F|  |TAMS 0x000000009e600000, 0x000000009e600000| Untracked 
| 487|0x000000009e700000, 0x000000009e700000, 0x000000009e800000|  0%| F|  |TAMS 0x000000009e700000, 0x000000009e700000| Untracked 
| 488|0x000000009e800000, 0x000000009e800000, 0x000000009e900000|  0%| F|  |TAMS 0x000000009e800000, 0x000000009e800000| Untracked 
| 489|0x000000009e900000, 0x000000009e900000, 0x000000009ea00000|  0%| F|  |TAMS 0x000000009e900000, 0x000000009e900000| Untracked 
| 490|0x000000009ea00000, 0x000000009ea00000, 0x000000009eb00000|  0%| F|  |TAMS 0x000000009ea00000, 0x000000009ea00000| Untracked 
| 491|0x000000009eb00000, 0x000000009eb00000, 0x000000009ec00000|  0%| F|  |TAMS 0x000000009eb00000, 0x000000009eb00000| Untracked 
| 492|0x000000009ec00000, 0x000000009ec00000, 0x000000009ed00000|  0%| F|  |TAMS 0x000000009ec00000, 0x000000009ec00000| Untracked 
| 493|0x000000009ed00000, 0x000000009ed00000, 0x000000009ee00000|  0%| F|  |TAMS 0x000000009ed00000, 0x000000009ed00000| Untracked 
| 494|0x000000009ee00000, 0x000000009ee00000, 0x000000009ef00000|  0%| F|  |TAMS 0x000000009ee00000, 0x000000009ee00000| Untracked 
| 495|0x000000009ef00000, 0x000000009ef00000, 0x000000009f000000|  0%| F|  |TAMS 0x000000009ef00000, 0x000000009ef00000| Untracked 
| 496|0x000000009f000000, 0x000000009f000000, 0x000000009f100000|  0%| F|  |TAMS 0x000000009f000000, 0x000000009f000000| Untracked 
| 497|0x000000009f100000, 0x000000009f100000, 0x000000009f200000|  0%| F|  |TAMS 0x000000009f100000, 0x000000009f100000| Untracked 
| 498|0x000000009f200000, 0x000000009f200000, 0x000000009f300000|  0%| F|  |TAMS 0x000000009f200000, 0x000000009f200000| Untracked 
| 499|0x000000009f300000, 0x000000009f300000, 0x000000009f400000|  0%| F|  |TAMS 0x000000009f300000, 0x000000009f300000| Untracked 
| 500|0x000000009f400000, 0x000000009f400000, 0x000000009f500000|  0%| F|  |TAMS 0x000000009f400000, 0x000000009f400000| Untracked 
| 501|0x000000009f500000, 0x000000009f500000, 0x000000009f600000|  0%| F|  |TAMS 0x000000009f500000, 0x000000009f500000| Untracked 
| 502|0x000000009f600000, 0x000000009f600000, 0x000000009f700000|  0%| F|  |TAMS 0x000000009f600000, 0x000000009f600000| Untracked 
| 503|0x000000009f700000, 0x000000009f700000, 0x000000009f800000|  0%| F|  |TAMS 0x000000009f700000, 0x000000009f700000| Untracked 
| 504|0x000000009f800000, 0x000000009f800000, 0x000000009f900000|  0%| F|  |TAMS 0x000000009f800000, 0x000000009f800000| Untracked 
| 505|0x000000009f900000, 0x000000009f900000, 0x000000009fa00000|  0%| F|  |TAMS 0x000000009f900000, 0x000000009f900000| Untracked 
| 506|0x000000009fa00000, 0x000000009fa00000, 0x000000009fb00000|  0%| F|  |TAMS 0x000000009fa00000, 0x000000009fa00000| Untracked 
| 507|0x000000009fb00000, 0x000000009fb00000, 0x000000009fc00000|  0%| F|  |TAMS 0x000000009fb00000, 0x000000009fb00000| Untracked 
| 508|0x000000009fc00000, 0x000000009fc00000, 0x000000009fd00000|  0%| F|  |TAMS 0x000000009fc00000, 0x000000009fc00000| Untracked 
| 509|0x000000009fd00000, 0x000000009fd00000, 0x000000009fe00000|  0%| F|  |TAMS 0x000000009fd00000, 0x000000009fd00000| Untracked 
| 510|0x000000009fe00000, 0x000000009fe00000, 0x000000009ff00000|  0%| F|  |TAMS 0x000000009fe00000, 0x000000009fe00000| Untracked 
| 511|0x000000009ff00000, 0x000000009ff00000, 0x00000000a0000000|  0%| F|  |TAMS 0x000000009ff00000, 0x000000009ff00000| Untracked 
| 512|0x00000000a0000000, 0x00000000a0000000, 0x00000000a0100000|  0%| F|  |TAMS 0x00000000a0000000, 0x00000000a0000000| Untracked 
| 513|0x00000000a0100000, 0x00000000a0100000, 0x00000000a0200000|  0%| F|  |TAMS 0x00000000a0100000, 0x00000000a0100000| Untracked 
| 514|0x00000000a0200000, 0x00000000a0200000, 0x00000000a0300000|  0%| F|  |TAMS 0x00000000a0200000, 0x00000000a0200000| Untracked 
| 515|0x00000000a0300000, 0x00000000a0300000, 0x00000000a0400000|  0%| F|  |TAMS 0x00000000a0300000, 0x00000000a0300000| Untracked 
| 516|0x00000000a0400000, 0x00000000a0400000, 0x00000000a0500000|  0%| F|  |TAMS 0x00000000a0400000, 0x00000000a0400000| Untracked 
| 517|0x00000000a0500000, 0x00000000a0500000, 0x00000000a0600000|  0%| F|  |TAMS 0x00000000a0500000, 0x00000000a0500000| Untracked 
| 518|0x00000000a0600000, 0x00000000a0600000, 0x00000000a0700000|  0%| F|  |TAMS 0x00000000a0600000, 0x00000000a0600000| Untracked 
| 519|0x00000000a0700000, 0x00000000a0700000, 0x00000000a0800000|  0%| F|  |TAMS 0x00000000a0700000, 0x00000000a0700000| Untracked 
| 520|0x00000000a0800000, 0x00000000a0800000, 0x00000000a0900000|  0%| F|  |TAMS 0x00000000a0800000, 0x00000000a0800000| Untracked 
| 521|0x00000000a0900000, 0x00000000a0900000, 0x00000000a0a00000|  0%| F|  |TAMS 0x00000000a0900000, 0x00000000a0900000| Untracked 
| 522|0x00000000a0a00000, 0x00000000a0a00000, 0x00000000a0b00000|  0%| F|  |TAMS 0x00000000a0a00000, 0x00000000a0a00000| Untracked 
| 523|0x00000000a0b00000, 0x00000000a0b00000, 0x00000000a0c00000|  0%| F|  |TAMS 0x00000000a0b00000, 0x00000000a0b00000| Untracked 
| 524|0x00000000a0c00000, 0x00000000a0c00000, 0x00000000a0d00000|  0%| F|  |TAMS 0x00000000a0c00000, 0x00000000a0c00000| Untracked 
| 525|0x00000000a0d00000, 0x00000000a0d00000, 0x00000000a0e00000|  0%| F|  |TAMS 0x00000000a0d00000, 0x00000000a0d00000| Untracked 
| 526|0x00000000a0e00000, 0x00000000a0e00000, 0x00000000a0f00000|  0%| F|  |TAMS 0x00000000a0e00000, 0x00000000a0e00000| Untracked 
| 527|0x00000000a0f00000, 0x00000000a0f00000, 0x00000000a1000000|  0%| F|  |TAMS 0x00000000a0f00000, 0x00000000a0f00000| Untracked 
| 528|0x00000000a1000000, 0x00000000a1000000, 0x00000000a1100000|  0%| F|  |TAMS 0x00000000a1000000, 0x00000000a1000000| Untracked 
| 529|0x00000000a1100000, 0x00000000a1100000, 0x00000000a1200000|  0%| F|  |TAMS 0x00000000a1100000, 0x00000000a1100000| Untracked 
| 530|0x00000000a1200000, 0x00000000a1200000, 0x00000000a1300000|  0%| F|  |TAMS 0x00000000a1200000, 0x00000000a1200000| Untracked 
| 531|0x00000000a1300000, 0x00000000a1300000, 0x00000000a1400000|  0%| F|  |TAMS 0x00000000a1300000, 0x00000000a1300000| Untracked 
| 532|0x00000000a1400000, 0x00000000a1400000, 0x00000000a1500000|  0%| F|  |TAMS 0x00000000a1400000, 0x00000000a1400000| Untracked 
| 533|0x00000000a1500000, 0x00000000a1500000, 0x00000000a1600000|  0%| F|  |TAMS 0x00000000a1500000, 0x00000000a1500000| Untracked 
| 534|0x00000000a1600000, 0x00000000a1600000, 0x00000000a1700000|  0%| F|  |TAMS 0x00000000a1600000, 0x00000000a1600000| Untracked 
| 535|0x00000000a1700000, 0x00000000a1700000, 0x00000000a1800000|  0%| F|  |TAMS 0x00000000a1700000, 0x00000000a1700000| Untracked 
| 536|0x00000000a1800000, 0x00000000a1800000, 0x00000000a1900000|  0%| F|  |TAMS 0x00000000a1800000, 0x00000000a1800000| Untracked 
| 537|0x00000000a1900000, 0x00000000a1900000, 0x00000000a1a00000|  0%| F|  |TAMS 0x00000000a1900000, 0x00000000a1900000| Untracked 
| 538|0x00000000a1a00000, 0x00000000a1a00000, 0x00000000a1b00000|  0%| F|  |TAMS 0x00000000a1a00000, 0x00000000a1a00000| Untracked 
| 539|0x00000000a1b00000, 0x00000000a1b00000, 0x00000000a1c00000|  0%| F|  |TAMS 0x00000000a1b00000, 0x00000000a1b00000| Untracked 
| 540|0x00000000a1c00000, 0x00000000a1c00000, 0x00000000a1d00000|  0%| F|  |TAMS 0x00000000a1c00000, 0x00000000a1c00000| Untracked 
| 541|0x00000000a1d00000, 0x00000000a1d00000, 0x00000000a1e00000|  0%| F|  |TAMS 0x00000000a1d00000, 0x00000000a1d00000| Untracked 
| 542|0x00000000a1e00000, 0x00000000a1e00000, 0x00000000a1f00000|  0%| F|  |TAMS 0x00000000a1e00000, 0x00000000a1e00000| Untracked 
| 543|0x00000000a1f00000, 0x00000000a1f00000, 0x00000000a2000000|  0%| F|  |TAMS 0x00000000a1f00000, 0x00000000a1f00000| Untracked 
| 544|0x00000000a2000000, 0x00000000a2000000, 0x00000000a2100000|  0%| F|  |TAMS 0x00000000a2000000, 0x00000000a2000000| Untracked 
| 545|0x00000000a2100000, 0x00000000a2100000, 0x00000000a2200000|  0%| F|  |TAMS 0x00000000a2100000, 0x00000000a2100000| Untracked 
| 546|0x00000000a2200000, 0x00000000a2200000, 0x00000000a2300000|  0%| F|  |TAMS 0x00000000a2200000, 0x00000000a2200000| Untracked 
| 547|0x00000000a2300000, 0x00000000a2300000, 0x00000000a2400000|  0%| F|  |TAMS 0x00000000a2300000, 0x00000000a2300000| Untracked 
| 548|0x00000000a2400000, 0x00000000a2400000, 0x00000000a2500000|  0%| F|  |TAMS 0x00000000a2400000, 0x00000000a2400000| Untracked 
| 549|0x00000000a2500000, 0x00000000a2500000, 0x00000000a2600000|  0%| F|  |TAMS 0x00000000a2500000, 0x00000000a2500000| Untracked 
| 550|0x00000000a2600000, 0x00000000a2600000, 0x00000000a2700000|  0%| F|  |TAMS 0x00000000a2600000, 0x00000000a2600000| Untracked 
| 551|0x00000000a2700000, 0x00000000a2700000, 0x00000000a2800000|  0%| F|  |TAMS 0x00000000a2700000, 0x00000000a2700000| Untracked 
| 552|0x00000000a2800000, 0x00000000a2800000, 0x00000000a2900000|  0%| F|  |TAMS 0x00000000a2800000, 0x00000000a2800000| Untracked 
| 553|0x00000000a2900000, 0x00000000a2900000, 0x00000000a2a00000|  0%| F|  |TAMS 0x00000000a2900000, 0x00000000a2900000| Untracked 
| 554|0x00000000a2a00000, 0x00000000a2a00000, 0x00000000a2b00000|  0%| F|  |TAMS 0x00000000a2a00000, 0x00000000a2a00000| Untracked 
| 555|0x00000000a2b00000, 0x00000000a2b00000, 0x00000000a2c00000|  0%| F|  |TAMS 0x00000000a2b00000, 0x00000000a2b00000| Untracked 
| 556|0x00000000a2c00000, 0x00000000a2c00000, 0x00000000a2d00000|  0%| F|  |TAMS 0x00000000a2c00000, 0x00000000a2c00000| Untracked 
| 557|0x00000000a2d00000, 0x00000000a2d00000, 0x00000000a2e00000|  0%| F|  |TAMS 0x00000000a2d00000, 0x00000000a2d00000| Untracked 
| 558|0x00000000a2e00000, 0x00000000a2e00000, 0x00000000a2f00000|  0%| F|  |TAMS 0x00000000a2e00000, 0x00000000a2e00000| Untracked 
| 559|0x00000000a2f00000, 0x00000000a2f00000, 0x00000000a3000000|  0%| F|  |TAMS 0x00000000a2f00000, 0x00000000a2f00000| Untracked 
| 560|0x00000000a3000000, 0x00000000a3000000, 0x00000000a3100000|  0%| F|  |TAMS 0x00000000a3000000, 0x00000000a3000000| Untracked 
| 561|0x00000000a3100000, 0x00000000a3100000, 0x00000000a3200000|  0%| F|  |TAMS 0x00000000a3100000, 0x00000000a3100000| Untracked 
| 562|0x00000000a3200000, 0x00000000a3200000, 0x00000000a3300000|  0%| F|  |TAMS 0x00000000a3200000, 0x00000000a3200000| Untracked 
| 563|0x00000000a3300000, 0x00000000a3300000, 0x00000000a3400000|  0%| F|  |TAMS 0x00000000a3300000, 0x00000000a3300000| Untracked 
| 564|0x00000000a3400000, 0x00000000a3400000, 0x00000000a3500000|  0%| F|  |TAMS 0x00000000a3400000, 0x00000000a3400000| Untracked 
| 565|0x00000000a3500000, 0x00000000a3500000, 0x00000000a3600000|  0%| F|  |TAMS 0x00000000a3500000, 0x00000000a3500000| Untracked 
| 566|0x00000000a3600000, 0x00000000a3600000, 0x00000000a3700000|  0%| F|  |TAMS 0x00000000a3600000, 0x00000000a3600000| Untracked 
| 567|0x00000000a3700000, 0x00000000a3700000, 0x00000000a3800000|  0%| F|  |TAMS 0x00000000a3700000, 0x00000000a3700000| Untracked 
| 568|0x00000000a3800000, 0x00000000a3800000, 0x00000000a3900000|  0%| F|  |TAMS 0x00000000a3800000, 0x00000000a3800000| Untracked 
| 569|0x00000000a3900000, 0x00000000a3900000, 0x00000000a3a00000|  0%| F|  |TAMS 0x00000000a3900000, 0x00000000a3900000| Untracked 
| 570|0x00000000a3a00000, 0x00000000a3a00000, 0x00000000a3b00000|  0%| F|  |TAMS 0x00000000a3a00000, 0x00000000a3a00000| Untracked 
| 571|0x00000000a3b00000, 0x00000000a3b00000, 0x00000000a3c00000|  0%| F|  |TAMS 0x00000000a3b00000, 0x00000000a3b00000| Untracked 
| 572|0x00000000a3c00000, 0x00000000a3c00000, 0x00000000a3d00000|  0%| F|  |TAMS 0x00000000a3c00000, 0x00000000a3c00000| Untracked 
| 573|0x00000000a3d00000, 0x00000000a3d00000, 0x00000000a3e00000|  0%| F|  |TAMS 0x00000000a3d00000, 0x00000000a3d00000| Untracked 
| 574|0x00000000a3e00000, 0x00000000a3e00000, 0x00000000a3f00000|  0%| F|  |TAMS 0x00000000a3e00000, 0x00000000a3e00000| Untracked 
| 575|0x00000000a3f00000, 0x00000000a3f00000, 0x00000000a4000000|  0%| F|  |TAMS 0x00000000a3f00000, 0x00000000a3f00000| Untracked 
| 576|0x00000000a4000000, 0x00000000a4000000, 0x00000000a4100000|  0%| F|  |TAMS 0x00000000a4000000, 0x00000000a4000000| Untracked 
| 577|0x00000000a4100000, 0x00000000a4100000, 0x00000000a4200000|  0%| F|  |TAMS 0x00000000a4100000, 0x00000000a4100000| Untracked 
| 578|0x00000000a4200000, 0x00000000a4200000, 0x00000000a4300000|  0%| F|  |TAMS 0x00000000a4200000, 0x00000000a4200000| Untracked 
| 579|0x00000000a4300000, 0x00000000a4300000, 0x00000000a4400000|  0%| F|  |TAMS 0x00000000a4300000, 0x00000000a4300000| Untracked 
| 580|0x00000000a4400000, 0x00000000a4400000, 0x00000000a4500000|  0%| F|  |TAMS 0x00000000a4400000, 0x00000000a4400000| Untracked 
| 581|0x00000000a4500000, 0x00000000a4500000, 0x00000000a4600000|  0%| F|  |TAMS 0x00000000a4500000, 0x00000000a4500000| Untracked 
| 582|0x00000000a4600000, 0x00000000a4600000, 0x00000000a4700000|  0%| F|  |TAMS 0x00000000a4600000, 0x00000000a4600000| Untracked 
| 583|0x00000000a4700000, 0x00000000a4700000, 0x00000000a4800000|  0%| F|  |TAMS 0x00000000a4700000, 0x00000000a4700000| Untracked 
| 584|0x00000000a4800000, 0x00000000a4800000, 0x00000000a4900000|  0%| F|  |TAMS 0x00000000a4800000, 0x00000000a4800000| Untracked 
| 585|0x00000000a4900000, 0x00000000a4900000, 0x00000000a4a00000|  0%| F|  |TAMS 0x00000000a4900000, 0x00000000a4900000| Untracked 
| 586|0x00000000a4a00000, 0x00000000a4a00000, 0x00000000a4b00000|  0%| F|  |TAMS 0x00000000a4a00000, 0x00000000a4a00000| Untracked 
| 587|0x00000000a4b00000, 0x00000000a4b00000, 0x00000000a4c00000|  0%| F|  |TAMS 0x00000000a4b00000, 0x00000000a4b00000| Untracked 
| 588|0x00000000a4c00000, 0x00000000a4c00000, 0x00000000a4d00000|  0%| F|  |TAMS 0x00000000a4c00000, 0x00000000a4c00000| Untracked 
| 589|0x00000000a4d00000, 0x00000000a4d00000, 0x00000000a4e00000|  0%| F|  |TAMS 0x00000000a4d00000, 0x00000000a4d00000| Untracked 
| 590|0x00000000a4e00000, 0x00000000a4e00000, 0x00000000a4f00000|  0%| F|  |TAMS 0x00000000a4e00000, 0x00000000a4e00000| Untracked 
| 591|0x00000000a4f00000, 0x00000000a4f00000, 0x00000000a5000000|  0%| F|  |TAMS 0x00000000a4f00000, 0x00000000a4f00000| Untracked 
| 592|0x00000000a5000000, 0x00000000a5000000, 0x00000000a5100000|  0%| F|  |TAMS 0x00000000a5000000, 0x00000000a5000000| Untracked 
| 593|0x00000000a5100000, 0x00000000a5100000, 0x00000000a5200000|  0%| F|  |TAMS 0x00000000a5100000, 0x00000000a5100000| Untracked 
| 594|0x00000000a5200000, 0x00000000a5200000, 0x00000000a5300000|  0%| F|  |TAMS 0x00000000a5200000, 0x00000000a5200000| Untracked 
| 595|0x00000000a5300000, 0x00000000a5300000, 0x00000000a5400000|  0%| F|  |TAMS 0x00000000a5300000, 0x00000000a5300000| Untracked 
| 596|0x00000000a5400000, 0x00000000a5400000, 0x00000000a5500000|  0%| F|  |TAMS 0x00000000a5400000, 0x00000000a5400000| Untracked 
| 597|0x00000000a5500000, 0x00000000a5500000, 0x00000000a5600000|  0%| F|  |TAMS 0x00000000a5500000, 0x00000000a5500000| Untracked 
| 598|0x00000000a5600000, 0x00000000a5600000, 0x00000000a5700000|  0%| F|  |TAMS 0x00000000a5600000, 0x00000000a5600000| Untracked 
| 599|0x00000000a5700000, 0x00000000a5700000, 0x00000000a5800000|  0%| F|  |TAMS 0x00000000a5700000, 0x00000000a5700000| Untracked 
| 600|0x00000000a5800000, 0x00000000a5800000, 0x00000000a5900000|  0%| F|  |TAMS 0x00000000a5800000, 0x00000000a5800000| Untracked 
| 601|0x00000000a5900000, 0x00000000a5900000, 0x00000000a5a00000|  0%| F|  |TAMS 0x00000000a5900000, 0x00000000a5900000| Untracked 
| 602|0x00000000a5a00000, 0x00000000a5a00000, 0x00000000a5b00000|  0%| F|  |TAMS 0x00000000a5a00000, 0x00000000a5a00000| Untracked 
| 603|0x00000000a5b00000, 0x00000000a5b00000, 0x00000000a5c00000|  0%| F|  |TAMS 0x00000000a5b00000, 0x00000000a5b00000| Untracked 
| 604|0x00000000a5c00000, 0x00000000a5c00000, 0x00000000a5d00000|  0%| F|  |TAMS 0x00000000a5c00000, 0x00000000a5c00000| Untracked 
| 605|0x00000000a5d00000, 0x00000000a5d00000, 0x00000000a5e00000|  0%| F|  |TAMS 0x00000000a5d00000, 0x00000000a5d00000| Untracked 
| 606|0x00000000a5e00000, 0x00000000a5e00000, 0x00000000a5f00000|  0%| F|  |TAMS 0x00000000a5e00000, 0x00000000a5e00000| Untracked 
| 607|0x00000000a5f00000, 0x00000000a5f00000, 0x00000000a6000000|  0%| F|  |TAMS 0x00000000a5f00000, 0x00000000a5f00000| Untracked 
| 608|0x00000000a6000000, 0x00000000a6000000, 0x00000000a6100000|  0%| F|  |TAMS 0x00000000a6000000, 0x00000000a6000000| Untracked 
| 609|0x00000000a6100000, 0x00000000a6100000, 0x00000000a6200000|  0%| F|  |TAMS 0x00000000a6100000, 0x00000000a6100000| Untracked 
| 610|0x00000000a6200000, 0x00000000a6200000, 0x00000000a6300000|  0%| F|  |TAMS 0x00000000a6200000, 0x00000000a6200000| Untracked 
| 611|0x00000000a6300000, 0x00000000a6300000, 0x00000000a6400000|  0%| F|  |TAMS 0x00000000a6300000, 0x00000000a6300000| Untracked 
| 612|0x00000000a6400000, 0x00000000a6400000, 0x00000000a6500000|  0%| F|  |TAMS 0x00000000a6400000, 0x00000000a6400000| Untracked 
| 613|0x00000000a6500000, 0x00000000a6500000, 0x00000000a6600000|  0%| F|  |TAMS 0x00000000a6500000, 0x00000000a6500000| Untracked 
| 614|0x00000000a6600000, 0x00000000a6600000, 0x00000000a6700000|  0%| F|  |TAMS 0x00000000a6600000, 0x00000000a6600000| Untracked 
| 615|0x00000000a6700000, 0x00000000a6700000, 0x00000000a6800000|  0%| F|  |TAMS 0x00000000a6700000, 0x00000000a6700000| Untracked 
| 616|0x00000000a6800000, 0x00000000a6800000, 0x00000000a6900000|  0%| F|  |TAMS 0x00000000a6800000, 0x00000000a6800000| Untracked 
| 617|0x00000000a6900000, 0x00000000a6900000, 0x00000000a6a00000|  0%| F|  |TAMS 0x00000000a6900000, 0x00000000a6900000| Untracked 
| 618|0x00000000a6a00000, 0x00000000a6a00000, 0x00000000a6b00000|  0%| F|  |TAMS 0x00000000a6a00000, 0x00000000a6a00000| Untracked 
| 619|0x00000000a6b00000, 0x00000000a6b00000, 0x00000000a6c00000|  0%| F|  |TAMS 0x00000000a6b00000, 0x00000000a6b00000| Untracked 
| 620|0x00000000a6c00000, 0x00000000a6c00000, 0x00000000a6d00000|  0%| F|  |TAMS 0x00000000a6c00000, 0x00000000a6c00000| Untracked 
| 621|0x00000000a6d00000, 0x00000000a6d00000, 0x00000000a6e00000|  0%| F|  |TAMS 0x00000000a6d00000, 0x00000000a6d00000| Untracked 
| 622|0x00000000a6e00000, 0x00000000a6e00000, 0x00000000a6f00000|  0%| F|  |TAMS 0x00000000a6e00000, 0x00000000a6e00000| Untracked 
| 623|0x00000000a6f00000, 0x00000000a6f00000, 0x00000000a7000000|  0%| F|  |TAMS 0x00000000a6f00000, 0x00000000a6f00000| Untracked 
| 624|0x00000000a7000000, 0x00000000a7000000, 0x00000000a7100000|  0%| F|  |TAMS 0x00000000a7000000, 0x00000000a7000000| Untracked 
| 625|0x00000000a7100000, 0x00000000a7100000, 0x00000000a7200000|  0%| F|  |TAMS 0x00000000a7100000, 0x00000000a7100000| Untracked 
| 626|0x00000000a7200000, 0x00000000a7200000, 0x00000000a7300000|  0%| F|  |TAMS 0x00000000a7200000, 0x00000000a7200000| Untracked 
| 627|0x00000000a7300000, 0x00000000a7300000, 0x00000000a7400000|  0%| F|  |TAMS 0x00000000a7300000, 0x00000000a7300000| Untracked 
| 628|0x00000000a7400000, 0x00000000a7400000, 0x00000000a7500000|  0%| F|  |TAMS 0x00000000a7400000, 0x00000000a7400000| Untracked 
| 629|0x00000000a7500000, 0x00000000a7500000, 0x00000000a7600000|  0%| F|  |TAMS 0x00000000a7500000, 0x00000000a7500000| Untracked 
| 630|0x00000000a7600000, 0x00000000a7600000, 0x00000000a7700000|  0%| F|  |TAMS 0x00000000a7600000, 0x00000000a7600000| Untracked 
| 631|0x00000000a7700000, 0x00000000a7700000, 0x00000000a7800000|  0%| F|  |TAMS 0x00000000a7700000, 0x00000000a7700000| Untracked 
| 632|0x00000000a7800000, 0x00000000a7800000, 0x00000000a7900000|  0%| F|  |TAMS 0x00000000a7800000, 0x00000000a7800000| Untracked 
| 633|0x00000000a7900000, 0x00000000a7900000, 0x00000000a7a00000|  0%| F|  |TAMS 0x00000000a7900000, 0x00000000a7900000| Untracked 
| 634|0x00000000a7a00000, 0x00000000a7a00000, 0x00000000a7b00000|  0%| F|  |TAMS 0x00000000a7a00000, 0x00000000a7a00000| Untracked 
| 635|0x00000000a7b00000, 0x00000000a7b00000, 0x00000000a7c00000|  0%| F|  |TAMS 0x00000000a7b00000, 0x00000000a7b00000| Untracked 
| 636|0x00000000a7c00000, 0x00000000a7c00000, 0x00000000a7d00000|  0%| F|  |TAMS 0x00000000a7c00000, 0x00000000a7c00000| Untracked 
| 637|0x00000000a7d00000, 0x00000000a7d00000, 0x00000000a7e00000|  0%| F|  |TAMS 0x00000000a7d00000, 0x00000000a7d00000| Untracked 
| 638|0x00000000a7e00000, 0x00000000a7e4c5e8, 0x00000000a7f00000| 29%| E|  |TAMS 0x00000000a7e00000, 0x00000000a7e00000| Complete 
| 639|0x00000000a7f00000, 0x00000000a8000000, 0x00000000a8000000|100%| E|CS|TAMS 0x00000000a7f00000, 0x00000000a7f00000| Complete 
| 640|0x00000000a8000000, 0x00000000a8100000, 0x00000000a8100000|100%| E|CS|TAMS 0x00000000a8000000, 0x00000000a8000000| Complete 
| 641|0x00000000a8100000, 0x00000000a8200000, 0x00000000a8200000|100%| E|CS|TAMS 0x00000000a8100000, 0x00000000a8100000| Complete 
| 642|0x00000000a8200000, 0x00000000a8300000, 0x00000000a8300000|100%| E|CS|TAMS 0x00000000a8200000, 0x00000000a8200000| Complete 
| 643|0x00000000a8300000, 0x00000000a8400000, 0x00000000a8400000|100%| E|CS|TAMS 0x00000000a8300000, 0x00000000a8300000| Complete 
| 644|0x00000000a8400000, 0x00000000a8500000, 0x00000000a8500000|100%| E|CS|TAMS 0x00000000a8400000, 0x00000000a8400000| Complete 
| 645|0x00000000a8500000, 0x00000000a8600000, 0x00000000a8600000|100%| E|CS|TAMS 0x00000000a8500000, 0x00000000a8500000| Complete 
| 646|0x00000000a8600000, 0x00000000a8700000, 0x00000000a8700000|100%| E|CS|TAMS 0x00000000a8600000, 0x00000000a8600000| Complete 
| 647|0x00000000a8700000, 0x00000000a8800000, 0x00000000a8800000|100%| E|CS|TAMS 0x00000000a8700000, 0x00000000a8700000| Complete 
| 648|0x00000000a8800000, 0x00000000a8900000, 0x00000000a8900000|100%| E|CS|TAMS 0x00000000a8800000, 0x00000000a8800000| Complete 
| 649|0x00000000a8900000, 0x00000000a8a00000, 0x00000000a8a00000|100%| E|CS|TAMS 0x00000000a8900000, 0x00000000a8900000| Complete 
| 650|0x00000000a8a00000, 0x00000000a8b00000, 0x00000000a8b00000|100%| E|CS|TAMS 0x00000000a8a00000, 0x00000000a8a00000| Complete 
| 651|0x00000000a8b00000, 0x00000000a8c00000, 0x00000000a8c00000|100%| E|CS|TAMS 0x00000000a8b00000, 0x00000000a8b00000| Complete 
| 652|0x00000000a8c00000, 0x00000000a8d00000, 0x00000000a8d00000|100%| E|CS|TAMS 0x00000000a8c00000, 0x00000000a8c00000| Complete 
| 653|0x00000000a8d00000, 0x00000000a8e00000, 0x00000000a8e00000|100%| E|CS|TAMS 0x00000000a8d00000, 0x00000000a8d00000| Complete 
| 654|0x00000000a8e00000, 0x00000000a8f00000, 0x00000000a8f00000|100%| E|CS|TAMS 0x00000000a8e00000, 0x00000000a8e00000| Complete 
| 655|0x00000000a8f00000, 0x00000000a9000000, 0x00000000a9000000|100%| E|CS|TAMS 0x00000000a8f00000, 0x00000000a8f00000| Complete 
| 656|0x00000000a9000000, 0x00000000a9100000, 0x00000000a9100000|100%| E|CS|TAMS 0x00000000a9000000, 0x00000000a9000000| Complete 
| 657|0x00000000a9100000, 0x00000000a9200000, 0x00000000a9200000|100%| E|CS|TAMS 0x00000000a9100000, 0x00000000a9100000| Complete 
| 658|0x00000000a9200000, 0x00000000a9300000, 0x00000000a9300000|100%| E|CS|TAMS 0x00000000a9200000, 0x00000000a9200000| Complete 
| 659|0x00000000a9300000, 0x00000000a9400000, 0x00000000a9400000|100%| E|CS|TAMS 0x00000000a9300000, 0x00000000a9300000| Complete 
| 660|0x00000000a9400000, 0x00000000a9500000, 0x00000000a9500000|100%| E|CS|TAMS 0x00000000a9400000, 0x00000000a9400000| Complete 
| 661|0x00000000a9500000, 0x00000000a9600000, 0x00000000a9600000|100%| E|CS|TAMS 0x00000000a9500000, 0x00000000a9500000| Complete 
| 662|0x00000000a9600000, 0x00000000a9700000, 0x00000000a9700000|100%| E|CS|TAMS 0x00000000a9600000, 0x00000000a9600000| Complete 
| 663|0x00000000a9700000, 0x00000000a9800000, 0x00000000a9800000|100%| E|CS|TAMS 0x00000000a9700000, 0x00000000a9700000| Complete 
| 664|0x00000000a9800000, 0x00000000a9900000, 0x00000000a9900000|100%| E|CS|TAMS 0x00000000a9800000, 0x00000000a9800000| Complete 
| 665|0x00000000a9900000, 0x00000000a9a00000, 0x00000000a9a00000|100%| E|CS|TAMS 0x00000000a9900000, 0x00000000a9900000| Complete 
| 666|0x00000000a9a00000, 0x00000000a9b00000, 0x00000000a9b00000|100%| E|CS|TAMS 0x00000000a9a00000, 0x00000000a9a00000| Complete 
| 667|0x00000000a9b00000, 0x00000000a9c00000, 0x00000000a9c00000|100%| E|CS|TAMS 0x00000000a9b00000, 0x00000000a9b00000| Complete 
| 668|0x00000000a9c00000, 0x00000000a9d00000, 0x00000000a9d00000|100%| E|CS|TAMS 0x00000000a9c00000, 0x00000000a9c00000| Complete 
| 669|0x00000000a9d00000, 0x00000000a9e00000, 0x00000000a9e00000|100%| E|CS|TAMS 0x00000000a9d00000, 0x00000000a9d00000| Complete 
| 670|0x00000000a9e00000, 0x00000000a9f00000, 0x00000000a9f00000|100%| E|CS|TAMS 0x00000000a9e00000, 0x00000000a9e00000| Complete 
| 671|0x00000000a9f00000, 0x00000000aa000000, 0x00000000aa000000|100%| E|CS|TAMS 0x00000000a9f00000, 0x00000000a9f00000| Complete 
| 672|0x00000000aa000000, 0x00000000aa100000, 0x00000000aa100000|100%| E|CS|TAMS 0x00000000aa000000, 0x00000000aa000000| Complete 
| 673|0x00000000aa100000, 0x00000000aa200000, 0x00000000aa200000|100%| E|CS|TAMS 0x00000000aa100000, 0x00000000aa100000| Complete 
| 674|0x00000000aa200000, 0x00000000aa300000, 0x00000000aa300000|100%| E|CS|TAMS 0x00000000aa200000, 0x00000000aa200000| Complete 
| 675|0x00000000aa300000, 0x00000000aa400000, 0x00000000aa400000|100%| E|CS|TAMS 0x00000000aa300000, 0x00000000aa300000| Complete 

Card table byte_map: [0x0000022e53a20000,0x0000022e53e20000] _byte_map_base: 0x0000022e53620000

Marking Bits (Prev, Next): (CMBitMap*) 0x0000022e3b951330, (CMBitMap*) 0x0000022e3b951370
 Prev Bits: [0x0000022e54220000, 0x0000022e56220000)
 Next Bits: [0x0000022e56220000, 0x0000022e58220000)

Polling page: 0x0000022e3a070000

Metaspace:

Usage:
  Non-class:    145.06 MB used.
      Class:     21.51 MB used.
       Both:    166.57 MB used.

Virtual space:
  Non-class space:      192.00 MB reserved,     146.06 MB ( 76%) committed,  3 nodes.
      Class space:      416.00 MB reserved,      22.50 MB (  5%) committed,  1 nodes.
             Both:      608.00 MB reserved,     168.56 MB ( 28%) committed. 

Chunk freelists:
   Non-Class:  13.86 MB
       Class:  9.42 MB
        Both:  23.28 MB

MaxMetaspaceSize: 512.00 MB
CompressedClassSpaceSize: 416.00 MB
Initial GC threshold: 21.00 MB
Current GC threshold: 175.56 MB
CDS: on
MetaspaceReclaimPolicy: balanced
 - commit_granule_bytes: 65536.
 - commit_granule_words: 8192.
 - virtual_space_node_default_size: 8388608.
 - enlarge_chunks_in_place: 1.
 - new_chunks_are_fully_committed: 0.
 - uncommit_free_chunks: 1.
 - use_allocation_guard: 0.
 - handle_deallocations: 1.


Internal statistics:

num_allocs_failed_limit: 6.
num_arena_births: 3278.
num_arena_deaths: 36.
num_vsnodes_births: 4.
num_vsnodes_deaths: 0.
num_space_committed: 2694.
num_space_uncommitted: 0.
num_chunks_returned_to_freelist: 49.
num_chunks_taken_from_freelist: 10773.
num_chunk_merges: 25.
num_chunk_splits: 6782.
num_chunks_enlarged: 4025.
num_inconsistent_stats: 0.

CodeHeap 'non-profiled nmethods': size=119168Kb used=28514Kb max_used=28514Kb free=90653Kb
 bounds [0x0000022e4aff0000, 0x0000022e4cbd0000, 0x0000022e52450000]
CodeHeap 'profiled nmethods': size=119104Kb used=69682Kb max_used=69682Kb free=49421Kb
 bounds [0x0000022e43450000, 0x0000022e47860000, 0x0000022e4a8a0000]
CodeHeap 'non-nmethods': size=7488Kb used=4302Kb max_used=4337Kb free=3185Kb
 bounds [0x0000022e4a8a0000, 0x0000022e4ad10000, 0x0000022e4aff0000]
 total_blobs=34327 nmethods=33202 adapters=1030
 compilation: enabled
              stopped_count=0, restarted_count=0
 full_count=0

Compilation events (20 events):
Event: 1551.442 Thread 0x0000022e7c4930a0 42390       3       org.gradle.internal.fingerprint.impl.DefaultCurrentFileCollectionFingerprint::getHash (43 bytes)
Event: 1551.443 Thread 0x0000022e02269eb0 42391       3       org.gradle.internal.fingerprint.FingerprintHashingStrategy$2::appendToHasher (7 bytes)
Event: 1551.443 Thread 0x0000022e7c4930a0 nmethod 42390 0x0000022e4783d690 code [0x0000022e4783d940, 0x0000022e4783e9b8]
Event: 1551.443 Thread 0x0000022e02269eb0 nmethod 42391 0x0000022e4783ef90 code [0x0000022e4783f120, 0x0000022e4783f2e8]
Event: 1551.461 Thread 0x0000022e02269eb0 42406       3       com.google.common.collect.LexicographicalOrdering::compare (85 bytes)
Event: 1551.462 Thread 0x0000022e02269eb0 nmethod 42406 0x0000022e4783f390 code [0x0000022e4783f5e0, 0x0000022e4783ff18]
Event: 1551.481 Thread 0x0000022e7c4930a0 42413       3       com.android.tools.r8.utils.X0::a (50 bytes)
Event: 1551.482 Thread 0x0000022e7c4930a0 nmethod 42413 0x0000022e47840190 code [0x0000022e47840340, 0x0000022e47840548]
Event: 1551.487 Thread 0x0000022e7c4930a0 42414       3       com.android.builder.dexing.r8.ClassFileProviderFactory::createProvider (54 bytes)
Event: 1551.487 Thread 0x0000022e0226c3e0 42415       3       com.android.builder.dexing.r8.CachingArchiveClassFileProvider::<init> (17 bytes)
Event: 1551.487 Thread 0x0000022e02269eb0 42416       3       com.android.tools.r8.ArchiveClassFileProvider::<init> (67 bytes)
Event: 1551.488 Thread 0x0000022e0226c3e0 nmethod 42415 0x0000022e47840690 code [0x0000022e47840880, 0x0000022e47840d68]
Event: 1551.488 Thread 0x0000022e02269eb0 nmethod 42416 0x0000022e47840f90 code [0x0000022e478411a0, 0x0000022e47841918]
Event: 1551.489 Thread 0x0000022e7c4930a0 nmethod 42414 0x0000022e47841b90 code [0x0000022e47841f20, 0x0000022e478439b8]
Event: 1551.501 Thread 0x0000022e02269eb0 42417       3       org.gradle.internal.normalization.java.impl.ApiMemberWriter::writeClassAnnotations (54 bytes)
Event: 1551.501 Thread 0x0000022e02269eb0 nmethod 42417 0x0000022e47844190 code [0x0000022e478443a0, 0x0000022e47844b08]
Event: 1551.585 Thread 0x0000022e5a71c3f0 42422       3       com.android.build.gradle.internal.dependency.BaseDexingTransform$process$1$1$1::test (35 bytes)
Event: 1551.585 Thread 0x0000022e0226c3e0 42423       3       com.android.build.gradle.internal.dependency.BaseDexingTransform$process$1$1$1::test (13 bytes)
Event: 1551.585 Thread 0x0000022e7c4930a0 42424       3       com.android.build.gradle.internal.dependency.BaseDexingTransform$processNonIncrementally$3::invoke (13 bytes)
Event: 1551.586 Thread 0x0000022e02269eb0 42425       3       com.android.build.gradle.internal.dependency.BaseDexingTransform$processNonIncrementally$3::invoke (17 bytes)

GC Heap History (20 events):
Event: 897.144 GC heap after
{Heap after GC invocations=77 (full 0):
 garbage-first heap   total 692224K, used 202551K [0x0000000080000000, 0x0000000100000000)
  region size 1024K, 15 young (15360K), 15 survivors (15360K)
 Metaspace       used 127139K, committed 128256K, reserved 557056K
  class space    used 16819K, committed 17408K, reserved 425984K
}
Event: 933.219 GC heap before
{Heap before GC invocations=77 (full 0):
 garbage-first heap   total 692224K, used 601911K [0x0000000080000000, 0x0000000100000000)
  region size 1024K, 405 young (414720K), 15 survivors (15360K)
 Metaspace       used 131951K, committed 133184K, reserved 557056K
  class space    used 17290K, committed 17920K, reserved 425984K
}
Event: 933.233 GC heap after
{Heap after GC invocations=78 (full 0):
 garbage-first heap   total 692224K, used 213815K [0x0000000080000000, 0x0000000100000000)
  region size 1024K, 26 young (26624K), 26 survivors (26624K)
 Metaspace       used 131951K, committed 133184K, reserved 557056K
  class space    used 17290K, committed 17920K, reserved 425984K
}
Event: 937.932 GC heap before
{Heap before GC invocations=78 (full 0):
 garbage-first heap   total 692224K, used 621367K [0x0000000080000000, 0x0000000100000000)
  region size 1024K, 396 young (405504K), 26 survivors (26624K)
 Metaspace       used 136486K, committed 137792K, reserved 557056K
  class space    used 17769K, committed 18432K, reserved 425984K
}
Event: 937.945 GC heap after
{Heap after GC invocations=79 (full 0):
 garbage-first heap   total 692224K, used 225357K [0x0000000080000000, 0x0000000100000000)
  region size 1024K, 38 young (38912K), 38 survivors (38912K)
 Metaspace       used 136486K, committed 137792K, reserved 557056K
  class space    used 17769K, committed 18432K, reserved 425984K
}
Event: 940.731 GC heap before
{Heap before GC invocations=79 (full 0):
 garbage-first heap   total 692224K, used 581709K [0x0000000080000000, 0x0000000100000000)
  region size 1024K, 387 young (396288K), 38 survivors (38912K)
 Metaspace       used 146038K, committed 147392K, reserved 557056K
  class space    used 18795K, committed 19456K, reserved 425984K
}
Event: 940.745 GC heap after
{Heap after GC invocations=80 (full 0):
 garbage-first heap   total 692224K, used 225807K [0x0000000080000000, 0x0000000100000000)
  region size 1024K, 14 young (14336K), 14 survivors (14336K)
 Metaspace       used 146038K, committed 147392K, reserved 557056K
  class space    used 18795K, committed 19456K, reserved 425984K
}
Event: 945.734 GC heap before
{Heap before GC invocations=80 (full 0):
 garbage-first heap   total 692224K, used 593422K [0x0000000080000000, 0x0000000100000000)
  region size 1024K, 370 young (378880K), 14 survivors (14336K)
 Metaspace       used 157144K, committed 158656K, reserved 622592K
  class space    used 20377K, committed 21120K, reserved 425984K
}
Event: 945.750 GC heap after
{Heap after GC invocations=81 (full 0):
 garbage-first heap   total 692224K, used 245468K [0x0000000080000000, 0x0000000100000000)
  region size 1024K, 32 young (32768K), 32 survivors (32768K)
 Metaspace       used 157144K, committed 158656K, reserved 622592K
  class space    used 20377K, committed 21120K, reserved 425984K
}
Event: 947.385 GC heap before
{Heap before GC invocations=81 (full 0):
 garbage-first heap   total 692224K, used 597724K [0x0000000080000000, 0x0000000100000000)
  region size 1024K, 359 young (367616K), 32 survivors (32768K)
 Metaspace       used 163884K, committed 165376K, reserved 622592K
  class space    used 21284K, committed 22016K, reserved 425984K
}
Event: 947.405 GC heap after
{Heap after GC invocations=82 (full 0):
 garbage-first heap   total 692224K, used 258715K [0x0000000080000000, 0x0000000100000000)
  region size 1024K, 27 young (27648K), 27 survivors (27648K)
 Metaspace       used 163884K, committed 165376K, reserved 622592K
  class space    used 21284K, committed 22016K, reserved 425984K
}
Event: 948.942 GC heap before
{Heap before GC invocations=82 (full 0):
 garbage-first heap   total 692224K, used 586395K [0x0000000080000000, 0x0000000100000000)
  region size 1024K, 347 young (355328K), 27 survivors (27648K)
 Metaspace       used 164705K, committed 166144K, reserved 622592K
  class space    used 21376K, committed 22080K, reserved 425984K
}
Event: 948.950 GC heap after
{Heap after GC invocations=83 (full 0):
 garbage-first heap   total 692224K, used 252666K [0x0000000080000000, 0x0000000100000000)
  region size 1024K, 6 young (6144K), 6 survivors (6144K)
 Metaspace       used 164705K, committed 166144K, reserved 622592K
  class space    used 21376K, committed 22080K, reserved 425984K
}
Event: 953.560 GC heap before
{Heap before GC invocations=83 (full 0):
 garbage-first heap   total 692224K, used 590586K [0x0000000080000000, 0x0000000100000000)
  region size 1024K, 336 young (344064K), 6 survivors (6144K)
 Metaspace       used 165293K, committed 166720K, reserved 622592K
  class space    used 21410K, committed 22144K, reserved 425984K
}
Event: 953.567 GC heap after
{Heap after GC invocations=84 (full 0):
 garbage-first heap   total 692224K, used 250562K [0x0000000080000000, 0x0000000100000000)
  region size 1024K, 6 young (6144K), 6 survivors (6144K)
 Metaspace       used 165293K, committed 166720K, reserved 622592K
  class space    used 21410K, committed 22144K, reserved 425984K
}
Event: 1343.370 GC heap before
{Heap before GC invocations=84 (full 0):
 garbage-first heap   total 692224K, used 596674K [0x0000000080000000, 0x0000000100000000)
  region size 1024K, 342 young (350208K), 6 survivors (6144K)
 Metaspace       used 168752K, committed 170560K, reserved 622592K
  class space    used 21843K, committed 22720K, reserved 425984K
}
Event: 1343.474 GC heap after
{Heap after GC invocations=85 (full 0):
 garbage-first heap   total 692224K, used 279530K [0x0000000080000000, 0x0000000100000000)
  region size 1024K, 35 young (35840K), 35 survivors (35840K)
 Metaspace       used 168752K, committed 170560K, reserved 622592K
  class space    used 21843K, committed 22720K, reserved 425984K
}
Event: 1549.330 GC heap before
{Heap before GC invocations=85 (full 0):
 garbage-first heap   total 692224K, used 574442K [0x0000000080000000, 0x0000000100000000)
  region size 1024K, 324 young (331776K), 35 survivors (35840K)
 Metaspace       used 170211K, committed 172160K, reserved 622592K
  class space    used 21979K, committed 22976K, reserved 425984K
}
Event: 1549.366 GC heap after
{Heap after GC invocations=86 (full 0):
 garbage-first heap   total 692224K, used 280741K [0x0000000080000000, 0x0000000100000000)
  region size 1024K, 28 young (28672K), 28 survivors (28672K)
 Metaspace       used 170211K, committed 172160K, reserved 622592K
  class space    used 21979K, committed 22976K, reserved 425984K
}
Event: 1552.551 GC heap before
{Heap before GC invocations=86 (full 0):
 garbage-first heap   total 692224K, used 567461K [0x0000000080000000, 0x0000000100000000)
  region size 1024K, 305 young (312320K), 28 survivors (28672K)
 Metaspace       used 170539K, committed 172544K, reserved 622592K
  class space    used 22022K, committed 23040K, reserved 425984K
}

Dll operation events (17 events):
Event: 0.018 Loaded shared library C:\Program Files\Amazon Corretto\jdk17.0.13_11\bin\java.dll
Event: 0.033 Loaded shared library C:\Program Files\Amazon Corretto\jdk17.0.13_11\bin\jsvml.dll
Event: 0.070 Loaded shared library C:\Program Files\Amazon Corretto\jdk17.0.13_11\bin\zip.dll
Event: 0.074 Loaded shared library C:\Program Files\Amazon Corretto\jdk17.0.13_11\bin\instrument.dll
Event: 0.078 Loaded shared library C:\Program Files\Amazon Corretto\jdk17.0.13_11\bin\net.dll
Event: 0.079 Loaded shared library C:\Program Files\Amazon Corretto\jdk17.0.13_11\bin\nio.dll
Event: 0.084 Loaded shared library C:\Program Files\Amazon Corretto\jdk17.0.13_11\bin\zip.dll
Event: 0.257 Loaded shared library C:\Program Files\Amazon Corretto\jdk17.0.13_11\bin\jimage.dll
Event: 0.332 Loaded shared library C:\Program Files\Amazon Corretto\jdk17.0.13_11\bin\verify.dll
Event: 0.468 Loaded shared library C:\Users\Asus\.gradle\native\68d5fa5c4cc2d200863cafc0d521ce42e7d3e7ee720ec0a83991735586a16f82\windows-amd64\native-platform.dll
Event: 0.490 Loaded shared library C:\Users\Asus\.gradle\native\e376f236ea51e6404a007f0833ffe2c6e607c4080706a723a18a27aeea778392\windows-amd64\native-platform-file-events.dll
Event: 9.339 Loaded shared library C:\Program Files\Amazon Corretto\jdk17.0.13_11\bin\management.dll
Event: 9.341 Loaded shared library C:\Program Files\Amazon Corretto\jdk17.0.13_11\bin\management_ext.dll
Event: 9.511 Loaded shared library C:\Program Files\Amazon Corretto\jdk17.0.13_11\bin\extnet.dll
Event: 9.707 Loaded shared library C:\Program Files\Amazon Corretto\jdk17.0.13_11\bin\sunmscapi.dll
Event: 940.664 Loaded shared library C:\Users\Asus\AppData\Local\Temp\native-platform10699646775419267187dir\native-platform.dll
Event: 942.425 Loaded shared library C:\Program Files\Amazon Corretto\jdk17.0.13_11\bin\rmi.dll

Deoptimization events (20 events):
Event: 1551.590 Thread 0x0000022e7bb34300 Uncommon trap: trap_request=0xffffff45 fr.pc=0x0000022e4bd4e3b4 relative=0x0000000000000174
Event: 1551.592 Thread 0x0000022e7e55b080 Uncommon trap: trap_request=0xffffff45 fr.pc=0x0000022e4bd4e3b4 relative=0x0000000000000174
Event: 1551.595 Thread 0x0000022e7bb33df0 Uncommon trap: trap_request=0xffffff45 fr.pc=0x0000022e4bd4e3b4 relative=0x0000000000000174
Event: 1551.595 Thread 0x0000022e7bb333d0 Uncommon trap: trap_request=0xffffff45 fr.pc=0x0000022e4bd4e3b4 relative=0x0000000000000174
Event: 1551.596 Thread 0x0000022e7bb34d20 Uncommon trap: trap_request=0xffffff45 fr.pc=0x0000022e4bd4e3b4 relative=0x0000000000000174
Event: 1551.596 Thread 0x0000022e7bb31570 Uncommon trap: trap_request=0xffffff45 fr.pc=0x0000022e4bd4e3b4 relative=0x0000000000000174
Event: 1551.597 Thread 0x0000022e7bb31060 Uncommon trap: trap_request=0xffffff45 fr.pc=0x0000022e4bd4e3b4 relative=0x0000000000000174
Event: 1551.597 Thread 0x0000022e7bb338e0 Uncommon trap: trap_request=0xffffff45 fr.pc=0x0000022e4bd4e3b4 relative=0x0000000000000174
Event: 1551.598 Thread 0x0000022e7bb34810 Uncommon trap: trap_request=0xffffff45 fr.pc=0x0000022e4bd4e3b4 relative=0x0000000000000174
Event: 1551.599 Thread 0x0000022e7bb324a0 Uncommon trap: trap_request=0xffffff45 fr.pc=0x0000022e4bd4e3b4 relative=0x0000000000000174
Event: 1552.548 Thread 0x0000022e7bb34300 Uncommon trap: reason=unstable_if action=reinterpret pc=0x0000022e4bd4e3b4 method=com.android.tools.r8.graph.r2.c(Ljava/lang/Object;)Z @ 23 c2
Event: 1552.548 Thread 0x0000022e7e55b080 Uncommon trap: reason=unstable_if action=reinterpret pc=0x0000022e4bd4e3b4 method=com.android.tools.r8.graph.r2.c(Ljava/lang/Object;)Z @ 23 c2
Event: 1552.548 Thread 0x0000022e7bb33df0 Uncommon trap: reason=unstable_if action=reinterpret pc=0x0000022e4bd4e3b4 method=com.android.tools.r8.graph.r2.c(Ljava/lang/Object;)Z @ 23 c2
Event: 1552.548 Thread 0x0000022e7bb333d0 Uncommon trap: reason=unstable_if action=reinterpret pc=0x0000022e4bd4e3b4 method=com.android.tools.r8.graph.r2.c(Ljava/lang/Object;)Z @ 23 c2
Event: 1552.548 Thread 0x0000022e7bb34d20 Uncommon trap: reason=unstable_if action=reinterpret pc=0x0000022e4bd4e3b4 method=com.android.tools.r8.graph.r2.c(Ljava/lang/Object;)Z @ 23 c2
Event: 1552.548 Thread 0x0000022e7bb31570 Uncommon trap: reason=unstable_if action=reinterpret pc=0x0000022e4bd4e3b4 method=com.android.tools.r8.graph.r2.c(Ljava/lang/Object;)Z @ 23 c2
Event: 1552.548 Thread 0x0000022e7bb31060 Uncommon trap: reason=unstable_if action=reinterpret pc=0x0000022e4bd4e3b4 method=com.android.tools.r8.graph.r2.c(Ljava/lang/Object;)Z @ 23 c2
Event: 1552.548 Thread 0x0000022e7bb338e0 Uncommon trap: reason=unstable_if action=reinterpret pc=0x0000022e4bd4e3b4 method=com.android.tools.r8.graph.r2.c(Ljava/lang/Object;)Z @ 23 c2
Event: 1552.548 Thread 0x0000022e7bb34810 Uncommon trap: reason=unstable_if action=reinterpret pc=0x0000022e4bd4e3b4 method=com.android.tools.r8.graph.r2.c(Ljava/lang/Object;)Z @ 23 c2
Event: 1552.548 Thread 0x0000022e7bb324a0 Uncommon trap: reason=unstable_if action=reinterpret pc=0x0000022e4bd4e3b4 method=com.android.tools.r8.graph.r2.c(Ljava/lang/Object;)Z @ 23 c2

Classes loaded (20 events):
Event: 1242.434 Loading class java/lang/StackStreamFactory
Event: 1242.438 Loading class java/lang/StackStreamFactory done
Event: 1242.438 Loading class java/lang/StackWalker$ExtendedOption
Event: 1242.439 Loading class java/lang/StackWalker$ExtendedOption done
Event: 1242.439 Loading class java/lang/StackStreamFactory$StackFrameTraverser
Event: 1242.443 Loading class java/lang/StackStreamFactory$StackFrameTraverser done
Event: 1242.443 Loading class java/lang/StackStreamFactory$WalkerState
Event: 1242.443 Loading class java/lang/StackStreamFactory$WalkerState done
Event: 1242.443 Loading class java/lang/StackStreamFactory$1
Event: 1242.444 Loading class java/lang/StackStreamFactory$1 done
Event: 1242.444 Loading class java/lang/StackStreamFactory$StackFrameTraverser$StackFrameBuffer
Event: 1242.445 Loading class java/lang/StackStreamFactory$FrameBuffer
Event: 1242.446 Loading class java/lang/StackStreamFactory$FrameBuffer done
Event: 1242.446 Loading class java/lang/StackStreamFactory$StackFrameTraverser$StackFrameBuffer done
Event: 1345.103 Loading class java/util/concurrent/Executors$DelegatedScheduledExecutorService
Event: 1345.104 Loading class java/util/concurrent/Executors$DelegatedExecutorService
Event: 1345.104 Loading class java/util/concurrent/Executors$DelegatedExecutorService done
Event: 1345.104 Loading class java/util/concurrent/Executors$DelegatedScheduledExecutorService done
Event: 1542.550 Loading class java/rmi/server/Unreferenced
Event: 1542.551 Loading class java/rmi/server/Unreferenced done

Classes unloaded (18 events):
Event: 40.724 Thread 0x0000022e5a6f3ff0 Unloading class 0x0000022e5deb9400 'java/lang/invoke/LambdaForm$DMH+0x0000022e5deb9400'
Event: 40.724 Thread 0x0000022e5a6f3ff0 Unloading class 0x0000022e5deb9000 'java/lang/invoke/LambdaForm$DMH+0x0000022e5deb9000'
Event: 40.724 Thread 0x0000022e5a6f3ff0 Unloading class 0x0000022e5deb8c00 'java/lang/invoke/LambdaForm$DMH+0x0000022e5deb8c00'
Event: 40.724 Thread 0x0000022e5a6f3ff0 Unloading class 0x0000022e5deb8800 'java/lang/invoke/LambdaForm$DMH+0x0000022e5deb8800'
Event: 40.724 Thread 0x0000022e5a6f3ff0 Unloading class 0x0000022e5deb8400 'java/lang/invoke/LambdaForm$DMH+0x0000022e5deb8400'
Event: 40.724 Thread 0x0000022e5a6f3ff0 Unloading class 0x0000022e5de97400 'java/lang/invoke/LambdaForm$DMH+0x0000022e5de97400'
Event: 40.724 Thread 0x0000022e5a6f3ff0 Unloading class 0x0000022e5de97000 'java/lang/invoke/LambdaForm$DMH+0x0000022e5de97000'
Event: 40.724 Thread 0x0000022e5a6f3ff0 Unloading class 0x0000022e5de96c00 'java/lang/invoke/LambdaForm$DMH+0x0000022e5de96c00'
Event: 40.724 Thread 0x0000022e5a6f3ff0 Unloading class 0x0000022e5de96800 'java/lang/invoke/LambdaForm$DMH+0x0000022e5de96800'
Event: 40.724 Thread 0x0000022e5a6f3ff0 Unloading class 0x0000022e5de96400 'java/lang/invoke/LambdaForm$DMH+0x0000022e5de96400'
Event: 40.724 Thread 0x0000022e5a6f3ff0 Unloading class 0x0000022e5de96000 'java/lang/invoke/LambdaForm$DMH+0x0000022e5de96000'
Event: 40.724 Thread 0x0000022e5a6f3ff0 Unloading class 0x0000022e5de95c00 'java/lang/invoke/LambdaForm$DMH+0x0000022e5de95c00'
Event: 40.724 Thread 0x0000022e5a6f3ff0 Unloading class 0x0000022e5de95800 'java/lang/invoke/LambdaForm$DMH+0x0000022e5de95800'
Event: 40.724 Thread 0x0000022e5a6f3ff0 Unloading class 0x0000022e5de95400 'java/lang/invoke/LambdaForm$DMH+0x0000022e5de95400'
Event: 40.724 Thread 0x0000022e5a6f3ff0 Unloading class 0x0000022e5de95000 'java/lang/invoke/LambdaForm$DMH+0x0000022e5de95000'
Event: 40.724 Thread 0x0000022e5a6f3ff0 Unloading class 0x0000022e5de94c00 'java/lang/invoke/LambdaForm$DMH+0x0000022e5de94c00'
Event: 40.724 Thread 0x0000022e5a6f3ff0 Unloading class 0x0000022e5de94400 'java/lang/invoke/LambdaForm$DMH+0x0000022e5de94400'
Event: 40.724 Thread 0x0000022e5a6f3ff0 Unloading class 0x0000022e5de94800 'java/lang/invoke/LambdaForm$DMH+0x0000022e5de94800'

Classes redefined (0 events):
No events

Internal exceptions (20 events):
Event: 1551.363 Thread 0x0000022e01995080 Exception <a 'sun/nio/fs/WindowsException'{0x00000000a21e6ed8}> (0x00000000a21e6ed8) 
thrown [s\src\hotspot\share\prims\jni.cpp, line 516]
Event: 1551.365 Thread 0x0000022e01995080 Exception <a 'sun/nio/fs/WindowsException'{0x00000000a200b4d8}> (0x00000000a200b4d8) 
thrown [s\src\hotspot\share\prims\jni.cpp, line 516]
Event: 1551.369 Thread 0x0000022e7e37b560 Exception <a 'java/net/ConnectException'{0x00000000a236f118}: Connection refused: connect> (0x00000000a236f118) 
thrown [s\src\hotspot\share\prims\jni.cpp, line 535]
Event: 1551.369 Thread 0x0000022e7e37b560 Exception <a 'java/net/SocketException'{0x00000000a236f9a0}: Socket is not connected: shutdown> (0x00000000a236f9a0) 
thrown [s\src\hotspot\share\prims\jni.cpp, line 535]
Event: 1551.371 Thread 0x0000022e01995080 Exception <a 'sun/nio/fs/WindowsException'{0x00000000a2054590}> (0x00000000a2054590) 
thrown [s\src\hotspot\share\prims\jni.cpp, line 516]
Event: 1551.374 Thread 0x0000022e01d9a4c0 Exception <a 'java/lang/InterruptedException'{0x00000000a2093cf8}> (0x00000000a2093cf8) 
thrown [s\src\hotspot\share\runtime\objectMonitor.cpp, line 1658]
Event: 1551.376 Thread 0x0000022e01995080 Exception <a 'sun/nio/fs/WindowsException'{0x00000000a20bbe00}> (0x00000000a20bbe00) 
thrown [s\src\hotspot\share\prims\jni.cpp, line 516]
Event: 1551.381 Thread 0x0000022e01995080 Exception <a 'sun/nio/fs/WindowsException'{0x00000000a1f85b50}> (0x00000000a1f85b50) 
thrown [s\src\hotspot\share\prims\jni.cpp, line 516]
Event: 1551.401 Thread 0x0000022e00c8f530 Exception <a 'sun/nio/fs/WindowsException'{0x00000000a190e720}> (0x00000000a190e720) 
thrown [s\src\hotspot\share\prims\jni.cpp, line 516]
Event: 1551.404 Thread 0x0000022e00c8f530 Exception <a 'sun/nio/fs/WindowsException'{0x00000000a1926050}> (0x00000000a1926050) 
thrown [s\src\hotspot\share\prims\jni.cpp, line 516]
Event: 1551.588 Thread 0x0000022e7bb34300 Exception <a 'sun/nio/fs/WindowsException'{0x00000000993c97a0}> (0x00000000993c97a0) 
thrown [s\src\hotspot\share\prims\jni.cpp, line 516]
Event: 1551.592 Thread 0x0000022e7e55b080 Exception <a 'sun/nio/fs/WindowsException'{0x0000000099231598}> (0x0000000099231598) 
thrown [s\src\hotspot\share\prims\jni.cpp, line 516]
Event: 1551.595 Thread 0x0000022e7bb33df0 Exception <a 'sun/nio/fs/WindowsException'{0x00000000992bcce8}> (0x00000000992bcce8) 
thrown [s\src\hotspot\share\prims\jni.cpp, line 516]
Event: 1551.595 Thread 0x0000022e7bb333d0 Exception <a 'sun/nio/fs/WindowsException'{0x00000000992c9b50}> (0x00000000992c9b50) 
thrown [s\src\hotspot\share\prims\jni.cpp, line 516]
Event: 1551.596 Thread 0x0000022e7bb34d20 Exception <a 'sun/nio/fs/WindowsException'{0x0000000099174348}> (0x0000000099174348) 
thrown [s\src\hotspot\share\prims\jni.cpp, line 516]
Event: 1551.596 Thread 0x0000022e7bb31570 Exception <a 'sun/nio/fs/WindowsException'{0x000000009915d668}> (0x000000009915d668) 
thrown [s\src\hotspot\share\prims\jni.cpp, line 516]
Event: 1551.597 Thread 0x0000022e7bb31060 Exception <a 'sun/nio/fs/WindowsException'{0x0000000099195ac0}> (0x0000000099195ac0) 
thrown [s\src\hotspot\share\prims\jni.cpp, line 516]
Event: 1551.597 Thread 0x0000022e7bb338e0 Exception <a 'sun/nio/fs/WindowsException'{0x0000000099041320}> (0x0000000099041320) 
thrown [s\src\hotspot\share\prims\jni.cpp, line 516]
Event: 1551.597 Thread 0x0000022e7bb34810 Exception <a 'sun/nio/fs/WindowsException'{0x0000000099023508}> (0x0000000099023508) 
thrown [s\src\hotspot\share\prims\jni.cpp, line 516]
Event: 1551.599 Thread 0x0000022e7bb324a0 Exception <a 'sun/nio/fs/WindowsException'{0x0000000098f32930}> (0x0000000098f32930) 
thrown [s\src\hotspot\share\prims\jni.cpp, line 516]

VM Operations (20 events):
Event: 1490.204 Executing VM operation: Cleanup done
Event: 1543.235 Executing VM operation: Cleanup
Event: 1543.235 Executing VM operation: Cleanup done
Event: 1546.236 Executing VM operation: Cleanup
Event: 1546.236 Executing VM operation: Cleanup done
Event: 1548.236 Executing VM operation: Cleanup
Event: 1548.236 Executing VM operation: Cleanup done
Event: 1548.926 Executing VM operation: ICBufferFull
Event: 1548.926 Executing VM operation: ICBufferFull done
Event: 1549.330 Executing VM operation: G1CollectForAllocation
Event: 1549.366 Executing VM operation: G1CollectForAllocation done
Event: 1549.473 Executing VM operation: HandshakeAllThreads
Event: 1549.473 Executing VM operation: HandshakeAllThreads done
Event: 1549.651 Executing VM operation: ICBufferFull
Event: 1549.651 Executing VM operation: ICBufferFull done
Event: 1550.945 Executing VM operation: HandshakeAllThreads
Event: 1550.946 Executing VM operation: HandshakeAllThreads done
Event: 1550.946 Executing VM operation: Cleanup
Event: 1550.946 Executing VM operation: Cleanup done
Event: 1551.601 Executing VM operation: G1CollectForAllocation

Memory protections (0 events):
No events

Nmethod flushes (20 events):
Event: 1549.558 Thread 0x0000022e5a722d20 flushing  nmethod 0x0000022e446bce10
Event: 1549.558 Thread 0x0000022e5a722d20 flushing  nmethod 0x0000022e4470e390
Event: 1549.558 Thread 0x0000022e5a722d20 flushing  nmethod 0x0000022e44756d90
Event: 1549.559 Thread 0x0000022e5a722d20 flushing  nmethod 0x0000022e44814410
Event: 1549.563 Thread 0x0000022e5a722d20 flushing  nmethod 0x0000022e44916310
Event: 1549.563 Thread 0x0000022e5a722d20 flushing  nmethod 0x0000022e44916d10
Event: 1549.563 Thread 0x0000022e5a722d20 flushing  nmethod 0x0000022e44947f10
Event: 1549.564 Thread 0x0000022e5a722d20 flushing  nmethod 0x0000022e449c2290
Event: 1549.564 Thread 0x0000022e5a722d20 flushing  nmethod 0x0000022e44a41e90
Event: 1549.565 Thread 0x0000022e5a722d20 flushing  nmethod 0x0000022e44aa1790
Event: 1549.565 Thread 0x0000022e5a722d20 flushing  nmethod 0x0000022e44abad90
Event: 1549.567 Thread 0x0000022e5a722d20 flushing  nmethod 0x0000022e44cbe390
Event: 1549.568 Thread 0x0000022e5a722d20 flushing  nmethod 0x0000022e44d4a890
Event: 1549.572 Thread 0x0000022e5a722d20 flushing  nmethod 0x0000022e44f84f90
Event: 1549.576 Thread 0x0000022e5a722d20 flushing  nmethod 0x0000022e4534cc10
Event: 1549.586 Thread 0x0000022e5a722d20 flushing  nmethod 0x0000022e45acc390
Event: 1549.590 Thread 0x0000022e5a722d20 flushing  nmethod 0x0000022e45d2b790
Event: 1549.590 Thread 0x0000022e5a722d20 flushing  nmethod 0x0000022e45d61110
Event: 1549.596 Thread 0x0000022e5a722d20 flushing  nmethod 0x0000022e46199b10
Event: 1549.613 Thread 0x0000022e5a722d20 flushing  nmethod 0x0000022e46cc6910

Events (20 events):
Event: 1551.388 Thread 0x0000022e09efe570 Thread added: 0x0000022e01d9aee0
Event: 1551.418 Thread 0x0000022e00c8f530 Thread added: 0x0000022e01d9b3f0
Event: 1551.419 Thread 0x0000022e00c8f530 Thread added: 0x0000022e7bb329b0
Event: 1551.421 Thread 0x0000022e00c8f530 Thread added: 0x0000022e7bb31a80
Event: 1551.421 Thread 0x0000022e00c8f530 Thread added: 0x0000022e7bb31f90
Event: 1551.423 Thread 0x0000022e00c8f530 Thread added: 0x0000022e7bb324a0
Event: 1551.423 Thread 0x0000022e00c8f530 Thread added: 0x0000022e7bb34810
Event: 1551.424 Thread 0x0000022e00c8f530 Thread added: 0x0000022e7bb32ec0
Event: 1551.425 Thread 0x0000022e00c8f530 Thread added: 0x0000022e7bb31060
Event: 1551.426 Thread 0x0000022e00c8f530 Thread added: 0x0000022e7bb333d0
Event: 1551.428 Thread 0x0000022e00c8f530 Thread added: 0x0000022e7bb34d20
Event: 1551.428 Thread 0x0000022e00c8f530 Thread added: 0x0000022e7bb338e0
Event: 1551.429 Thread 0x0000022e00c8f530 Thread added: 0x0000022e7bb33df0
Event: 1551.430 Thread 0x0000022e00c8f530 Thread added: 0x0000022e7bb34300
Event: 1551.430 Thread 0x0000022e00c8f530 Thread added: 0x0000022e7bb31570
Event: 1551.434 Thread 0x0000022e00c8f530 Thread added: 0x0000022e7bb37ab0
Event: 1551.439 Thread 0x0000022e00c8f530 Thread added: 0x0000022e7bb35c50
Event: 1551.439 Thread 0x0000022e00c8f530 Thread added: 0x0000022e7e55b080
Event: 1551.440 Thread 0x0000022e00c8f530 Thread added: 0x0000022e7e55c4c0
Event: 1551.440 Thread 0x0000022e00c8f530 Thread added: 0x0000022e7e55baa0


Dynamic libraries:
0x00007ff63f470000 - 0x00007ff63f47e000 	C:\Program Files\Amazon Corretto\jdk17.0.13_11\bin\java.exe
0x00007ffc63620000 - 0x00007ffc63880000 	C:\WINDOWS\SYSTEM32\ntdll.dll
0x00007ffc20930000 - 0x00007ffc2094a000 	C:\Program Files\AVG\Antivirus\aswhook.dll
0x00007ffc616a0000 - 0x00007ffc61767000 	C:\WINDOWS\System32\KERNEL32.DLL
0x00007ffc60db0000 - 0x00007ffc6117a000 	C:\WINDOWS\System32\KERNELBASE.dll
0x00007ffc60830000 - 0x00007ffc6097b000 	C:\WINDOWS\System32\ucrtbase.dll
0x00007ffc486a0000 - 0x00007ffc486b7000 	C:\Program Files\Amazon Corretto\jdk17.0.13_11\bin\jli.dll
0x00007ffc429e0000 - 0x00007ffc429fb000 	C:\Program Files\Amazon Corretto\jdk17.0.13_11\bin\VCRUNTIME140.dll
0x00007ffc62e50000 - 0x00007ffc6301c000 	C:\WINDOWS\System32\USER32.dll
0x00007ffc60800000 - 0x00007ffc60827000 	C:\WINDOWS\System32\win32u.dll
0x00007ffc627e0000 - 0x00007ffc6280a000 	C:\WINDOWS\System32\GDI32.dll
0x00007ffc3cf50000 - 0x00007ffc3d1e7000 	C:\WINDOWS\WinSxS\amd64_microsoft.windows.common-controls_6595b64144ccf1df_6.0.26100.3624_none_3e086962e3345f24\COMCTL32.dll
0x00007ffc60bb0000 - 0x00007ffc60ce1000 	C:\WINDOWS\System32\gdi32full.dll
0x00007ffc63270000 - 0x00007ffc63319000 	C:\WINDOWS\System32\msvcrt.dll
0x00007ffc60b00000 - 0x00007ffc60ba3000 	C:\WINDOWS\System32\msvcp_win.dll
0x00007ffc61fb0000 - 0x00007ffc61fdf000 	C:\WINDOWS\System32\IMM32.DLL
0x00007ffc489d0000 - 0x00007ffc489dc000 	C:\Program Files\Amazon Corretto\jdk17.0.13_11\bin\vcruntime140_1.dll
0x00007ffc42950000 - 0x00007ffc429dd000 	C:\Program Files\Amazon Corretto\jdk17.0.13_11\bin\msvcp140.dll
0x00007ffbb35c0000 - 0x00007ffbb422c000 	C:\Program Files\Amazon Corretto\jdk17.0.13_11\bin\server\jvm.dll
0x00007ffc61df0000 - 0x00007ffc61ea2000 	C:\WINDOWS\System32\ADVAPI32.dll
0x00007ffc63080000 - 0x00007ffc63126000 	C:\WINDOWS\System32\sechost.dll
0x00007ffc63150000 - 0x00007ffc63266000 	C:\WINDOWS\System32\RPCRT4.dll
0x00007ffc62760000 - 0x00007ffc627d4000 	C:\WINDOWS\System32\WS2_32.dll
0x00007ffc5f490000 - 0x00007ffc5f4ee000 	C:\WINDOWS\SYSTEM32\POWRPROF.dll
0x00007ffc546b0000 - 0x00007ffc546e6000 	C:\WINDOWS\SYSTEM32\WINMM.dll
0x00007ffc56b70000 - 0x00007ffc56b7b000 	C:\WINDOWS\SYSTEM32\VERSION.dll
0x00007ffc5f470000 - 0x00007ffc5f484000 	C:\WINDOWS\SYSTEM32\UMPDC.dll
0x00007ffc5f730000 - 0x00007ffc5f74a000 	C:\WINDOWS\SYSTEM32\kernel.appcore.dll
0x00007ffc42940000 - 0x00007ffc4294a000 	C:\Program Files\Amazon Corretto\jdk17.0.13_11\bin\jimage.dll
0x00007ffc5dfc0000 - 0x00007ffc5e201000 	C:\WINDOWS\SYSTEM32\DBGHELP.DLL
0x00007ffc62810000 - 0x00007ffc62b92000 	C:\WINDOWS\System32\combase.dll
0x00007ffc61420000 - 0x00007ffc614f6000 	C:\WINDOWS\System32\OLEAUT32.dll
0x00007ffc4a560000 - 0x00007ffc4a599000 	C:\WINDOWS\SYSTEM32\dbgcore.DLL
0x00007ffc61380000 - 0x00007ffc61419000 	C:\WINDOWS\System32\bcryptPrimitives.dll
0x00007ffc426f0000 - 0x00007ffc426fe000 	C:\Program Files\Amazon Corretto\jdk17.0.13_11\bin\instrument.dll
0x00007ffc42910000 - 0x00007ffc42935000 	C:\Program Files\Amazon Corretto\jdk17.0.13_11\bin\java.dll
0x00007ffc42830000 - 0x00007ffc42907000 	C:\Program Files\Amazon Corretto\jdk17.0.13_11\bin\jsvml.dll
0x00007ffc62020000 - 0x00007ffc62749000 	C:\WINDOWS\System32\SHELL32.dll
0x00007ffc61210000 - 0x00007ffc61378000 	C:\WINDOWS\System32\wintypes.dll
0x00007ffc5e4c0000 - 0x00007ffc5ed12000 	C:\WINDOWS\SYSTEM32\windows.storage.dll
0x00007ffc615b0000 - 0x00007ffc6169d000 	C:\WINDOWS\System32\SHCORE.dll
0x00007ffc62d60000 - 0x00007ffc62dc4000 	C:\WINDOWS\System32\shlwapi.dll
0x00007ffc60710000 - 0x00007ffc6073f000 	C:\WINDOWS\SYSTEM32\profapi.dll
0x00007ffc427d0000 - 0x00007ffc427e8000 	C:\Program Files\Amazon Corretto\jdk17.0.13_11\bin\zip.dll
0x00007ffc42810000 - 0x00007ffc42829000 	C:\Program Files\Amazon Corretto\jdk17.0.13_11\bin\net.dll
0x00007ffc571d0000 - 0x00007ffc572ed000 	C:\WINDOWS\SYSTEM32\WINHTTP.dll
0x00007ffc5fc50000 - 0x00007ffc5fcba000 	C:\WINDOWS\system32\mswsock.dll
0x00007ffc427f0000 - 0x00007ffc42806000 	C:\Program Files\Amazon Corretto\jdk17.0.13_11\bin\nio.dll
0x00007ffc427c0000 - 0x00007ffc427d0000 	C:\Program Files\Amazon Corretto\jdk17.0.13_11\bin\verify.dll
0x00007ffc42790000 - 0x00007ffc427b7000 	C:\Users\Asus\.gradle\native\68d5fa5c4cc2d200863cafc0d521ce42e7d3e7ee720ec0a83991735586a16f82\windows-amd64\native-platform.dll
0x00007ffbee200000 - 0x00007ffbee344000 	C:\Users\Asus\.gradle\native\e376f236ea51e6404a007f0833ffe2c6e607c4080706a723a18a27aeea778392\windows-amd64\native-platform-file-events.dll
0x00007ffc42770000 - 0x00007ffc42779000 	C:\Program Files\Amazon Corretto\jdk17.0.13_11\bin\management.dll
0x00007ffc42760000 - 0x00007ffc4276b000 	C:\Program Files\Amazon Corretto\jdk17.0.13_11\bin\management_ext.dll
0x00007ffc61770000 - 0x00007ffc61778000 	C:\WINDOWS\System32\PSAPI.DLL
0x00007ffc5fef0000 - 0x00007ffc5ff0c000 	C:\WINDOWS\SYSTEM32\CRYPTSP.dll
0x00007ffc5f690000 - 0x00007ffc5f6ca000 	C:\WINDOWS\system32\rsaenh.dll
0x00007ffc5fcf0000 - 0x00007ffc5fd1b000 	C:\WINDOWS\SYSTEM32\USERENV.dll
0x00007ffc606e0000 - 0x00007ffc60706000 	C:\WINDOWS\SYSTEM32\bcrypt.dll
0x00007ffc5ff10000 - 0x00007ffc5ff1c000 	C:\WINDOWS\SYSTEM32\CRYPTBASE.dll
0x00007ffc5f180000 - 0x00007ffc5f1b3000 	C:\WINDOWS\SYSTEM32\IPHLPAPI.DLL
0x00007ffc63140000 - 0x00007ffc6314a000 	C:\WINDOWS\System32\NSI.dll
0x00007ffc58520000 - 0x00007ffc5853f000 	C:\WINDOWS\SYSTEM32\dhcpcsvc6.DLL
0x00007ffc584f0000 - 0x00007ffc58515000 	C:\WINDOWS\SYSTEM32\dhcpcsvc.DLL
0x00007ffc5f1c0000 - 0x00007ffc5f2e5000 	C:\WINDOWS\SYSTEM32\DNSAPI.dll
0x00007ffc42700000 - 0x00007ffc42709000 	C:\Program Files\Amazon Corretto\jdk17.0.13_11\bin\extnet.dll
0x00007ffc42580000 - 0x00007ffc4258e000 	C:\Program Files\Amazon Corretto\jdk17.0.13_11\bin\sunmscapi.dll
0x00007ffc60980000 - 0x00007ffc60af7000 	C:\WINDOWS\System32\CRYPT32.dll
0x00007ffc600f0000 - 0x00007ffc60120000 	C:\WINDOWS\SYSTEM32\ncrypt.dll
0x00007ffc600a0000 - 0x00007ffc600df000 	C:\WINDOWS\SYSTEM32\NTASN1.dll
0x00007ffc364a0000 - 0x00007ffc364a8000 	C:\WINDOWS\system32\wshunix.dll
0x00007ffc56a50000 - 0x00007ffc56a5b000 	C:\Windows\System32\rasadhlp.dll
0x00007ffc58750000 - 0x00007ffc587d5000 	C:\WINDOWS\System32\fwpuclnt.dll
0x00007ffc35100000 - 0x00007ffc35118000 	C:\WINDOWS\system32\napinsp.dll
0x00007ffc35020000 - 0x00007ffc35032000 	C:\WINDOWS\System32\winrnr.dll
0x00007ffc34fa0000 - 0x00007ffc34fd0000 	C:\WINDOWS\system32\nlansp_c.dll
0x00007ffc34f80000 - 0x00007ffc34f96000 	C:\WINDOWS\system32\wshbth.dll
0x00007ffc5f850000 - 0x00007ffc5f885000 	C:\WINDOWS\SYSTEM32\ntmarta.dll
0x00007ffc42640000 - 0x00007ffc4265e000 	C:\Users\Asus\AppData\Local\Temp\native-platform10699646775419267187dir\native-platform.dll
0x00007ffc489e0000 - 0x00007ffc489e7000 	C:\Program Files\Amazon Corretto\jdk17.0.13_11\bin\rmi.dll
0x00007ffc5acd0000 - 0x00007ffc5ad6c000 	C:\WINDOWS\system32\apphelp.dll

dbghelp: loaded successfully - version: 4.0.5 - missing functions: none
symbol engine: initialized successfully - sym options: 0x614 - pdb path: .;C:\Program Files\Amazon Corretto\jdk17.0.13_11\bin;C:\WINDOWS\SYSTEM32;C:\Program Files\AVG\Antivirus;C:\WINDOWS\WinSxS\amd64_microsoft.windows.common-controls_6595b64144ccf1df_6.0.26100.3624_none_3e086962e3345f24;C:\Program Files\Amazon Corretto\jdk17.0.13_11\bin\server;C:\Users\Asus\.gradle\native\68d5fa5c4cc2d200863cafc0d521ce42e7d3e7ee720ec0a83991735586a16f82\windows-amd64;C:\Users\Asus\.gradle\native\e376f236ea51e6404a007f0833ffe2c6e607c4080706a723a18a27aeea778392\windows-amd64;C:\Users\Asus\AppData\Local\Temp\native-platform10699646775419267187dir

VM Arguments:
jvm_args: -XX:MaxMetaspaceSize=512m --add-opens=java.base/java.util=ALL-UNNAMED --add-opens=java.base/java.lang=ALL-UNNAMED --add-opens=java.base/java.lang.invoke=ALL-UNNAMED --add-opens=java.prefs/java.util.prefs=ALL-UNNAMED --add-opens=java.base/java.nio.charset=ALL-UNNAMED --add-opens=java.base/java.net=ALL-UNNAMED --add-opens=java.base/java.util.concurrent.atomic=ALL-UNNAMED -Xmx2048m -Dfile.encoding=windows-1252 -Duser.country=US -Duser.language=en -Duser.variant -javaagent:C:\Users\Asus\.gradle\wrapper\dists\gradle-8.3-all\6en3ugtfdg5xnpx44z4qbwgas\gradle-8.3\lib\agents\gradle-instrumentation-agent-8.3.jar 
java_command: org.gradle.launcher.daemon.bootstrap.GradleDaemon 8.3
java_class_path (initial): C:\Users\Asus\.gradle\wrapper\dists\gradle-8.3-all\6en3ugtfdg5xnpx44z4qbwgas\gradle-8.3\lib\gradle-launcher-8.3.jar
Launcher Type: SUN_STANDARD

[Global flags]
     intx CICompilerCount                          = 12                                        {product} {ergonomic}
   size_t CompressedClassSpaceSize                 = 436207616                                 {product} {ergonomic}
     uint ConcGCThreads                            = 4                                         {product} {ergonomic}
     uint G1ConcRefinementThreads                  = 15                                        {product} {ergonomic}
   size_t G1HeapRegionSize                         = 1048576                                   {product} {ergonomic}
    uintx GCDrainStackTargetSize                   = 64                                        {product} {ergonomic}
   size_t InitialHeapSize                          = 264241152                                 {product} {ergonomic}
   size_t MarkStackSize                            = 4194304                                   {product} {ergonomic}
   size_t MaxHeapSize                              = 2147483648                                {product} {command line}
   size_t MaxMetaspaceSize                         = 536870912                                 {product} {command line}
   size_t MaxNewSize                               = 1287651328                                {product} {ergonomic}
   size_t MinHeapDeltaBytes                        = 1048576                                   {product} {ergonomic}
   size_t MinHeapSize                              = 8388608                                   {product} {ergonomic}
    uintx NonNMethodCodeHeapSize                   = 7602480                                {pd product} {ergonomic}
    uintx NonProfiledCodeHeapSize                  = 122027880                              {pd product} {ergonomic}
    uintx ProfiledCodeHeapSize                     = 122027880                              {pd product} {ergonomic}
    uintx ReservedCodeCacheSize                    = 251658240                              {pd product} {ergonomic}
     bool SegmentedCodeCache                       = true                                      {product} {ergonomic}
   size_t SoftMaxHeapSize                          = 2147483648                             {manageable} {ergonomic}
     bool UseCompressedClassPointers               = true                           {product lp64_product} {ergonomic}
     bool UseCompressedOops                        = true                           {product lp64_product} {ergonomic}
     bool UseG1GC                                  = true                                      {product} {ergonomic}
     bool UseLargePagesIndividualAllocation        = false                                  {pd product} {ergonomic}

Logging:
Log output configuration:
 #0: stdout all=warning uptime,level,tags
 #1: stderr all=off uptime,level,tags

Environment Variables:
JAVA_HOME=C:\Program Files\Amazon Corretto\jdk17.0.13_11
CLASSPATH=C:\Users\Asus\MAD\AwesomeProject\android\\gradle\wrapper\gradle-wrapper.jar
PATH=C:\Users\Asus\MAD\AwesomeProject\node_modules\.bin;C:\Users\Asus\MAD\node_modules\.bin;C:\Users\Asus\node_modules\.bin;C:\Users\node_modules\.bin;C:\node_modules\.bin;C:\node_modules\npm\node_modules\@npmcli\run-script\lib\node-gyp-bin;C:\Program Files\Python313\Scripts\;C:\Program Files\Python313\;C:\Program Files\Amazon Corretto\jdk17.0.13_11\bin;C:\WINDOWS\system32;C:\WINDOWS;C:\WINDOWS\System32\Wbem;C:\WINDOWS\System32\WindowsPowerShell\v1.0\;C:\WINDOWS\System32\OpenSSH\;C:\Program Files\dotnet\;C:\Program Files\Git\cmd;C:\;C:\Users\Asus\AppData\Local\Microsoft\WindowsApps;C:\Users\Asus\.dotnet\tools;C:\Users\Asus\AppData\Local\Programs\Microsoft VS Code\bin;C:\Users\Asus\AppData\Local\Android\Sdk\platform-tools;C:\Users\Asus\AppData\Local\Android\Sdk\emulator;C:\Users\Asus\AppData\Roaming\npm;C:\Program Files\MongoDB\mongosh-2.4.2-win32-x64\bin;
USERNAME=Apiya
OS=Windows_NT
PROCESSOR_IDENTIFIER=Intel64 Family 6 Model 154 Stepping 3, GenuineIntel
TMP=C:\Users\Asus\AppData\Local\Temp
TEMP=C:\Users\Asus\AppData\Local\Temp



Periodic native trim disabled


---------------  S Y S T E M  ---------------

OS:
 Windows 11 , 64 bit Build 26100 (10.0.26100.3775)
OS uptime: 0 days 0:39 hours

CPU: total 20 (initial active 20) (10 cores per cpu, 2 threads per core) family 6 model 154 stepping 3 microcode 0x41b, cx8, cmov, fxsr, ht, mmx, 3dnowpref, sse, sse2, sse3, ssse3, sse4.1, sse4.2, popcnt, lzcnt, tsc, tscinvbit, avx, avx2, aes, erms, clmul, bmi1, bmi2, adx, sha, fma, vzeroupper, clflush, clflushopt, clwb
Processor Information for processor 0
  Max Mhz: 2300, Current Mhz: 2300, Mhz Limit: 2300
Processor Information for processor 1
  Max Mhz: 2300, Current Mhz: 2300, Mhz Limit: 2300
Processor Information for processor 2
  Max Mhz: 2300, Current Mhz: 2300, Mhz Limit: 2300
Processor Information for processor 3
  Max Mhz: 2300, Current Mhz: 2300, Mhz Limit: 2300
Processor Information for processor 4
  Max Mhz: 2300, Current Mhz: 2300, Mhz Limit: 2300
Processor Information for processor 5
  Max Mhz: 2300, Current Mhz: 2300, Mhz Limit: 2300
Processor Information for processor 6
  Max Mhz: 2300, Current Mhz: 2300, Mhz Limit: 2300
Processor Information for processor 7
  Max Mhz: 2300, Current Mhz: 2300, Mhz Limit: 2300
Processor Information for processor 8
  Max Mhz: 2300, Current Mhz: 2300, Mhz Limit: 2300
Processor Information for processor 9
  Max Mhz: 2300, Current Mhz: 2300, Mhz Limit: 2300
Processor Information for processor 10
  Max Mhz: 2300, Current Mhz: 2300, Mhz Limit: 2300
Processor Information for processor 11
  Max Mhz: 2300, Current Mhz: 2300, Mhz Limit: 2300
Processor Information for processor 12
  Max Mhz: 2300, Current Mhz: 1700, Mhz Limit: 1679
Processor Information for processor 13
  Max Mhz: 2300, Current Mhz: 1500, Mhz Limit: 1679
Processor Information for processor 14
  Max Mhz: 2300, Current Mhz: 1500, Mhz Limit: 1679
Processor Information for processor 15
  Max Mhz: 2300, Current Mhz: 1500, Mhz Limit: 1679
Processor Information for processor 16
  Max Mhz: 2300, Current Mhz: 1500, Mhz Limit: 1679
Processor Information for processor 17
  Max Mhz: 2300, Current Mhz: 1500, Mhz Limit: 1679
Processor Information for processor 18
  Max Mhz: 2300, Current Mhz: 1700, Mhz Limit: 1679
Processor Information for processor 19
  Max Mhz: 2300, Current Mhz: 1700, Mhz Limit: 1679

Memory: 4k page, system-wide physical 16007M (528M free)
TotalPageFile size 24199M (AvailPageFile size 9M)
current process WorkingSet (physical memory assigned to process): 821M, peak: 966M
current process commit charge ("private bytes"): 1268M, peak: 1279M

vm_info: OpenJDK 64-Bit Server VM (17.0.13+11-LTS) for windows-amd64 JRE (17.0.13+11-LTS), built on Oct 10 2024 19:51:30 by "Administrator" with MS VC++ 16.10 / 16.11 (VS2019)

END.
