#
# There is insufficient memory for the Java Runtime Environment to continue.
# Native memory allocation (mmap) failed to map 701497344 bytes. Error detail: G1 virtual space
# Possible reasons:
#   The system is out of physical RAM or swap space
#   This process is running with CompressedOops enabled, and the Java Heap may be blocking the growth of the native heap
# Possible solutions:
#   Reduce memory load on the system
#   Increase physical memory or swap space
#   Check if swap backing store is full
#   Decrease Java heap size (-Xmx/-Xms)
#   Decrease number of Java threads
#   Decrease Java thread stack sizes (-Xss)
#   Set larger code cache with -XX:ReservedCodeCacheSize=
#   JVM is running with Unscaled Compressed Oops mode in which the Java heap is
#     placed in the first 4GB address space. The Java Heap base address is the
#     maximum limit for the native heap growth. Please use -XX:HeapBaseMinAddress
#     to set the Java Heap base and to place the Java Heap above 4GB virtual address.
# This output file may be truncated or incomplete.
#
#  Out of Memory Error (os_windows.cpp:3614), pid=4396, tid=23024
#
# JRE version: OpenJDK Runtime Environment Corretto-17.0.13.11.1 (17.0.13+11) (build 17.0.13+11-LTS)
# Java VM: OpenJDK 64-Bit Server VM Corretto-17.0.13.11.1 (17.0.13+11-LTS, mixed mode, sharing, tiered, compressed oops, compressed class ptrs, g1 gc, windows-amd64)
# No core dump will be written. Minidumps are not enabled by default on client versions of Windows
#

---------------  S U M M A R Y ------------

Command Line: -XX:MaxMetaspaceSize=512m --add-opens=java.base/java.util=ALL-UNNAMED --add-opens=java.base/java.lang=ALL-UNNAMED --add-opens=java.base/java.lang.invoke=ALL-UNNAMED --add-opens=java.prefs/java.util.prefs=ALL-UNNAMED --add-opens=java.base/java.nio.charset=ALL-UNNAMED --add-opens=java.base/java.net=ALL-UNNAMED --add-opens=java.base/java.util.concurrent.atomic=ALL-UNNAMED -Xmx2048m -Dfile.encoding=windows-1252 -Duser.country=US -Duser.language=en -Duser.variant -javaagent:C:\Users\Asus\.gradle\wrapper\dists\gradle-8.3-all\6en3ugtfdg5xnpx44z4qbwgas\gradle-8.3\lib\agents\gradle-instrumentation-agent-8.3.jar org.gradle.launcher.daemon.bootstrap.GradleDaemon 8.3

Host: 12th Gen Intel(R) Core(TM) i7-12700H, 20 cores, 15G,  Windows 11 , 64 bit Build 26100 (10.0.26100.3775)
Time: Tue Apr 15 13:58:26 2025 Malay Peninsula Standard Time elapsed time: 25.800729 seconds (0d 0h 0m 25s)

---------------  T H R E A D  ---------------

Current thread (0x000001f9729e2af0):  VMThread "VM Thread" [stack: 0x0000008694400000,0x0000008694500000] [id=23024]

Stack: [0x0000008694400000,0x0000008694500000]
Native frames: (J=compiled Java code, j=interpreted, Vv=VM code, C=native code)
V  [jvm.dll+0x680c19]
V  [jvm.dll+0x83888a]
V  [jvm.dll+0x83a34e]
V  [jvm.dll+0x83a9b3]
V  [jvm.dll+0x2481af]
V  [jvm.dll+0x67d959]
V  [jvm.dll+0x67242a]
V  [jvm.dll+0x30813b]
V  [jvm.dll+0x30f626]
V  [jvm.dll+0x35f94e]
V  [jvm.dll+0x35fb8f]
V  [jvm.dll+0x2df0ec]
V  [jvm.dll+0x2dd4af]
V  [jvm.dll+0x2dcbdc]
V  [jvm.dll+0x32037b]
V  [jvm.dll+0x83eead]
V  [jvm.dll+0x83fbf2]
V  [jvm.dll+0x84011f]
V  [jvm.dll+0x840504]
V  [jvm.dll+0x8405d0]
V  [jvm.dll+0x7e7b2c]
V  [jvm.dll+0x67fae7]
C  [ucrtbase.dll+0x37b0]
C  [KERNEL32.DLL+0x2e8d7]
C  [ntdll.dll+0xb14fc]

VM_Operation (0x00000086a76f9f50): G1CollectForAllocation, mode: safepoint, requested by thread 0x000001f97fa69c90


---------------  P R O C E S S  ---------------

Threads class SMR info:
_java_thread_list=0x000001f920731390, length=307, elements={
0x000001f954340db0, 0x000001f9729e5ad0, 0x000001f9729e65a0, 0x000001f9729fbd80,
0x000001f9729fe660, 0x000001f9729fef30, 0x000001f9729ff800, 0x000001f972a00400,
0x000001f972a00d10, 0x000001f972a05640, 0x000001f9729d2a40, 0x000001f973a733d0,
0x000001f979847b20, 0x000001f9793a90b0, 0x000001f9789c6d90, 0x000001f9798a4dc0,
0x000001f979362d50, 0x000001f979363230, 0x000001f979899220, 0x000001f978fb4250,
0x000001f978fb3d40, 0x000001f978fb4760, 0x000001f978fb4c70, 0x000001f978fb5180,
0x000001f978fb3320, 0x000001f978fb6ad0, 0x000001f978fb65c0, 0x000001f978fb3830,
0x000001f978fb5690, 0x000001f97a2fc810, 0x000001f97a2fbdf0, 0x000001f97a2faec0,
0x000001f97a2fb3d0, 0x000001f97a2fb8e0, 0x000001f97a2f9060, 0x000001f97a2f9f90,
0x000001f97a2fa9b0, 0x000001f97a2f9570, 0x000001f97a2fd230, 0x000001f97a2f9a80,
0x000001f97a2fd740, 0x000001f97a2feb80, 0x000001f97a2fdc50, 0x000001f97a2ff090,
0x000001f97a2fffc0, 0x000001f97a2ff5a0, 0x000001f97a2ffab0, 0x000001f97a2fe160,
0x000001f97a2fe670, 0x000001f97a3004d0, 0x000001f978fb5ba0, 0x000001f9799bf0c0,
0x000001f9799bcd50, 0x000001f9799bd770, 0x000001f9799bebb0, 0x000001f9799bdc80,
0x000001f9799be190, 0x000001f9799bf5d0, 0x000001f9799bd260, 0x000001f9799c0500,
0x000001f9799bfae0, 0x000001f9799bfff0, 0x000001f9799be6a0, 0x000001f97ae64df0,
0x000001f97ae65300, 0x000001f97ae634a0, 0x000001f97ae65810, 0x000001f97ae62060,
0x000001f97ae639b0, 0x000001f97ae62570, 0x000001f97ae648e0, 0x000001f97ae62a80,
0x000001f97ae62f90, 0x000001f97ae63ec0, 0x000001f97ae643d0, 0x000001f97adbc8e0,
0x000001f97adba060, 0x000001f97adbb4a0, 0x000001f97adbb9b0, 0x000001f97adbd300,
0x000001f97adbbec0, 0x000001f97adbcdf0, 0x000001f97adbc3d0, 0x000001f97adbd810,
0x000001f97adbdd20, 0x000001f97adbaa80, 0x000001f97adba570, 0x000001f97adbe230,
0x000001f97adbfb80, 0x000001f97adbe740, 0x000001f97adbf160, 0x000001f97adc0090,
0x000001f97adc14d0, 0x000001f97adbec50, 0x000001f97adbf670, 0x000001f97adc05a0,
0x000001f97adc0ab0, 0x000001f97adc19e0, 0x000001f97adc0fc0, 0x000001f97d35d4b0,
0x000001f97d35e8f0, 0x000001f97d35d9c0, 0x000001f97d35ded0, 0x000001f97d35f310,
0x000001f97d35fd30, 0x000001f97d360240, 0x000001f97d35ee00, 0x000001f97d35cfa0,
0x000001f97d360750, 0x000001f97d35f820, 0x000001f97d35e3e0, 0x000001f97d4edf80,
0x000001f97d4eda70, 0x000001f97d4ed050, 0x000001f97d4ef8d0, 0x000001f97d4ecb40,
0x000001f97d4ed560, 0x000001f97d4ee490, 0x000001f97d4ee9a0, 0x000001f97d4eeeb0,
0x000001f97d4ef3c0, 0x000001f97d4ec120, 0x000001f97d4efde0, 0x000001f97d4ec630,
0x000001f97d4f2150, 0x000001f97d4f1220, 0x000001f97d4f1730, 0x000001f97d4f2b70,
0x000001f97d4f1c40, 0x000001f97d4f2660, 0x000001f97d4f0800, 0x000001f97d4f3080,
0x000001f97d4f3590, 0x000001f97d4f3aa0, 0x000001f97d4f02f0, 0x000001f97d4f0d10,
0x000001f97d53d750, 0x000001f97d53aed0, 0x000001f97d53b8f0, 0x000001f97d53a9c0,
0x000001f97d539fa0, 0x000001f97d53b3e0, 0x000001f97d53be00, 0x000001f97d53c310,
0x000001f97d53c820, 0x000001f97d53cd30, 0x000001f97d53d240, 0x000001f97d53dc60,
0x000001f97d53a4b0, 0x000001f97d5404e0, 0x000001f97d541920, 0x000001f97d53ffd0,
0x000001f97d53f5b0, 0x000001f9780af280, 0x000001f9780af790, 0x000001f9780afca0,
0x000001f9780b01b0, 0x000001f9780b10e0, 0x000001f9780b15f0, 0x000001f9780b0bd0,
0x000001f9780b06c0, 0x000001f9780ade40, 0x000001f9780b1b00, 0x000001f9780ae350,
0x000001f9780b2010, 0x000001f9780aed70, 0x000001f9780ae860, 0x000001f9780b2520,
0x000001f9780b4890, 0x000001f9780b2f40, 0x000001f9780b3450, 0x000001f9780b3960,
0x000001f9780b3e70, 0x000001f9780b57c0, 0x000001f9780b52b0, 0x000001f9780b4da0,
0x000001f97e01acf0, 0x000001f97e01a7e0, 0x000001f97e01a2d0, 0x000001f97e01c640,
0x000001f97e0193a0, 0x000001f97e01c130, 0x000001f97e018e90, 0x000001f97e01b200,
0x000001f97e0198b0, 0x000001f97e01d570, 0x000001f97e01cb50, 0x000001f97e01d060,
0x000001f97e01b710, 0x000001f978c6bde0, 0x000001f97e01df90, 0x000001f97e01eec0,
0x000001f97e01f3d0, 0x000001f97e01f8e0, 0x000001f97e01e4a0, 0x000001f97e020300,
0x000001f97e020810, 0x000001f978fb60b0, 0x000001f97ee42440, 0x000001f97ee40af0,
0x000001f97ee41f30, 0x000001f97ee43370, 0x000001f97ee43880, 0x000001f97ee405e0,
0x000001f97ee400d0, 0x000001f97ee42e60, 0x000001f97ee447b0, 0x000001f97ee41510,
0x000001f97ee42950, 0x000001f97ee43d90, 0x000001f97ee442a0, 0x000001f97ee451d0,
0x000001f97ee41a20, 0x000001f97ee47540, 0x000001f97ee47a50, 0x000001f97ee456e0,
0x000001f97ee47030, 0x000001f97ee45bf0, 0x000001f97ee46100, 0x000001f97ee46610,
0x000001f97ee46b20, 0x000001f97e3c93b0, 0x000001f97e3c5c00, 0x000001f97e3c6110,
0x000001f97e3c7a60, 0x000001f97e3c7550, 0x000001f97e3c8ea0, 0x000001f97e3c98c0,
0x000001f97e3c9dd0, 0x000001f97e3c6620, 0x000001f97e3c7f70, 0x000001f97e3ca2e0,
0x000001f97e3c6b30, 0x000001f97e3ca7f0, 0x000001f97e3c7040, 0x000001f97e3cb720,
0x000001f97e3cad00, 0x000001f97e3cb210, 0x000001f97e3cbc30, 0x000001f97e3c8480,
0x000001f97e3cc140, 0x000001f97e3c8990, 0x000001f97e3ccb60, 0x000001f97e3cc650,
0x000001f97e3d0310, 0x000001f97e3cdfa0, 0x000001f97e3d0820, 0x000001f97e3cd070,
0x000001f97e3d0d30, 0x000001f97e3ce9c0, 0x000001f97e3ce4b0, 0x000001f97e3cd580,
0x000001f97e3d1240, 0x000001f97e3d1750, 0x000001f97e3d2680, 0x000001f97e3cf8f0,
0x000001f97e3d1c60, 0x000001f97e3d2170, 0x000001f97e3ceed0, 0x000001f97e3d2b90,
0x000001f97e3cf3e0, 0x000001f97e3d30a0, 0x000001f97e3d35b0, 0x000001f978c6edb0,
0x000001f978c6ddc0, 0x000001f978c6c330, 0x000001f97e3d4f00, 0x000001f97e3d5410,
0x000001f97e3d44e0, 0x000001f97e3d3ac0, 0x000001f97e3d49f0, 0x000001f97fa65ac0,
0x000001f97fa65fd0, 0x000001f97fa655b0, 0x000001f97fa664e0, 0x000001f97fa68850,
0x000001f97fa669f0, 0x000001f97fa66f00, 0x000001f97fa67410, 0x000001f97fa650a0,
0x000001f97fa69270, 0x000001f97fa69780, 0x000001f97fa67e30, 0x000001f97fa69c90,
0x000001f97fa68d60, 0x000001f97fa6a6b0, 0x000001f97fa67920, 0x000001f97fa6baf0,
0x000001f97fa6b5e0, 0x000001f97fa68340, 0x000001f97fa6b0d0, 0x000001f97fa6d440,
0x000001f97fa6c000, 0x000001f97fa6c510, 0x000001f97fa6abc0, 0x000001f97fa6de60,
0x000001f97fa6d950, 0x000001f97fa6e880, 0x000001f97fa6f2a0, 0x000001f97fa6f7b0,
0x000001f97fa6fcc0, 0x000001f97fa701d0, 0x000001f97fa706e0, 0x000001f97fa6cf30,
0x000001f97fa70bf0, 0x000001f97fa72f60, 0x000001f97fa73e90
}

Java Threads: ( => current thread )
  0x000001f954340db0 JavaThread "main" [_thread_blocked, id=14748, stack(0x0000008693e00000,0x0000008693f00000)]
  0x000001f9729e5ad0 JavaThread "Reference Handler" daemon [_thread_blocked, id=5396, stack(0x0000008694500000,0x0000008694600000)]
  0x000001f9729e65a0 JavaThread "Finalizer" daemon [_thread_blocked, id=6780, stack(0x0000008694600000,0x0000008694700000)]
  0x000001f9729fbd80 JavaThread "Signal Dispatcher" daemon [_thread_blocked, id=15352, stack(0x0000008694700000,0x0000008694800000)]
  0x000001f9729fe660 JavaThread "Attach Listener" daemon [_thread_blocked, id=13408, stack(0x0000008694800000,0x0000008694900000)]
  0x000001f9729fef30 JavaThread "Service Thread" daemon [_thread_blocked, id=19736, stack(0x0000008694900000,0x0000008694a00000)]
  0x000001f9729ff800 JavaThread "Monitor Deflation Thread" daemon [_thread_blocked, id=20408, stack(0x0000008694a00000,0x0000008694b00000)]
  0x000001f972a00400 JavaThread "C2 CompilerThread0" daemon [_thread_blocked, id=5496, stack(0x0000008694b00000,0x0000008694c00000)]
  0x000001f972a00d10 JavaThread "C1 CompilerThread0" daemon [_thread_blocked, id=22932, stack(0x0000008694c00000,0x0000008694d00000)]
  0x000001f972a05640 JavaThread "Sweeper thread" daemon [_thread_blocked, id=20148, stack(0x0000008694d00000,0x0000008694e00000)]
  0x000001f9729d2a40 JavaThread "Common-Cleaner" daemon [_thread_blocked, id=16612, stack(0x0000008694e00000,0x0000008694f00000)]
  0x000001f973a733d0 JavaThread "Notification Thread" daemon [_thread_blocked, id=18108, stack(0x0000008695200000,0x0000008695300000)]
  0x000001f979847b20 JavaThread "Daemon health stats" [_thread_blocked, id=13232, stack(0x0000008695a00000,0x0000008695b00000)]
  0x000001f9793a90b0 JavaThread "Incoming local TCP Connector on port 58597" [_thread_in_native, id=5492, stack(0x0000008695b00000,0x0000008695c00000)]
  0x000001f9789c6d90 JavaThread "Daemon periodic checks" [_thread_blocked, id=6708, stack(0x0000008695c00000,0x0000008695d00000)]
  0x000001f9798a4dc0 JavaThread "Daemon" [_thread_blocked, id=25492, stack(0x0000008695d00000,0x0000008695e00000)]
  0x000001f979362d50 JavaThread "Handler for socket connection from /127.0.0.1:58597 to /127.0.0.1:58598" [_thread_in_native, id=20868, stack(0x0000008695e00000,0x0000008695f00000)]
  0x000001f979363230 JavaThread "Cancel handler" [_thread_blocked, id=14460, stack(0x0000008695f00000,0x0000008696000000)]
  0x000001f979899220 JavaThread "Daemon worker" [_thread_blocked, id=556, stack(0x0000008696000000,0x0000008696100000)]
  0x000001f978fb4250 JavaThread "Asynchronous log dispatcher for DefaultDaemonConnection: socket connection from /127.0.0.1:58597 to /127.0.0.1:58598" [_thread_blocked, id=21780, stack(0x0000008696100000,0x0000008696200000)]
  0x000001f978fb3d40 JavaThread "Stdin handler" [_thread_blocked, id=19240, stack(0x0000008696200000,0x0000008696300000)]
  0x000001f978fb4760 JavaThread "Daemon client event forwarder" [_thread_blocked, id=24404, stack(0x0000008696300000,0x0000008696400000)]
  0x000001f978fb4c70 JavaThread "Cache worker for journal cache (C:\Users\Asus\.gradle\caches\journal-1)" [_thread_blocked, id=15464, stack(0x0000008696400000,0x0000008696500000)]
  0x000001f978fb5180 JavaThread "File lock request listener" [_thread_in_native, id=15796, stack(0x0000008696500000,0x0000008696600000)]
  0x000001f978fb3320 JavaThread "Cache worker for file hash cache (C:\Users\Asus\.gradle\caches\8.3\fileHashes)" [_thread_blocked, id=13460, stack(0x0000008696600000,0x0000008696700000)]
  0x000001f978fb6ad0 JavaThread "File watcher server" daemon [_thread_blocked, id=21088, stack(0x0000008696700000,0x0000008696800000)]
  0x000001f978fb65c0 JavaThread "File watcher consumer" daemon [_thread_blocked, id=2588, stack(0x0000008696800000,0x0000008696900000)]
  0x000001f978fb3830 JavaThread "Cache worker for checksums cache (C:\Users\Asus\MAD\AwesomeProject\android\.gradle\8.3\checksums)" [_thread_blocked, id=3360, stack(0x0000008697200000,0x0000008697300000)]
  0x000001f978fb5690 JavaThread "Cache worker for file hash cache (C:\Users\Asus\MAD\AwesomeProject\android\.gradle\8.3\fileHashes)" [_thread_blocked, id=13548, stack(0x0000008697300000,0x0000008697400000)]
  0x000001f97a2fc810 JavaThread "Cache worker for cache directory md-supplier (C:\Users\Asus\.gradle\caches\8.3\md-supplier)" [_thread_blocked, id=9488, stack(0x0000008697400000,0x0000008697500000)]
  0x000001f97a2fbdf0 JavaThread "Cache worker for file content cache (C:\Users\Asus\.gradle\caches\8.3\fileContent)" [_thread_blocked, id=1392, stack(0x0000008697500000,0x0000008697600000)]
  0x000001f97a2faec0 JavaThread "Cache worker for cache directory md-rule (C:\Users\Asus\.gradle\caches\8.3\md-rule)" [_thread_blocked, id=17332, stack(0x0000008697900000,0x0000008697a00000)]
  0x000001f97a2fb3d0 JavaThread "Cache worker for execution history cache (C:\Users\Asus\.gradle\caches\8.3\executionHistory)" [_thread_blocked, id=8100, stack(0x0000008697a00000,0x0000008697b00000)]
  0x000001f97a2fb8e0 JavaThread "jar transforms" [_thread_blocked, id=23564, stack(0x0000008697b00000,0x0000008697c00000)]
  0x000001f97a2f9060 JavaThread "jar transforms Thread 2" [_thread_blocked, id=17272, stack(0x0000008697c00000,0x0000008697d00000)]
  0x000001f97a2f9f90 JavaThread "jar transforms Thread 3" [_thread_blocked, id=4688, stack(0x0000008697d00000,0x0000008697e00000)]
  0x000001f97a2fa9b0 JavaThread "jar transforms Thread 4" [_thread_blocked, id=25044, stack(0x0000008697e00000,0x0000008697f00000)]
  0x000001f97a2f9570 JavaThread "Cache worker for kotlin-dsl (C:\Users\Asus\.gradle\caches\8.3\kotlin-dsl)" [_thread_blocked, id=4532, stack(0x0000008695400000,0x0000008695500000)]
  0x000001f97a2fd230 JavaThread "jar transforms Thread 5" [_thread_blocked, id=24840, stack(0x0000008697f00000,0x0000008698000000)]
  0x000001f97a2f9a80 JavaThread "jar transforms Thread 6" [_thread_blocked, id=20000, stack(0x0000008698000000,0x0000008698100000)]
  0x000001f97a2fd740 JavaThread "Unconstrained build operations" [_thread_blocked, id=2660, stack(0x0000008698100000,0x0000008698200000)]
  0x000001f97a2feb80 JavaThread "Unconstrained build operations Thread 2" [_thread_blocked, id=22436, stack(0x0000008698200000,0x0000008698300000)]
  0x000001f97a2fdc50 JavaThread "jar transforms Thread 7" [_thread_blocked, id=22480, stack(0x0000008698300000,0x0000008698400000)]
  0x000001f97a2ff090 JavaThread "jar transforms Thread 8" [_thread_blocked, id=14208, stack(0x0000008698400000,0x0000008698500000)]
  0x000001f97a2fffc0 JavaThread "jar transforms Thread 9" [_thread_blocked, id=19360, stack(0x0000008698500000,0x0000008698600000)]
  0x000001f97a2ff5a0 JavaThread "jar transforms Thread 10" [_thread_blocked, id=25176, stack(0x0000008698600000,0x0000008698700000)]
  0x000001f97a2ffab0 JavaThread "jar transforms Thread 11" [_thread_blocked, id=23572, stack(0x0000008698700000,0x0000008698800000)]
  0x000001f97a2fe160 JavaThread "jar transforms Thread 12" [_thread_blocked, id=17936, stack(0x0000008698800000,0x0000008698900000)]
  0x000001f97a2fe670 JavaThread "Cache worker for dependencies-accessors (C:\Users\Asus\MAD\AwesomeProject\android\.gradle\8.3\dependencies-accessors)" [_thread_blocked, id=7960, stack(0x0000008698900000,0x0000008698a00000)]
  0x000001f97a3004d0 JavaThread "Cache worker for Build Output Cleanup Cache (C:\Users\Asus\MAD\AwesomeProject\node_modules\@react-native\gradle-plugin\.gradle\buildOutputCleanup)" [_thread_blocked, id=6452, stack(0x0000008698b00000,0x0000008698c00000)]
  0x000001f978fb5ba0 JavaThread "jar transforms Thread 13" [_thread_blocked, id=25056, stack(0x0000008698c00000,0x0000008698d00000)]
  0x000001f9799bf0c0 JavaThread "jar transforms Thread 14" [_thread_blocked, id=5368, stack(0x0000008698d00000,0x0000008698e00000)]
  0x000001f9799bcd50 JavaThread "Unconstrained build operations Thread 3" [_thread_blocked, id=20228, stack(0x0000008698e00000,0x0000008698f00000)]
  0x000001f9799bd770 JavaThread "Unconstrained build operations Thread 4" [_thread_blocked, id=14904, stack(0x0000008698f00000,0x0000008699000000)]
  0x000001f9799bebb0 JavaThread "Unconstrained build operations Thread 5" [_thread_blocked, id=14500, stack(0x0000008699000000,0x0000008699100000)]
  0x000001f9799bdc80 JavaThread "Unconstrained build operations Thread 6" [_thread_blocked, id=22296, stack(0x0000008699100000,0x0000008699200000)]
  0x000001f9799be190 JavaThread "Unconstrained build operations Thread 7" [_thread_blocked, id=20952, stack(0x0000008699200000,0x0000008699300000)]
  0x000001f9799bf5d0 JavaThread "Unconstrained build operations Thread 8" [_thread_blocked, id=24480, stack(0x0000008699300000,0x0000008699400000)]
  0x000001f9799bd260 JavaThread "Unconstrained build operations Thread 9" [_thread_blocked, id=12444, stack(0x0000008699400000,0x0000008699500000)]
  0x000001f9799c0500 JavaThread "Unconstrained build operations Thread 10" [_thread_blocked, id=21480, stack(0x0000008699500000,0x0000008699600000)]
  0x000001f9799bfae0 JavaThread "Unconstrained build operations Thread 11" [_thread_blocked, id=19864, stack(0x0000008699600000,0x0000008699700000)]
  0x000001f9799bfff0 JavaThread "Unconstrained build operations Thread 12" [_thread_blocked, id=25260, stack(0x0000008699700000,0x0000008699800000)]
  0x000001f9799be6a0 JavaThread "Unconstrained build operations Thread 13" [_thread_blocked, id=23492, stack(0x0000008699800000,0x0000008699900000)]
  0x000001f97ae64df0 JavaThread "Unconstrained build operations Thread 14" [_thread_blocked, id=15440, stack(0x0000008699900000,0x0000008699a00000)]
  0x000001f97ae65300 JavaThread "Unconstrained build operations Thread 15" [_thread_blocked, id=3420, stack(0x0000008699a00000,0x0000008699b00000)]
  0x000001f97ae634a0 JavaThread "Unconstrained build operations Thread 16" [_thread_blocked, id=10368, stack(0x0000008699b00000,0x0000008699c00000)]
  0x000001f97ae65810 JavaThread "Unconstrained build operations Thread 17" [_thread_blocked, id=576, stack(0x0000008699c00000,0x0000008699d00000)]
  0x000001f97ae62060 JavaThread "Unconstrained build operations Thread 18" [_thread_blocked, id=18280, stack(0x0000008699d00000,0x0000008699e00000)]
  0x000001f97ae639b0 JavaThread "Unconstrained build operations Thread 19" [_thread_blocked, id=19952, stack(0x0000008699e00000,0x0000008699f00000)]
  0x000001f97ae62570 JavaThread "Unconstrained build operations Thread 20" [_thread_blocked, id=9600, stack(0x0000008699f00000,0x000000869a000000)]
  0x000001f97ae648e0 JavaThread "Unconstrained build operations Thread 21" [_thread_blocked, id=19504, stack(0x000000869a000000,0x000000869a100000)]
  0x000001f97ae62a80 JavaThread "jar transforms Thread 15" [_thread_blocked, id=25052, stack(0x000000869a100000,0x000000869a200000)]
  0x000001f97ae62f90 JavaThread "jar transforms Thread 16" [_thread_blocked, id=16848, stack(0x000000869a200000,0x000000869a300000)]
  0x000001f97ae63ec0 JavaThread "jar transforms Thread 17" [_thread_blocked, id=6812, stack(0x000000869a300000,0x000000869a400000)]
  0x000001f97ae643d0 JavaThread "jar transforms Thread 18" [_thread_blocked, id=11756, stack(0x000000869a400000,0x000000869a500000)]
  0x000001f97adbc8e0 JavaThread "jar transforms Thread 19" [_thread_blocked, id=4824, stack(0x000000869a500000,0x000000869a600000)]
  0x000001f97adba060 JavaThread "jar transforms Thread 20" [_thread_blocked, id=4684, stack(0x000000869a600000,0x000000869a700000)]
  0x000001f97adbb4a0 JavaThread "Memory manager" [_thread_blocked, id=21552, stack(0x000000869a700000,0x000000869a800000)]
  0x000001f97adbb9b0 JavaThread "Cache worker for Build Output Cleanup Cache (C:\Users\Asus\MAD\AwesomeProject\android\.gradle\buildOutputCleanup)" [_thread_blocked, id=14456, stack(0x000000869a800000,0x000000869a900000)]
  0x000001f97adbd300 JavaThread "ForkJoinPool.commonPool-worker-1" daemon [_thread_blocked, id=17616, stack(0x000000869a900000,0x000000869aa00000)]
  0x000001f97adbbec0 JavaThread "ForkJoinPool.commonPool-worker-2" daemon [_thread_blocked, id=19372, stack(0x000000869aa00000,0x000000869ab00000)]
  0x000001f97adbcdf0 JavaThread "ForkJoinPool.commonPool-worker-3" daemon [_thread_blocked, id=24804, stack(0x000000869ab00000,0x000000869ac00000)]
  0x000001f97adbc3d0 JavaThread "ForkJoinPool.commonPool-worker-4" daemon [_thread_blocked, id=1908, stack(0x000000869ac00000,0x000000869ad00000)]
  0x000001f97adbd810 JavaThread "ForkJoinPool.commonPool-worker-5" daemon [_thread_blocked, id=21388, stack(0x000000869ad00000,0x000000869ae00000)]
  0x000001f97adbdd20 JavaThread "ForkJoinPool.commonPool-worker-6" daemon [_thread_blocked, id=19824, stack(0x000000869ae00000,0x000000869af00000)]
  0x000001f97adbaa80 JavaThread "ForkJoinPool.commonPool-worker-7" daemon [_thread_blocked, id=24092, stack(0x000000869af00000,0x000000869b000000)]
  0x000001f97adba570 JavaThread "ForkJoinPool.commonPool-worker-9" daemon [_thread_blocked, id=448, stack(0x000000869b000000,0x000000869b100000)]
  0x000001f97adbe230 JavaThread "ForkJoinPool.commonPool-worker-8" daemon [_thread_blocked, id=20284, stack(0x000000869b100000,0x000000869b200000)]
  0x000001f97adbfb80 JavaThread "ForkJoinPool.commonPool-worker-10" daemon [_thread_blocked, id=23580, stack(0x000000869b200000,0x000000869b300000)]
  0x000001f97adbe740 JavaThread "ForkJoinPool.commonPool-worker-11" daemon [_thread_blocked, id=11996, stack(0x000000869b300000,0x000000869b400000)]
  0x000001f97adbf160 JavaThread "included builds" [_thread_blocked, id=17072, stack(0x000000869b400000,0x000000869b500000)]
  0x000001f97adc0090 JavaThread "Execution worker" [_thread_blocked, id=20808, stack(0x000000869b500000,0x000000869b600000)]
  0x000001f97adc14d0 JavaThread "Execution worker Thread 2" [_thread_blocked, id=21548, stack(0x000000869b600000,0x000000869b700000)]
  0x000001f97adbec50 JavaThread "Execution worker Thread 3" [_thread_blocked, id=3592, stack(0x000000869b700000,0x000000869b800000)]
  0x000001f97adbf670 JavaThread "Execution worker Thread 4" [_thread_blocked, id=1912, stack(0x000000869b800000,0x000000869b900000)]
  0x000001f97adc05a0 JavaThread "Execution worker Thread 5" [_thread_blocked, id=23792, stack(0x000000869b900000,0x000000869ba00000)]
  0x000001f97adc0ab0 JavaThread "Execution worker Thread 6" [_thread_blocked, id=1276, stack(0x000000869ba00000,0x000000869bb00000)]
  0x000001f97adc19e0 JavaThread "Execution worker Thread 7" [_thread_blocked, id=4908, stack(0x000000869bb00000,0x000000869bc00000)]
  0x000001f97adc0fc0 JavaThread "Execution worker Thread 8" [_thread_blocked, id=17264, stack(0x000000869bc00000,0x000000869bd00000)]
  0x000001f97d35d4b0 JavaThread "Execution worker Thread 9" [_thread_blocked, id=21628, stack(0x000000869bd00000,0x000000869be00000)]
  0x000001f97d35e8f0 JavaThread "Execution worker Thread 10" [_thread_blocked, id=16108, stack(0x000000869be00000,0x000000869bf00000)]
  0x000001f97d35d9c0 JavaThread "Execution worker Thread 11" [_thread_blocked, id=15608, stack(0x000000869bf00000,0x000000869c000000)]
  0x000001f97d35ded0 JavaThread "Execution worker Thread 12" [_thread_blocked, id=11556, stack(0x000000869c000000,0x000000869c100000)]
  0x000001f97d35f310 JavaThread "Execution worker Thread 13" [_thread_blocked, id=20844, stack(0x000000869c100000,0x000000869c200000)]
  0x000001f97d35fd30 JavaThread "Execution worker Thread 14" [_thread_blocked, id=15636, stack(0x000000869c200000,0x000000869c300000)]
  0x000001f97d360240 JavaThread "Execution worker Thread 15" [_thread_blocked, id=21336, stack(0x000000869c300000,0x000000869c400000)]
  0x000001f97d35ee00 JavaThread "Execution worker Thread 16" [_thread_blocked, id=21556, stack(0x000000869c400000,0x000000869c500000)]
  0x000001f97d35cfa0 JavaThread "Execution worker Thread 17" [_thread_blocked, id=9144, stack(0x000000869c500000,0x000000869c600000)]
  0x000001f97d360750 JavaThread "Execution worker Thread 18" [_thread_blocked, id=2016, stack(0x000000869c600000,0x000000869c700000)]
  0x000001f97d35f820 JavaThread "Execution worker Thread 19" [_thread_blocked, id=16336, stack(0x000000869c700000,0x000000869c800000)]
  0x000001f97d35e3e0 JavaThread "Cache worker for execution history cache (C:\Users\Asus\MAD\AwesomeProject\node_modules\@react-native\gradle-plugin\.gradle\8.3\executionHistory)" [_thread_blocked, id=19776, stack(0x000000869c800000,0x000000869c900000)]
  0x000001f97d4edf80 JavaThread "Unconstrained build operations Thread 22" [_thread_blocked, id=20036, stack(0x000000869c900000,0x000000869ca00000)]
  0x000001f97d4eda70 JavaThread "Unconstrained build operations Thread 23" [_thread_blocked, id=19184, stack(0x000000869ca00000,0x000000869cb00000)]
  0x000001f97d4ed050 JavaThread "Unconstrained build operations Thread 24" [_thread_blocked, id=18532, stack(0x000000869cb00000,0x000000869cc00000)]
  0x000001f97d4ef8d0 JavaThread "Unconstrained build operations Thread 25" [_thread_blocked, id=10500, stack(0x000000869cc00000,0x000000869cd00000)]
  0x000001f97d4ecb40 JavaThread "Unconstrained build operations Thread 26" [_thread_blocked, id=21928, stack(0x000000869cd00000,0x000000869ce00000)]
  0x000001f97d4ed560 JavaThread "Unconstrained build operations Thread 27" [_thread_blocked, id=8772, stack(0x000000869ce00000,0x000000869cf00000)]
  0x000001f97d4ee490 JavaThread "Unconstrained build operations Thread 28" [_thread_blocked, id=17796, stack(0x000000869cf00000,0x000000869d000000)]
  0x000001f97d4ee9a0 JavaThread "Unconstrained build operations Thread 29" [_thread_blocked, id=24428, stack(0x000000869d000000,0x000000869d100000)]
  0x000001f97d4eeeb0 JavaThread "Unconstrained build operations Thread 30" [_thread_blocked, id=22148, stack(0x000000869d100000,0x000000869d200000)]
  0x000001f97d4ef3c0 JavaThread "Unconstrained build operations Thread 31" [_thread_blocked, id=17788, stack(0x000000869d200000,0x000000869d300000)]
  0x000001f97d4ec120 JavaThread "Unconstrained build operations Thread 32" [_thread_blocked, id=24872, stack(0x000000869d300000,0x000000869d400000)]
  0x000001f97d4efde0 JavaThread "Unconstrained build operations Thread 33" [_thread_blocked, id=23088, stack(0x000000869d400000,0x000000869d500000)]
  0x000001f97d4ec630 JavaThread "Unconstrained build operations Thread 34" [_thread_blocked, id=13564, stack(0x000000869d500000,0x000000869d600000)]
  0x000001f97d4f2150 JavaThread "Unconstrained build operations Thread 35" [_thread_blocked, id=13596, stack(0x000000869d600000,0x000000869d700000)]
  0x000001f97d4f1220 JavaThread "Unconstrained build operations Thread 36" [_thread_blocked, id=21764, stack(0x000000869d700000,0x000000869d800000)]
  0x000001f97d4f1730 JavaThread "Unconstrained build operations Thread 37" [_thread_blocked, id=21496, stack(0x000000869d800000,0x000000869d900000)]
  0x000001f97d4f2b70 JavaThread "Unconstrained build operations Thread 38" [_thread_blocked, id=10896, stack(0x000000869d900000,0x000000869da00000)]
  0x000001f97d4f1c40 JavaThread "Unconstrained build operations Thread 39" [_thread_blocked, id=16876, stack(0x000000869da00000,0x000000869db00000)]
  0x000001f97d4f2660 JavaThread "Unconstrained build operations Thread 40" [_thread_blocked, id=17380, stack(0x000000869db00000,0x000000869dc00000)]
  0x000001f97d4f0800 JavaThread "Unconstrained build operations Thread 41" [_thread_blocked, id=1936, stack(0x000000869dc00000,0x000000869dd00000)]
  0x000001f97d4f3080 JavaThread "Unconstrained build operations Thread 42" [_thread_blocked, id=14812, stack(0x000000869dd00000,0x000000869de00000)]
  0x000001f97d4f3590 JavaThread "Unconstrained build operations Thread 43" [_thread_blocked, id=5804, stack(0x000000869de00000,0x000000869df00000)]
  0x000001f97d4f3aa0 JavaThread "Unconstrained build operations Thread 44" [_thread_blocked, id=20084, stack(0x000000869df00000,0x000000869e000000)]
  0x000001f97d4f02f0 JavaThread "Unconstrained build operations Thread 45" [_thread_blocked, id=12156, stack(0x000000869e000000,0x000000869e100000)]
  0x000001f97d4f0d10 JavaThread "Unconstrained build operations Thread 46" [_thread_blocked, id=9564, stack(0x000000869e100000,0x000000869e200000)]
  0x000001f97d53d750 JavaThread "Unconstrained build operations Thread 47" [_thread_blocked, id=15324, stack(0x000000869e200000,0x000000869e300000)]
  0x000001f97d53aed0 JavaThread "Unconstrained build operations Thread 48" [_thread_blocked, id=25256, stack(0x000000869e300000,0x000000869e400000)]
  0x000001f97d53b8f0 JavaThread "Unconstrained build operations Thread 49" [_thread_blocked, id=3264, stack(0x000000869e400000,0x000000869e500000)]
  0x000001f97d53a9c0 JavaThread "Unconstrained build operations Thread 50" [_thread_blocked, id=1664, stack(0x000000869e500000,0x000000869e600000)]
  0x000001f97d539fa0 JavaThread "Unconstrained build operations Thread 51" [_thread_blocked, id=11920, stack(0x000000869e600000,0x000000869e700000)]
  0x000001f97d53b3e0 JavaThread "Unconstrained build operations Thread 52" [_thread_blocked, id=25332, stack(0x000000869e700000,0x000000869e800000)]
  0x000001f97d53be00 JavaThread "Unconstrained build operations Thread 53" [_thread_blocked, id=19832, stack(0x000000869e800000,0x000000869e900000)]
  0x000001f97d53c310 JavaThread "Unconstrained build operations Thread 54" [_thread_blocked, id=4524, stack(0x000000869e900000,0x000000869ea00000)]
  0x000001f97d53c820 JavaThread "Unconstrained build operations Thread 55" [_thread_blocked, id=16744, stack(0x000000869ea00000,0x000000869eb00000)]
  0x000001f97d53cd30 JavaThread "Unconstrained build operations Thread 56" [_thread_blocked, id=9620, stack(0x000000869eb00000,0x000000869ec00000)]
  0x000001f97d53d240 JavaThread "Unconstrained build operations Thread 57" [_thread_blocked, id=25404, stack(0x000000869ec00000,0x000000869ed00000)]
  0x000001f97d53dc60 JavaThread "Unconstrained build operations Thread 58" [_thread_blocked, id=20024, stack(0x000000869ed00000,0x000000869ee00000)]
  0x000001f97d53a4b0 JavaThread "Unconstrained build operations Thread 59" [_thread_blocked, id=11244, stack(0x000000869ee00000,0x000000869ef00000)]
  0x000001f97d5404e0 JavaThread "Unconstrained build operations Thread 60" [_thread_blocked, id=2732, stack(0x000000869ef00000,0x000000869f000000)]
  0x000001f97d541920 JavaThread "Unconstrained build operations Thread 61" [_thread_blocked, id=8284, stack(0x000000869f000000,0x000000869f100000)]
  0x000001f97d53ffd0 JavaThread "Unconstrained build operations Thread 62" [_thread_blocked, id=11120, stack(0x000000869f100000,0x000000869f200000)]
  0x000001f97d53f5b0 JavaThread "Unconstrained build operations Thread 63" [_thread_blocked, id=4620, stack(0x000000869f200000,0x000000869f300000)]
  0x000001f9780af280 JavaThread "Unconstrained build operations Thread 64" [_thread_blocked, id=2656, stack(0x000000869f300000,0x000000869f400000)]
  0x000001f9780af790 JavaThread "Unconstrained build operations Thread 65" [_thread_blocked, id=1740, stack(0x000000869f400000,0x000000869f500000)]
  0x000001f9780afca0 JavaThread "Unconstrained build operations Thread 66" [_thread_blocked, id=8188, stack(0x000000869f500000,0x000000869f600000)]
  0x000001f9780b01b0 JavaThread "Unconstrained build operations Thread 67" [_thread_blocked, id=20312, stack(0x000000869f600000,0x000000869f700000)]
  0x000001f9780b10e0 JavaThread "Unconstrained build operations Thread 68" [_thread_blocked, id=4788, stack(0x000000869f700000,0x000000869f800000)]
  0x000001f9780b15f0 JavaThread "Unconstrained build operations Thread 69" [_thread_blocked, id=7200, stack(0x000000869f800000,0x000000869f900000)]
  0x000001f9780b0bd0 JavaThread "Unconstrained build operations Thread 70" [_thread_blocked, id=15640, stack(0x000000869f900000,0x000000869fa00000)]
  0x000001f9780b06c0 JavaThread "Unconstrained build operations Thread 71" [_thread_blocked, id=14800, stack(0x000000869fa00000,0x000000869fb00000)]
  0x000001f9780ade40 JavaThread "Unconstrained build operations Thread 72" [_thread_blocked, id=19696, stack(0x000000869fb00000,0x000000869fc00000)]
  0x000001f9780b1b00 JavaThread "Unconstrained build operations Thread 73" [_thread_blocked, id=5364, stack(0x000000869fc00000,0x000000869fd00000)]
  0x000001f9780ae350 JavaThread "Unconstrained build operations Thread 74" [_thread_blocked, id=23264, stack(0x000000869fd00000,0x000000869fe00000)]
  0x000001f9780b2010 JavaThread "Unconstrained build operations Thread 75" [_thread_blocked, id=25288, stack(0x000000869fe00000,0x000000869ff00000)]
  0x000001f9780aed70 JavaThread "Unconstrained build operations Thread 76" [_thread_blocked, id=11740, stack(0x000000869ff00000,0x00000086a0000000)]
  0x000001f9780ae860 JavaThread "Unconstrained build operations Thread 77" [_thread_blocked, id=1824, stack(0x00000086a0000000,0x00000086a0100000)]
  0x000001f9780b2520 JavaThread "Unconstrained build operations Thread 78" [_thread_blocked, id=21184, stack(0x00000086a0100000,0x00000086a0200000)]
  0x000001f9780b4890 JavaThread "Unconstrained build operations Thread 79" [_thread_blocked, id=20332, stack(0x00000086a0200000,0x00000086a0300000)]
  0x000001f9780b2f40 JavaThread "Unconstrained build operations Thread 80" [_thread_blocked, id=24628, stack(0x00000086a0300000,0x00000086a0400000)]
  0x000001f9780b3450 JavaThread "Unconstrained build operations Thread 81" [_thread_blocked, id=10264, stack(0x00000086a0400000,0x00000086a0500000)]
  0x000001f9780b3960 JavaThread "Unconstrained build operations Thread 82" [_thread_blocked, id=1468, stack(0x00000086a0500000,0x00000086a0600000)]
  0x000001f9780b3e70 JavaThread "Unconstrained build operations Thread 83" [_thread_blocked, id=24416, stack(0x00000086a0600000,0x00000086a0700000)]
  0x000001f9780b57c0 JavaThread "Unconstrained build operations Thread 84" [_thread_blocked, id=17388, stack(0x00000086a0700000,0x00000086a0800000)]
  0x000001f9780b52b0 JavaThread "Unconstrained build operations Thread 85" [_thread_blocked, id=480, stack(0x00000086a0800000,0x00000086a0900000)]
  0x000001f9780b4da0 JavaThread "Unconstrained build operations Thread 86" [_thread_blocked, id=16268, stack(0x00000086a0900000,0x00000086a0a00000)]
  0x000001f97e01acf0 JavaThread "Unconstrained build operations Thread 87" [_thread_blocked, id=14708, stack(0x00000086a0a00000,0x00000086a0b00000)]
  0x000001f97e01a7e0 JavaThread "Unconstrained build operations Thread 88" [_thread_blocked, id=20032, stack(0x00000086a0b00000,0x00000086a0c00000)]
  0x000001f97e01a2d0 JavaThread "Unconstrained build operations Thread 89" [_thread_blocked, id=20384, stack(0x00000086a0c00000,0x00000086a0d00000)]
  0x000001f97e01c640 JavaThread "Unconstrained build operations Thread 90" [_thread_blocked, id=9256, stack(0x00000086a0d00000,0x00000086a0e00000)]
  0x000001f97e0193a0 JavaThread "Unconstrained build operations Thread 91" [_thread_blocked, id=21864, stack(0x00000086a0e00000,0x00000086a0f00000)]
  0x000001f97e01c130 JavaThread "Unconstrained build operations Thread 92" [_thread_blocked, id=17288, stack(0x00000086a0f00000,0x00000086a1000000)]
  0x000001f97e018e90 JavaThread "Unconstrained build operations Thread 93" [_thread_blocked, id=14416, stack(0x00000086a1000000,0x00000086a1100000)]
  0x000001f97e01b200 JavaThread "Unconstrained build operations Thread 94" [_thread_blocked, id=10808, stack(0x00000086a1100000,0x00000086a1200000)]
  0x000001f97e0198b0 JavaThread "Unconstrained build operations Thread 95" [_thread_blocked, id=18684, stack(0x00000086a1200000,0x00000086a1300000)]
  0x000001f97e01d570 JavaThread "Unconstrained build operations Thread 96" [_thread_blocked, id=18524, stack(0x00000086a1300000,0x00000086a1400000)]
  0x000001f97e01cb50 JavaThread "Unconstrained build operations Thread 97" [_thread_blocked, id=5548, stack(0x00000086a1400000,0x00000086a1500000)]
  0x000001f97e01d060 JavaThread "Unconstrained build operations Thread 98" [_thread_blocked, id=4076, stack(0x00000086a1500000,0x00000086a1600000)]
  0x000001f97e01b710 JavaThread "Unconstrained build operations Thread 99" [_thread_blocked, id=14856, stack(0x00000086a1600000,0x00000086a1700000)]
  0x000001f978c6bde0 JavaThread "C2 CompilerThread1" daemon [_thread_blocked, id=19536, stack(0x0000008694f00000,0x0000008695000000)]
  0x000001f97e01df90 JavaThread "pool-3-thread-1" [_thread_blocked, id=2428, stack(0x00000086a1a00000,0x00000086a1b00000)]
  0x000001f97e01eec0 JavaThread "build event listener" [_thread_blocked, id=18744, stack(0x00000086a1b00000,0x00000086a1c00000)]
  0x000001f97e01f3d0 JavaThread "Unconstrained build operations Thread 100" [_thread_blocked, id=22980, stack(0x00000086a1c00000,0x00000086a1d00000)]
  0x000001f97e01f8e0 JavaThread "Unconstrained build operations Thread 101" [_thread_blocked, id=22372, stack(0x00000086a1d00000,0x00000086a1e00000)]
  0x000001f97e01e4a0 JavaThread "Unconstrained build operations Thread 102" [_thread_blocked, id=1900, stack(0x00000086a1e00000,0x00000086a1f00000)]
  0x000001f97e020300 JavaThread "Unconstrained build operations Thread 103" [_thread_blocked, id=22264, stack(0x00000086a1f00000,0x00000086a2000000)]
  0x000001f97e020810 JavaThread "Unconstrained build operations Thread 104" [_thread_blocked, id=22500, stack(0x00000086a2000000,0x00000086a2100000)]
  0x000001f978fb60b0 JavaThread "Unconstrained build operations Thread 105" [_thread_blocked, id=7160, stack(0x00000086a2100000,0x00000086a2200000)]
  0x000001f97ee42440 JavaThread "Unconstrained build operations Thread 106" [_thread_blocked, id=23392, stack(0x00000086a2200000,0x00000086a2300000)]
  0x000001f97ee40af0 JavaThread "Unconstrained build operations Thread 107" [_thread_blocked, id=19752, stack(0x00000086a2300000,0x00000086a2400000)]
  0x000001f97ee41f30 JavaThread "Unconstrained build operations Thread 108" [_thread_blocked, id=15628, stack(0x00000086a2400000,0x00000086a2500000)]
  0x000001f97ee43370 JavaThread "Unconstrained build operations Thread 109" [_thread_blocked, id=21052, stack(0x00000086a2500000,0x00000086a2600000)]
  0x000001f97ee43880 JavaThread "Unconstrained build operations Thread 110" [_thread_blocked, id=21912, stack(0x00000086a2600000,0x00000086a2700000)]
  0x000001f97ee405e0 JavaThread "Unconstrained build operations Thread 111" [_thread_blocked, id=19336, stack(0x00000086a2700000,0x00000086a2800000)]
  0x000001f97ee400d0 JavaThread "Unconstrained build operations Thread 112" [_thread_blocked, id=9368, stack(0x00000086a2800000,0x00000086a2900000)]
  0x000001f97ee42e60 JavaThread "Unconstrained build operations Thread 113" [_thread_blocked, id=12260, stack(0x00000086a2900000,0x00000086a2a00000)]
  0x000001f97ee447b0 JavaThread "Unconstrained build operations Thread 114" [_thread_blocked, id=4512, stack(0x00000086a2a00000,0x00000086a2b00000)]
  0x000001f97ee41510 JavaThread "Unconstrained build operations Thread 115" [_thread_blocked, id=16504, stack(0x00000086a2b00000,0x00000086a2c00000)]
  0x000001f97ee42950 JavaThread "Unconstrained build operations Thread 116" [_thread_blocked, id=24112, stack(0x00000086a2c00000,0x00000086a2d00000)]
  0x000001f97ee43d90 JavaThread "Unconstrained build operations Thread 117" [_thread_blocked, id=24472, stack(0x00000086a2d00000,0x00000086a2e00000)]
  0x000001f97ee442a0 JavaThread "Unconstrained build operations Thread 118" [_thread_blocked, id=25184, stack(0x00000086a2e00000,0x00000086a2f00000)]
  0x000001f97ee451d0 JavaThread "Unconstrained build operations Thread 119" [_thread_blocked, id=24120, stack(0x00000086a2f00000,0x00000086a3000000)]
  0x000001f97ee41a20 JavaThread "Unconstrained build operations Thread 120" [_thread_blocked, id=12204, stack(0x00000086a3000000,0x00000086a3100000)]
  0x000001f97ee47540 JavaThread "Unconstrained build operations Thread 121" [_thread_blocked, id=1516, stack(0x00000086a3100000,0x00000086a3200000)]
  0x000001f97ee47a50 JavaThread "Unconstrained build operations Thread 122" [_thread_blocked, id=22512, stack(0x00000086a3200000,0x00000086a3300000)]
  0x000001f97ee456e0 JavaThread "Unconstrained build operations Thread 123" [_thread_blocked, id=25216, stack(0x00000086a3300000,0x00000086a3400000)]
  0x000001f97ee47030 JavaThread "Unconstrained build operations Thread 124" [_thread_blocked, id=21524, stack(0x00000086a3400000,0x00000086a3500000)]
  0x000001f97ee45bf0 JavaThread "Unconstrained build operations Thread 125" [_thread_blocked, id=20732, stack(0x00000086a3500000,0x00000086a3600000)]
  0x000001f97ee46100 JavaThread "Unconstrained build operations Thread 126" [_thread_blocked, id=3188, stack(0x00000086a3600000,0x00000086a3700000)]
  0x000001f97ee46610 JavaThread "Unconstrained build operations Thread 127" [_thread_blocked, id=9568, stack(0x00000086a3700000,0x00000086a3800000)]
  0x000001f97ee46b20 JavaThread "Unconstrained build operations Thread 128" [_thread_blocked, id=16488, stack(0x00000086a3800000,0x00000086a3900000)]
  0x000001f97e3c93b0 JavaThread "Unconstrained build operations Thread 129" [_thread_blocked, id=22324, stack(0x00000086a3900000,0x00000086a3a00000)]
  0x000001f97e3c5c00 JavaThread "Unconstrained build operations Thread 130" [_thread_blocked, id=21068, stack(0x00000086a3c00000,0x00000086a3d00000)]
  0x000001f97e3c6110 JavaThread "Unconstrained build operations Thread 131" [_thread_blocked, id=6284, stack(0x00000086a3d00000,0x00000086a3e00000)]
  0x000001f97e3c7a60 JavaThread "Unconstrained build operations Thread 132" [_thread_blocked, id=5244, stack(0x00000086a3e00000,0x00000086a3f00000)]
  0x000001f97e3c7550 JavaThread "Unconstrained build operations Thread 133" [_thread_blocked, id=2432, stack(0x00000086a3f00000,0x00000086a4000000)]
  0x000001f97e3c8ea0 JavaThread "Unconstrained build operations Thread 134" [_thread_blocked, id=24368, stack(0x00000086a4000000,0x00000086a4100000)]
  0x000001f97e3c98c0 JavaThread "Unconstrained build operations Thread 135" [_thread_blocked, id=17652, stack(0x00000086a4100000,0x00000086a4200000)]
  0x000001f97e3c9dd0 JavaThread "Unconstrained build operations Thread 136" [_thread_blocked, id=4920, stack(0x00000086a4200000,0x00000086a4300000)]
  0x000001f97e3c6620 JavaThread "Unconstrained build operations Thread 137" [_thread_blocked, id=24760, stack(0x00000086a4300000,0x00000086a4400000)]
  0x000001f97e3c7f70 JavaThread "Unconstrained build operations Thread 138" [_thread_blocked, id=19344, stack(0x00000086a4400000,0x00000086a4500000)]
  0x000001f97e3ca2e0 JavaThread "Unconstrained build operations Thread 139" [_thread_blocked, id=24160, stack(0x00000086a4500000,0x00000086a4600000)]
  0x000001f97e3c6b30 JavaThread "Unconstrained build operations Thread 140" [_thread_blocked, id=3444, stack(0x00000086a4600000,0x00000086a4700000)]
  0x000001f97e3ca7f0 JavaThread "Unconstrained build operations Thread 141" [_thread_blocked, id=14632, stack(0x00000086a4700000,0x00000086a4800000)]
  0x000001f97e3c7040 JavaThread "Unconstrained build operations Thread 142" [_thread_blocked, id=12828, stack(0x00000086a4800000,0x00000086a4900000)]
  0x000001f97e3cb720 JavaThread "Unconstrained build operations Thread 143" [_thread_blocked, id=19152, stack(0x00000086a4900000,0x00000086a4a00000)]
  0x000001f97e3cad00 JavaThread "Unconstrained build operations Thread 144" [_thread_blocked, id=24316, stack(0x00000086a4a00000,0x00000086a4b00000)]
  0x000001f97e3cb210 JavaThread "Unconstrained build operations Thread 145" [_thread_blocked, id=2164, stack(0x00000086a4b00000,0x00000086a4c00000)]
  0x000001f97e3cbc30 JavaThread "Unconstrained build operations Thread 146" [_thread_blocked, id=14168, stack(0x00000086a4c00000,0x00000086a4d00000)]
  0x000001f97e3c8480 JavaThread "Unconstrained build operations Thread 147" [_thread_blocked, id=17760, stack(0x00000086a4d00000,0x00000086a4e00000)]
  0x000001f97e3cc140 JavaThread "Unconstrained build operations Thread 148" [_thread_blocked, id=5532, stack(0x00000086a4e00000,0x00000086a4f00000)]
  0x000001f97e3c8990 JavaThread "Unconstrained build operations Thread 149" [_thread_blocked, id=11732, stack(0x00000086a4f00000,0x00000086a5000000)]
  0x000001f97e3ccb60 JavaThread "Unconstrained build operations Thread 150" [_thread_blocked, id=14020, stack(0x00000086a5000000,0x00000086a5100000)]
  0x000001f97e3cc650 JavaThread "Cache worker for execution history cache (C:\Users\Asus\MAD\AwesomeProject\android\.gradle\8.3\executionHistory)" [_thread_blocked, id=11316, stack(0x00000086a5100000,0x00000086a5200000)]
  0x000001f97e3d0310 JavaThread "Unconstrained build operations Thread 151" [_thread_blocked, id=21812, stack(0x00000086a5200000,0x00000086a5300000)]
  0x000001f97e3cdfa0 JavaThread "Unconstrained build operations Thread 152" [_thread_blocked, id=25568, stack(0x00000086a5300000,0x00000086a5400000)]
  0x000001f97e3d0820 JavaThread "Unconstrained build operations Thread 153" [_thread_blocked, id=16156, stack(0x00000086a5400000,0x00000086a5500000)]
  0x000001f97e3cd070 JavaThread "Unconstrained build operations Thread 154" [_thread_blocked, id=4084, stack(0x00000086a5500000,0x00000086a5600000)]
  0x000001f97e3d0d30 JavaThread "Unconstrained build operations Thread 155" [_thread_blocked, id=16176, stack(0x00000086a5600000,0x00000086a5700000)]
  0x000001f97e3ce9c0 JavaThread "Unconstrained build operations Thread 156" [_thread_blocked, id=13604, stack(0x00000086a5700000,0x00000086a5800000)]
  0x000001f97e3ce4b0 JavaThread "Unconstrained build operations Thread 157" [_thread_blocked, id=5332, stack(0x00000086a5800000,0x00000086a5900000)]
  0x000001f97e3cd580 JavaThread "Unconstrained build operations Thread 158" [_thread_blocked, id=17104, stack(0x00000086a5900000,0x00000086a5a00000)]
  0x000001f97e3d1240 JavaThread "Unconstrained build operations Thread 159" [_thread_blocked, id=12364, stack(0x00000086a5a00000,0x00000086a5b00000)]
  0x000001f97e3d1750 JavaThread "Unconstrained build operations Thread 160" [_thread_blocked, id=17204, stack(0x00000086a5b00000,0x00000086a5c00000)]
  0x000001f97e3d2680 JavaThread "Unconstrained build operations Thread 161" [_thread_blocked, id=13148, stack(0x00000086a5c00000,0x00000086a5d00000)]
  0x000001f97e3cf8f0 JavaThread "Unconstrained build operations Thread 162" [_thread_blocked, id=14240, stack(0x00000086a5d00000,0x00000086a5e00000)]
  0x000001f97e3d1c60 JavaThread "Unconstrained build operations Thread 163" [_thread_blocked, id=21048, stack(0x00000086a5e00000,0x00000086a5f00000)]
  0x000001f97e3d2170 JavaThread "Unconstrained build operations Thread 164" [_thread_blocked, id=18884, stack(0x00000086a5f00000,0x00000086a6000000)]
  0x000001f97e3ceed0 JavaThread "Unconstrained build operations Thread 165" [_thread_blocked, id=15688, stack(0x00000086a6000000,0x00000086a6100000)]
  0x000001f97e3d2b90 JavaThread "Unconstrained build operations Thread 166" [_thread_blocked, id=19668, stack(0x00000086a6100000,0x00000086a6200000)]
  0x000001f97e3cf3e0 JavaThread "Unconstrained build operations Thread 167" [_thread_blocked, id=24748, stack(0x00000086a6200000,0x00000086a6300000)]
  0x000001f97e3d30a0 JavaThread "Unconstrained build operations Thread 168" [_thread_blocked, id=19972, stack(0x00000086a6300000,0x00000086a6400000)]
  0x000001f97e3d35b0 JavaThread "Unconstrained build operations Thread 169" [_thread_blocked, id=19340, stack(0x00000086a6400000,0x00000086a6500000)]
  0x000001f978c6edb0 JavaThread "C1 CompilerThread1" daemon [_thread_blocked, id=17892, stack(0x0000008695000000,0x0000008695100000)]
  0x000001f978c6ddc0 JavaThread "C1 CompilerThread2" daemon [_thread_blocked, id=4912, stack(0x0000008695100000,0x0000008695200000)]
  0x000001f978c6c330 JavaThread "C1 CompilerThread3" daemon [_thread_blocked, id=15344, stack(0x0000008698a00000,0x0000008698b00000)]
  0x000001f97e3d4f00 JavaThread "Unconstrained build operations Thread 170" [_thread_blocked, id=7260, stack(0x00000086a6500000,0x00000086a6600000)]
  0x000001f97e3d5410 JavaThread "Unconstrained build operations Thread 171" [_thread_blocked, id=14136, stack(0x00000086a6600000,0x00000086a6700000)]
  0x000001f97e3d44e0 JavaThread "Unconstrained build operations Thread 172" [_thread_blocked, id=8764, stack(0x00000086a6700000,0x00000086a6800000)]
  0x000001f97e3d3ac0 JavaThread "Unconstrained build operations Thread 173" [_thread_blocked, id=5040, stack(0x00000086a6800000,0x00000086a6900000)]
  0x000001f97e3d49f0 JavaThread "Unconstrained build operations Thread 174" [_thread_blocked, id=21300, stack(0x00000086a6900000,0x00000086a6a00000)]
  0x000001f97fa65ac0 JavaThread "Unconstrained build operations Thread 175" [_thread_blocked, id=25084, stack(0x00000086a6a00000,0x00000086a6b00000)]
  0x000001f97fa65fd0 JavaThread "Unconstrained build operations Thread 176" [_thread_blocked, id=23952, stack(0x00000086a6b00000,0x00000086a6c00000)]
  0x000001f97fa655b0 JavaThread "Unconstrained build operations Thread 177" [_thread_blocked, id=24080, stack(0x00000086a6c00000,0x00000086a6d00000)]
  0x000001f97fa664e0 JavaThread "Unconstrained build operations Thread 178" [_thread_blocked, id=12164, stack(0x00000086a6d00000,0x00000086a6e00000)]
  0x000001f97fa68850 JavaThread "Unconstrained build operations Thread 179" [_thread_blocked, id=15004, stack(0x00000086a6e00000,0x00000086a6f00000)]
  0x000001f97fa669f0 JavaThread "Unconstrained build operations Thread 180" [_thread_blocked, id=19916, stack(0x00000086a6f00000,0x00000086a7000000)]
  0x000001f97fa66f00 JavaThread "Unconstrained build operations Thread 181" [_thread_blocked, id=22560, stack(0x00000086a7000000,0x00000086a7100000)]
  0x000001f97fa67410 JavaThread "Unconstrained build operations Thread 182" [_thread_blocked, id=2712, stack(0x00000086a7100000,0x00000086a7200000)]
  0x000001f97fa650a0 JavaThread "Unconstrained build operations Thread 183" [_thread_blocked, id=1828, stack(0x00000086a7200000,0x00000086a7300000)]
  0x000001f97fa69270 JavaThread "Unconstrained build operations Thread 184" [_thread_blocked, id=19180, stack(0x00000086a7300000,0x00000086a7400000)]
  0x000001f97fa69780 JavaThread "Unconstrained build operations Thread 185" [_thread_blocked, id=14848, stack(0x00000086a7400000,0x00000086a7500000)]
  0x000001f97fa67e30 JavaThread "Unconstrained build operations Thread 186" [_thread_blocked, id=4748, stack(0x00000086a7500000,0x00000086a7600000)]
  0x000001f97fa69c90 JavaThread "Unconstrained build operations Thread 187" [_thread_blocked, id=10508, stack(0x00000086a7600000,0x00000086a7700000)]
  0x000001f97fa68d60 JavaThread "Unconstrained build operations Thread 188" [_thread_blocked, id=5168, stack(0x00000086a7700000,0x00000086a7800000)]
  0x000001f97fa6a6b0 JavaThread "Unconstrained build operations Thread 189" [_thread_blocked, id=13436, stack(0x00000086a7800000,0x00000086a7900000)]
  0x000001f97fa67920 JavaThread "Unconstrained build operations Thread 190" [_thread_blocked, id=2984, stack(0x00000086a7900000,0x00000086a7a00000)]
  0x000001f97fa6baf0 JavaThread "Unconstrained build operations Thread 191" [_thread_blocked, id=19032, stack(0x00000086a7a00000,0x00000086a7b00000)]
  0x000001f97fa6b5e0 JavaThread "Unconstrained build operations Thread 192" [_thread_blocked, id=21372, stack(0x00000086a7b00000,0x00000086a7c00000)]
  0x000001f97fa68340 JavaThread "Unconstrained build operations Thread 193" [_thread_blocked, id=1348, stack(0x00000086a7c00000,0x00000086a7d00000)]
  0x000001f97fa6b0d0 JavaThread "Unconstrained build operations Thread 194" [_thread_blocked, id=1228, stack(0x00000086a7d00000,0x00000086a7e00000)]
  0x000001f97fa6d440 JavaThread "Unconstrained build operations Thread 195" [_thread_blocked, id=5764, stack(0x00000086a7e00000,0x00000086a7f00000)]
  0x000001f97fa6c000 JavaThread "Unconstrained build operations Thread 196" [_thread_blocked, id=20544, stack(0x00000086a7f00000,0x00000086a8000000)]
  0x000001f97fa6c510 JavaThread "Unconstrained build operations Thread 197" [_thread_blocked, id=13384, stack(0x00000086a8000000,0x00000086a8100000)]
  0x000001f97fa6abc0 JavaThread "Unconstrained build operations Thread 198" [_thread_blocked, id=7032, stack(0x00000086a8100000,0x00000086a8200000)]
  0x000001f97fa6de60 JavaThread "Unconstrained build operations Thread 199" [_thread_blocked, id=24204, stack(0x00000086a8200000,0x00000086a8300000)]
  0x000001f97fa6d950 JavaThread "Unconstrained build operations Thread 200" [_thread_blocked, id=24236, stack(0x00000086a8300000,0x00000086a8400000)]
  0x000001f97fa6e880 JavaThread "WorkerExecutor Queue" [_thread_in_native, id=14624, stack(0x00000086a8400000,0x00000086a8500000)]
  0x000001f97fa6f2a0 JavaThread "RMI Scheduler(0)" daemon [_thread_blocked, id=18000, stack(0x00000086a8500000,0x00000086a8600000)]
  0x000001f97fa6f7b0 JavaThread "RMI RenewClean-[127.0.0.1:17301,org.jetbrains.kotlin.daemon.common.LoopbackNetworkInterface$ClientLoopbackSocketFactory@59ddb9e8]" daemon [_thread_blocked, id=24800, stack(0x00000086a8600000,0x00000086a8700000)]
  0x000001f97fa6fcc0 JavaThread "RMI GC Daemon" daemon [_thread_blocked, id=14944, stack(0x00000086a8700000,0x00000086a8800000)]
  0x000001f97fa701d0 JavaThread "WorkerExecutor Queue Thread 2" [_thread_in_native, id=7296, stack(0x00000086a8800000,0x00000086a8900000)]
  0x000001f97fa706e0 JavaThread "RMI TCP Accept-0" daemon [_thread_in_native, id=2200, stack(0x00000086a8900000,0x00000086a8a00000)]
  0x000001f97fa6cf30 JavaThread "RMI Reaper" [_thread_blocked, id=24244, stack(0x00000086a8a00000,0x00000086a8b00000)]
  0x000001f97fa70bf0 JavaThread "RMI RenewClean-[127.0.0.1:17301,org.jetbrains.kotlin.daemon.common.LoopbackNetworkInterface$ClientLoopbackSocketFactory@16eddf6c]" daemon [_thread_blocked, id=22248, stack(0x00000086a8b00000,0x00000086a8c00000)]
  0x000001f97fa72f60 JavaThread "RMI TCP Connection(1)-127.0.0.1" daemon [_thread_in_native, id=19508, stack(0x00000086a8c00000,0x00000086a8d00000)]
  0x000001f97fa73e90 JavaThread "RMI TCP Connection(2)-127.0.0.1" daemon [_thread_in_native, id=23856, stack(0x00000086a8d00000,0x00000086a8e00000)]

Other Threads:
=>0x000001f9729e2af0 VMThread "VM Thread" [stack: 0x0000008694400000,0x0000008694500000] [id=23024]
  0x000001f973aae050 WatcherThread [stack: 0x0000008695300000,0x0000008695400000] [id=15876]
  0x000001f9543a12a0 GCTaskThread "GC Thread#0" [stack: 0x0000008693f00000,0x0000008694000000] [id=4232]
  0x000001f978a0bb60 GCTaskThread "GC Thread#1" [stack: 0x0000008695500000,0x0000008695600000] [id=12064]
  0x000001f978a0be20 GCTaskThread "GC Thread#2" [stack: 0x0000008695600000,0x0000008695700000] [id=1256]
  0x000001f978796de0 GCTaskThread "GC Thread#3" [stack: 0x0000008695700000,0x0000008695800000] [id=19908]
  0x000001f9787974b0 GCTaskThread "GC Thread#4" [stack: 0x0000008695800000,0x0000008695900000] [id=15388]
  0x000001f978797770 GCTaskThread "GC Thread#5" [stack: 0x0000008695900000,0x0000008695a00000] [id=18104]
  0x000001f9787f7460 GCTaskThread "GC Thread#6" [stack: 0x0000008696900000,0x0000008696a00000] [id=7896]
  0x000001f9787f6960 GCTaskThread "GC Thread#7" [stack: 0x0000008696a00000,0x0000008696b00000] [id=3512]
  0x000001f9787f79e0 GCTaskThread "GC Thread#8" [stack: 0x0000008696b00000,0x0000008696c00000] [id=22884]
  0x000001f9787f7720 GCTaskThread "GC Thread#9" [stack: 0x0000008696c00000,0x0000008696d00000] [id=6108]
  0x000001f9787f6c20 GCTaskThread "GC Thread#10" [stack: 0x0000008696d00000,0x0000008696e00000] [id=21476]
  0x000001f9787f6ee0 GCTaskThread "GC Thread#11" [stack: 0x0000008696e00000,0x0000008696f00000] [id=24400]
  0x000001f9787f71a0 GCTaskThread "GC Thread#12" [stack: 0x0000008696f00000,0x0000008697000000] [id=24736]
  0x000001f97c660dc0 GCTaskThread "GC Thread#13" [stack: 0x0000008697000000,0x0000008697100000] [id=23296]
  0x000001f97c661b80 GCTaskThread "GC Thread#14" [stack: 0x0000008697100000,0x0000008697200000] [id=14808]
  0x000001f9543b2100 ConcurrentGCThread "G1 Main Marker" [stack: 0x0000008694000000,0x0000008694100000] [id=12052]
  0x000001f9543b3700 ConcurrentGCThread "G1 Conc#0" [stack: 0x0000008694100000,0x0000008694200000] [id=16828]
  0x000001f97c660000 ConcurrentGCThread "G1 Conc#1" [stack: 0x0000008697600000,0x0000008697700000] [id=15824]
  0x000001f97c661e40 ConcurrentGCThread "G1 Conc#2" [stack: 0x0000008697700000,0x0000008697800000] [id=4544]
  0x000001f97c661080 ConcurrentGCThread "G1 Conc#3" [stack: 0x0000008697800000,0x0000008697900000] [id=24580]
  0x000001f9543ee7f0 ConcurrentGCThread "G1 Refine#0" [stack: 0x0000008694200000,0x0000008694300000] [id=21440]
  0x000001f97bf0b7b0 ConcurrentGCThread "G1 Refine#1" [stack: 0x00000086a1700000,0x00000086a1800000] [id=9096]
  0x000001f97dc31b10 ConcurrentGCThread "G1 Refine#2" [stack: 0x00000086a1800000,0x00000086a1900000] [id=14696]
  0x000001f97dc2ef00 ConcurrentGCThread "G1 Refine#3" [stack: 0x00000086a1900000,0x00000086a1a00000] [id=21996]
  0x000001f972913510 ConcurrentGCThread "G1 Service" [stack: 0x0000008694300000,0x0000008694400000] [id=17684]

Threads with active compile tasks:
C2 CompilerThread0    25879 18887 %     4       com.android.tools.r8.internal.Ia::a @ 12 (148 bytes)
C1 CompilerThread0    25879 18905       2       com.android.tools.r8.graph.Y3::c (153 bytes)
C2 CompilerThread1    25879 18862       4       java.util.HashMap::computeIfAbsent (330 bytes)
C1 CompilerThread1    25879 18900       2       com.android.tools.r8.internal.Ia::a (4479 bytes)
C1 CompilerThread2    25879 18912 %     3       com.android.tools.r8.utils.u0::e @ 225 (297 bytes)
C1 CompilerThread3    25880 18910       2       com.android.tools.r8.graph.Y3::c (110 bytes)

VM state: at safepoint (normal execution)

VM Mutex/Monitor currently owned by a thread:  ([mutex/lock_event])
[0x000001f95433dfe0] Threads_lock - owner thread: 0x000001f9729e2af0
[0x000001f95433e460] Heap_lock - owner thread: 0x000001f97fa69c90

Heap address: 0x0000000080000000, size: 2048 MB, Compressed Oops mode: 32-bit

CDS archive(s) mapped at: [0x000001f900000000-0x000001f900bb0000-0x000001f900bb0000), size 12255232, SharedBaseAddress: 0x000001f900000000, ArchiveRelocationMode: 1.
Compressed class space mapped at: 0x000001f901000000-0x000001f91b000000, reserved size: 436207616
Narrow klass base: 0x000001f900000000, Narrow klass shift: 0, Narrow klass range: 0x100000000

GC Precious Log:
 CPUs: 20 total, 20 available
 Memory: 16007M
 Large Page Support: Disabled
 NUMA Support: Disabled
 Compressed Oops: Enabled (32-bit)
 Heap Region Size: 1M
 Heap Min Capacity: 8M
 Heap Initial Capacity: 252M
 Heap Max Capacity: 2G
 Pre-touch: Disabled
 Parallel Workers: 15
 Concurrent Workers: 4
 Concurrent Refinement Workers: 15
 Periodic GC: Disabled

Heap:
 garbage-first heap   total 386048K, used 233027K [0x0000000080000000, 0x0000000100000000)
  region size 1024K, 3 young (3072K), 3 survivors (3072K)
 Metaspace       used 119211K, committed 120384K, reserved 557056K
  class space    used 16846K, committed 17408K, reserved 425984K

Heap Regions: E=young(eden), S=young(survivor), O=old, HS=humongous(starts), HC=humongous(continues), CS=collection set, F=free, OA=open archive, CA=closed archive, TAMS=top-at-mark-start (previous, next)
|   0|0x0000000080000000, 0x0000000080100000, 0x0000000080100000|100%|HS|  |TAMS 0x0000000080100000, 0x0000000080000000| Complete 
|   1|0x0000000080100000, 0x0000000080200000, 0x0000000080200000|100%|HC|  |TAMS 0x0000000080200000, 0x0000000080100000| Complete 
|   2|0x0000000080200000, 0x0000000080300000, 0x0000000080300000|100%|HC|  |TAMS 0x0000000080300000, 0x0000000080200000| Complete 
|   3|0x0000000080300000, 0x0000000080400000, 0x0000000080400000|100%|HC|  |TAMS 0x0000000080400000, 0x0000000080300000| Complete 
|   4|0x0000000080400000, 0x0000000080500000, 0x0000000080500000|100%| O|  |TAMS 0x0000000080500000, 0x0000000080400000| Untracked 
|   5|0x0000000080500000, 0x0000000080600000, 0x0000000080600000|100%| O|  |TAMS 0x0000000080600000, 0x0000000080500000| Untracked 
|   6|0x0000000080600000, 0x0000000080700000, 0x0000000080700000|100%| O|  |TAMS 0x0000000080700000, 0x0000000080600000| Untracked 
|   7|0x0000000080700000, 0x0000000080800000, 0x0000000080800000|100%| O|  |TAMS 0x0000000080800000, 0x0000000080700000| Untracked 
|   8|0x0000000080800000, 0x0000000080900000, 0x0000000080900000|100%| O|  |TAMS 0x0000000080900000, 0x0000000080800000| Untracked 
|   9|0x0000000080900000, 0x0000000080a00000, 0x0000000080a00000|100%| O|  |TAMS 0x0000000080a00000, 0x0000000080900000| Untracked 
|  10|0x0000000080a00000, 0x0000000080b00000, 0x0000000080b00000|100%| O|  |TAMS 0x0000000080b00000, 0x0000000080a00000| Untracked 
|  11|0x0000000080b00000, 0x0000000080c00000, 0x0000000080c00000|100%| O|  |TAMS 0x0000000080c00000, 0x0000000080b00000| Untracked 
|  12|0x0000000080c00000, 0x0000000080d00000, 0x0000000080d00000|100%| O|  |TAMS 0x0000000080d00000, 0x0000000080c00000| Untracked 
|  13|0x0000000080d00000, 0x0000000080e00000, 0x0000000080e00000|100%| O|  |TAMS 0x0000000080e00000, 0x0000000080d00000| Untracked 
|  14|0x0000000080e00000, 0x0000000080f00000, 0x0000000080f00000|100%| O|  |TAMS 0x0000000080f00000, 0x0000000080e00000| Untracked 
|  15|0x0000000080f00000, 0x0000000081000000, 0x0000000081000000|100%| O|  |TAMS 0x0000000081000000, 0x0000000080f00000| Untracked 
|  16|0x0000000081000000, 0x0000000081100000, 0x0000000081100000|100%| O|  |TAMS 0x0000000081100000, 0x0000000081000000| Untracked 
|  17|0x0000000081100000, 0x0000000081200000, 0x0000000081200000|100%| O|  |TAMS 0x0000000081200000, 0x0000000081100000| Untracked 
|  18|0x0000000081200000, 0x0000000081300000, 0x0000000081300000|100%| O|  |TAMS 0x0000000081300000, 0x0000000081200000| Untracked 
|  19|0x0000000081300000, 0x0000000081400000, 0x0000000081400000|100%| O|  |TAMS 0x0000000081400000, 0x0000000081300000| Untracked 
|  20|0x0000000081400000, 0x0000000081500000, 0x0000000081500000|100%| O|  |TAMS 0x0000000081500000, 0x0000000081400000| Untracked 
|  21|0x0000000081500000, 0x0000000081600000, 0x0000000081600000|100%| O|  |TAMS 0x0000000081600000, 0x0000000081500000| Untracked 
|  22|0x0000000081600000, 0x0000000081700000, 0x0000000081700000|100%| O|  |TAMS 0x0000000081700000, 0x0000000081600000| Untracked 
|  23|0x0000000081700000, 0x0000000081800000, 0x0000000081800000|100%| O|  |TAMS 0x0000000081800000, 0x0000000081700000| Untracked 
|  24|0x0000000081800000, 0x0000000081900000, 0x0000000081900000|100%| O|  |TAMS 0x0000000081900000, 0x0000000081800000| Untracked 
|  25|0x0000000081900000, 0x0000000081a00000, 0x0000000081a00000|100%| O|  |TAMS 0x0000000081a00000, 0x0000000081900000| Untracked 
|  26|0x0000000081a00000, 0x0000000081b00000, 0x0000000081b00000|100%| O|  |TAMS 0x0000000081b00000, 0x0000000081a00000| Untracked 
|  27|0x0000000081b00000, 0x0000000081c00000, 0x0000000081c00000|100%| O|  |TAMS 0x0000000081c00000, 0x0000000081b00000| Untracked 
|  28|0x0000000081c00000, 0x0000000081d00000, 0x0000000081d00000|100%| O|  |TAMS 0x0000000081d00000, 0x0000000081c00000| Untracked 
|  29|0x0000000081d00000, 0x0000000081e00000, 0x0000000081e00000|100%| O|  |TAMS 0x0000000081e00000, 0x0000000081d00000| Untracked 
|  30|0x0000000081e00000, 0x0000000081f00000, 0x0000000081f00000|100%| O|  |TAMS 0x0000000081f00000, 0x0000000081e00000| Untracked 
|  31|0x0000000081f00000, 0x0000000082000000, 0x0000000082000000|100%| O|  |TAMS 0x0000000082000000, 0x0000000081f00000| Untracked 
|  32|0x0000000082000000, 0x0000000082100000, 0x0000000082100000|100%| O|  |TAMS 0x0000000082100000, 0x0000000082000000| Untracked 
|  33|0x0000000082100000, 0x0000000082200000, 0x0000000082200000|100%| O|  |TAMS 0x0000000082200000, 0x0000000082100000| Untracked 
|  34|0x0000000082200000, 0x0000000082300000, 0x0000000082300000|100%|HS|  |TAMS 0x0000000082300000, 0x0000000082200000| Complete 
|  35|0x0000000082300000, 0x0000000082400000, 0x0000000082400000|100%|HC|  |TAMS 0x0000000082400000, 0x0000000082300000| Complete 
|  36|0x0000000082400000, 0x0000000082500000, 0x0000000082500000|100%| O|  |TAMS 0x0000000082500000, 0x0000000082400000| Untracked 
|  37|0x0000000082500000, 0x0000000082600000, 0x0000000082600000|100%|HS|  |TAMS 0x0000000082600000, 0x0000000082500000| Complete 
|  38|0x0000000082600000, 0x0000000082700000, 0x0000000082700000|100%|HC|  |TAMS 0x0000000082700000, 0x0000000082600000| Complete 
|  39|0x0000000082700000, 0x0000000082800000, 0x0000000082800000|100%|HS|  |TAMS 0x0000000082800000, 0x0000000082700000| Complete 
|  40|0x0000000082800000, 0x0000000082900000, 0x0000000082900000|100%|HC|  |TAMS 0x0000000082900000, 0x0000000082800000| Complete 
|  41|0x0000000082900000, 0x0000000082a00000, 0x0000000082a00000|100%|HC|  |TAMS 0x0000000082a00000, 0x0000000082900000| Complete 
|  42|0x0000000082a00000, 0x0000000082b00000, 0x0000000082b00000|100%|HC|  |TAMS 0x0000000082b00000, 0x0000000082a00000| Complete 
|  43|0x0000000082b00000, 0x0000000082c00000, 0x0000000082c00000|100%| O|  |TAMS 0x0000000082c00000, 0x0000000082b00000| Untracked 
|  44|0x0000000082c00000, 0x0000000082d00000, 0x0000000082d00000|100%| O|  |TAMS 0x0000000082d00000, 0x0000000082c00000| Untracked 
|  45|0x0000000082d00000, 0x0000000082e00000, 0x0000000082e00000|100%| O|  |TAMS 0x0000000082e00000, 0x0000000082d00000| Untracked 
|  46|0x0000000082e00000, 0x0000000082f00000, 0x0000000082f00000|100%| O|  |TAMS 0x0000000082f00000, 0x0000000082e00000| Untracked 
|  47|0x0000000082f00000, 0x0000000083000000, 0x0000000083000000|100%|HS|  |TAMS 0x0000000083000000, 0x0000000082f00000| Complete 
|  48|0x0000000083000000, 0x0000000083100000, 0x0000000083100000|100%|HC|  |TAMS 0x0000000083100000, 0x0000000083000000| Complete 
|  49|0x0000000083100000, 0x0000000083200000, 0x0000000083200000|100%|HC|  |TAMS 0x0000000083200000, 0x0000000083100000| Complete 
|  50|0x0000000083200000, 0x0000000083300000, 0x0000000083300000|100%|HC|  |TAMS 0x0000000083300000, 0x0000000083200000| Complete 
|  51|0x0000000083300000, 0x0000000083400000, 0x0000000083400000|100%| O|  |TAMS 0x0000000083400000, 0x0000000083300000| Untracked 
|  52|0x0000000083400000, 0x0000000083500000, 0x0000000083500000|100%| O|  |TAMS 0x0000000083500000, 0x0000000083400000| Untracked 
|  53|0x0000000083500000, 0x0000000083600000, 0x0000000083600000|100%| O|  |TAMS 0x0000000083600000, 0x0000000083500000| Untracked 
|  54|0x0000000083600000, 0x0000000083700000, 0x0000000083700000|100%| O|  |TAMS 0x0000000083700000, 0x0000000083600000| Untracked 
|  55|0x0000000083700000, 0x0000000083800000, 0x0000000083800000|100%| O|  |TAMS 0x0000000083800000, 0x0000000083700000| Untracked 
|  56|0x0000000083800000, 0x0000000083900000, 0x0000000083900000|100%| O|  |TAMS 0x0000000083900000, 0x0000000083800000| Untracked 
|  57|0x0000000083900000, 0x0000000083a00000, 0x0000000083a00000|100%| O|  |TAMS 0x0000000083a00000, 0x0000000083900000| Untracked 
|  58|0x0000000083a00000, 0x0000000083b00000, 0x0000000083b00000|100%| O|  |TAMS 0x0000000083b00000, 0x0000000083a00000| Untracked 
|  59|0x0000000083b00000, 0x0000000083c00000, 0x0000000083c00000|100%| O|  |TAMS 0x0000000083c00000, 0x0000000083b00000| Untracked 
|  60|0x0000000083c00000, 0x0000000083d00000, 0x0000000083d00000|100%| O|  |TAMS 0x0000000083d00000, 0x0000000083c00000| Untracked 
|  61|0x0000000083d00000, 0x0000000083e00000, 0x0000000083e00000|100%| O|  |TAMS 0x0000000083e00000, 0x0000000083d00000| Untracked 
|  62|0x0000000083e00000, 0x0000000083f00000, 0x0000000083f00000|100%| O|  |TAMS 0x0000000083f00000, 0x0000000083e00000| Untracked 
|  63|0x0000000083f00000, 0x0000000084000000, 0x0000000084000000|100%| O|  |TAMS 0x0000000084000000, 0x0000000083f00000| Untracked 
|  64|0x0000000084000000, 0x0000000084100000, 0x0000000084100000|100%|HS|  |TAMS 0x0000000084100000, 0x0000000084000000| Complete 
|  65|0x0000000084100000, 0x0000000084200000, 0x0000000084200000|100%|HS|  |TAMS 0x0000000084200000, 0x0000000084100000| Complete 
|  66|0x0000000084200000, 0x0000000084300000, 0x0000000084300000|100%|HS|  |TAMS 0x0000000084300000, 0x0000000084200000| Complete 
|  67|0x0000000084300000, 0x0000000084400000, 0x0000000084400000|100%| O|  |TAMS 0x0000000084400000, 0x0000000084300000| Untracked 
|  68|0x0000000084400000, 0x0000000084500000, 0x0000000084500000|100%|HS|  |TAMS 0x0000000084500000, 0x0000000084400000| Complete 
|  69|0x0000000084500000, 0x0000000084600000, 0x0000000084600000|100%| O|  |TAMS 0x0000000084600000, 0x0000000084500000| Untracked 
|  70|0x0000000084600000, 0x0000000084700000, 0x0000000084700000|100%| O|  |TAMS 0x0000000084700000, 0x0000000084600000| Untracked 
|  71|0x0000000084700000, 0x0000000084800000, 0x0000000084800000|100%| O|  |TAMS 0x0000000084800000, 0x0000000084700000| Untracked 
|  72|0x0000000084800000, 0x0000000084900000, 0x0000000084900000|100%| O|  |TAMS 0x0000000084900000, 0x0000000084800000| Untracked 
|  73|0x0000000084900000, 0x0000000084a00000, 0x0000000084a00000|100%| O|  |TAMS 0x0000000084a00000, 0x0000000084900000| Untracked 
|  74|0x0000000084a00000, 0x0000000084b00000, 0x0000000084b00000|100%| O|  |TAMS 0x0000000084b00000, 0x0000000084a00000| Untracked 
|  75|0x0000000084b00000, 0x0000000084c00000, 0x0000000084c00000|100%| O|  |TAMS 0x0000000084c00000, 0x0000000084b00000| Untracked 
|  76|0x0000000084c00000, 0x0000000084d00000, 0x0000000084d00000|100%|HS|  |TAMS 0x0000000084d00000, 0x0000000084c00000| Complete 
|  77|0x0000000084d00000, 0x0000000084e00000, 0x0000000084e00000|100%| O|  |TAMS 0x0000000084e00000, 0x0000000084d00000| Untracked 
|  78|0x0000000084e00000, 0x0000000084f00000, 0x0000000084f00000|100%| O|  |TAMS 0x0000000084f00000, 0x0000000084e00000| Untracked 
|  79|0x0000000084f00000, 0x0000000085000000, 0x0000000085000000|100%| O|  |TAMS 0x0000000085000000, 0x0000000084f00000| Untracked 
|  80|0x0000000085000000, 0x0000000085100000, 0x0000000085100000|100%| O|  |TAMS 0x0000000085100000, 0x0000000085000000| Untracked 
|  81|0x0000000085100000, 0x0000000085200000, 0x0000000085200000|100%| O|  |TAMS 0x0000000085200000, 0x0000000085100000| Untracked 
|  82|0x0000000085200000, 0x0000000085300000, 0x0000000085300000|100%| O|  |TAMS 0x0000000085300000, 0x0000000085200000| Untracked 
|  83|0x0000000085300000, 0x0000000085400000, 0x0000000085400000|100%|HS|  |TAMS 0x0000000085400000, 0x0000000085300000| Complete 
|  84|0x0000000085400000, 0x0000000085500000, 0x0000000085500000|100%| O|  |TAMS 0x0000000085500000, 0x0000000085400000| Untracked 
|  85|0x0000000085500000, 0x0000000085600000, 0x0000000085600000|100%|HS|  |TAMS 0x0000000085600000, 0x0000000085500000| Complete 
|  86|0x0000000085600000, 0x0000000085700000, 0x0000000085700000|100%|HC|  |TAMS 0x0000000085700000, 0x0000000085600000| Complete 
|  87|0x0000000085700000, 0x0000000085800000, 0x0000000085800000|100%|HS|  |TAMS 0x0000000085800000, 0x0000000085700000| Complete 
|  88|0x0000000085800000, 0x0000000085900000, 0x0000000085900000|100%|HS|  |TAMS 0x0000000085900000, 0x0000000085800000| Complete 
|  89|0x0000000085900000, 0x0000000085a00000, 0x0000000085a00000|100%|HS|  |TAMS 0x0000000085a00000, 0x0000000085900000| Complete 
|  90|0x0000000085a00000, 0x0000000085b00000, 0x0000000085b00000|100%| O|  |TAMS 0x0000000085b00000, 0x0000000085a00000| Untracked 
|  91|0x0000000085b00000, 0x0000000085c00000, 0x0000000085c00000|100%| O|  |TAMS 0x0000000085c00000, 0x0000000085b00000| Untracked 
|  92|0x0000000085c00000, 0x0000000085d00000, 0x0000000085d00000|100%| O|  |TAMS 0x0000000085d00000, 0x0000000085c00000| Untracked 
|  93|0x0000000085d00000, 0x0000000085e00000, 0x0000000085e00000|100%| O|  |TAMS 0x0000000085e00000, 0x0000000085d00000| Untracked 
|  94|0x0000000085e00000, 0x0000000085f00000, 0x0000000085f00000|100%| O|  |TAMS 0x0000000085f00000, 0x0000000085e00000| Untracked 
|  95|0x0000000085f00000, 0x0000000086000000, 0x0000000086000000|100%| O|  |TAMS 0x0000000086000000, 0x0000000085f00000| Untracked 
|  96|0x0000000086000000, 0x0000000086100000, 0x0000000086100000|100%| O|  |TAMS 0x0000000086100000, 0x0000000086000000| Untracked 
|  97|0x0000000086100000, 0x0000000086200000, 0x0000000086200000|100%| O|  |TAMS 0x0000000086200000, 0x0000000086100000| Untracked 
|  98|0x0000000086200000, 0x0000000086300000, 0x0000000086300000|100%| O|  |TAMS 0x0000000086300000, 0x0000000086200000| Untracked 
|  99|0x0000000086300000, 0x0000000086400000, 0x0000000086400000|100%| O|  |TAMS 0x0000000086400000, 0x0000000086300000| Untracked 
| 100|0x0000000086400000, 0x0000000086500000, 0x0000000086500000|100%| O|  |TAMS 0x0000000086500000, 0x0000000086400000| Untracked 
| 101|0x0000000086500000, 0x0000000086600000, 0x0000000086600000|100%| O|  |TAMS 0x0000000086600000, 0x0000000086500000| Untracked 
| 102|0x0000000086600000, 0x0000000086700000, 0x0000000086700000|100%| O|  |TAMS 0x0000000086700000, 0x0000000086600000| Untracked 
| 103|0x0000000086700000, 0x0000000086800000, 0x0000000086800000|100%| O|  |TAMS 0x0000000086800000, 0x0000000086700000| Untracked 
| 104|0x0000000086800000, 0x0000000086900000, 0x0000000086900000|100%| O|  |TAMS 0x0000000086900000, 0x0000000086800000| Untracked 
| 105|0x0000000086900000, 0x0000000086a00000, 0x0000000086a00000|100%| O|  |TAMS 0x0000000086a00000, 0x0000000086900000| Untracked 
| 106|0x0000000086a00000, 0x0000000086b00000, 0x0000000086b00000|100%| O|  |TAMS 0x0000000086b00000, 0x0000000086a00000| Untracked 
| 107|0x0000000086b00000, 0x0000000086c00000, 0x0000000086c00000|100%| O|  |TAMS 0x0000000086c00000, 0x0000000086b00000| Untracked 
| 108|0x0000000086c00000, 0x0000000086d00000, 0x0000000086d00000|100%| O|  |TAMS 0x0000000086d00000, 0x0000000086c00000| Untracked 
| 109|0x0000000086d00000, 0x0000000086e00000, 0x0000000086e00000|100%| O|  |TAMS 0x0000000086e00000, 0x0000000086d00000| Untracked 
| 110|0x0000000086e00000, 0x0000000086f00000, 0x0000000086f00000|100%| O|  |TAMS 0x0000000086e00000, 0x0000000086e00000| Untracked 
| 111|0x0000000086f00000, 0x0000000087000000, 0x0000000087000000|100%| O|  |TAMS 0x0000000087000000, 0x0000000086f00000| Untracked 
| 112|0x0000000087000000, 0x0000000087100000, 0x0000000087100000|100%| O|  |TAMS 0x0000000087100000, 0x0000000087000000| Untracked 
| 113|0x0000000087100000, 0x0000000087200000, 0x0000000087200000|100%| O|  |TAMS 0x0000000087200000, 0x0000000087100000| Untracked 
| 114|0x0000000087200000, 0x0000000087300000, 0x0000000087300000|100%| O|  |TAMS 0x0000000087300000, 0x0000000087200000| Untracked 
| 115|0x0000000087300000, 0x0000000087400000, 0x0000000087400000|100%| O|  |TAMS 0x0000000087400000, 0x0000000087300000| Untracked 
| 116|0x0000000087400000, 0x0000000087500000, 0x0000000087500000|100%| O|  |TAMS 0x0000000087500000, 0x0000000087400000| Untracked 
| 117|0x0000000087500000, 0x0000000087600000, 0x0000000087600000|100%| O|  |TAMS 0x0000000087600000, 0x0000000087500000| Untracked 
| 118|0x0000000087600000, 0x0000000087700000, 0x0000000087700000|100%| O|  |TAMS 0x0000000087700000, 0x0000000087600000| Untracked 
| 119|0x0000000087700000, 0x0000000087800000, 0x0000000087800000|100%| O|  |TAMS 0x0000000087800000, 0x0000000087700000| Untracked 
| 120|0x0000000087800000, 0x0000000087900000, 0x0000000087900000|100%| O|  |TAMS 0x0000000087900000, 0x0000000087800000| Untracked 
| 121|0x0000000087900000, 0x0000000087a00000, 0x0000000087a00000|100%| O|  |TAMS 0x0000000087a00000, 0x0000000087900000| Untracked 
| 122|0x0000000087a00000, 0x0000000087b00000, 0x0000000087b00000|100%| O|  |TAMS 0x0000000087b00000, 0x0000000087a00000| Untracked 
| 123|0x0000000087b00000, 0x0000000087c00000, 0x0000000087c00000|100%| O|  |TAMS 0x0000000087c00000, 0x0000000087b00000| Untracked 
| 124|0x0000000087c00000, 0x0000000087d00000, 0x0000000087d00000|100%| O|  |TAMS 0x0000000087d00000, 0x0000000087c00000| Untracked 
| 125|0x0000000087d00000, 0x0000000087e00000, 0x0000000087e00000|100%| O|  |TAMS 0x0000000087e00000, 0x0000000087d00000| Untracked 
| 126|0x0000000087e00000, 0x0000000087f00000, 0x0000000087f00000|100%| O|  |TAMS 0x0000000087f00000, 0x0000000087e00000| Untracked 
| 127|0x0000000087f00000, 0x0000000088000000, 0x0000000088000000|100%| O|  |TAMS 0x0000000088000000, 0x0000000087f00000| Untracked 
| 128|0x0000000088000000, 0x0000000088100000, 0x0000000088100000|100%| O|  |TAMS 0x0000000088100000, 0x0000000088000000| Untracked 
| 129|0x0000000088100000, 0x0000000088200000, 0x0000000088200000|100%| O|  |TAMS 0x0000000088200000, 0x0000000088100000| Untracked 
| 130|0x0000000088200000, 0x0000000088300000, 0x0000000088300000|100%| O|  |TAMS 0x0000000088300000, 0x0000000088200000| Untracked 
| 131|0x0000000088300000, 0x0000000088400000, 0x0000000088400000|100%| O|  |TAMS 0x0000000088400000, 0x0000000088300000| Untracked 
| 132|0x0000000088400000, 0x0000000088500000, 0x0000000088500000|100%|HS|  |TAMS 0x0000000088500000, 0x0000000088400000| Complete 
| 133|0x0000000088500000, 0x0000000088600000, 0x0000000088600000|100%|HC|  |TAMS 0x0000000088600000, 0x0000000088500000| Complete 
| 134|0x0000000088600000, 0x0000000088700000, 0x0000000088700000|100%| O|  |TAMS 0x0000000088700000, 0x0000000088600000| Untracked 
| 135|0x0000000088700000, 0x0000000088800000, 0x0000000088800000|100%| O|  |TAMS 0x0000000088800000, 0x0000000088700000| Untracked 
| 136|0x0000000088800000, 0x0000000088900000, 0x0000000088900000|100%| O|  |TAMS 0x0000000088900000, 0x0000000088800000| Untracked 
| 137|0x0000000088900000, 0x0000000088a00000, 0x0000000088a00000|100%| O|  |TAMS 0x0000000088a00000, 0x0000000088900000| Untracked 
| 138|0x0000000088a00000, 0x0000000088b00000, 0x0000000088b00000|100%| O|  |TAMS 0x0000000088b00000, 0x0000000088a00000| Untracked 
| 139|0x0000000088b00000, 0x0000000088c00000, 0x0000000088c00000|100%| O|  |TAMS 0x0000000088c00000, 0x0000000088b00000| Untracked 
| 140|0x0000000088c00000, 0x0000000088d00000, 0x0000000088d00000|100%| O|  |TAMS 0x0000000088d00000, 0x0000000088c00000| Untracked 
| 141|0x0000000088d00000, 0x0000000088e00000, 0x0000000088e00000|100%| O|  |TAMS 0x0000000088e00000, 0x0000000088d00000| Untracked 
| 142|0x0000000088e00000, 0x0000000088f00000, 0x0000000088f00000|100%| O|  |TAMS 0x0000000088f00000, 0x0000000088e00000| Untracked 
| 143|0x0000000088f00000, 0x0000000089000000, 0x0000000089000000|100%| O|  |TAMS 0x0000000089000000, 0x0000000088f00000| Untracked 
| 144|0x0000000089000000, 0x0000000089100000, 0x0000000089100000|100%| O|  |TAMS 0x0000000089100000, 0x0000000089000000| Untracked 
| 145|0x0000000089100000, 0x0000000089200000, 0x0000000089200000|100%| O|  |TAMS 0x0000000089200000, 0x0000000089100000| Untracked 
| 146|0x0000000089200000, 0x0000000089300000, 0x0000000089300000|100%| O|  |TAMS 0x0000000089300000, 0x0000000089200000| Untracked 
| 147|0x0000000089300000, 0x0000000089400000, 0x0000000089400000|100%| O|  |TAMS 0x0000000089400000, 0x0000000089300000| Untracked 
| 148|0x0000000089400000, 0x0000000089500000, 0x0000000089500000|100%| O|  |TAMS 0x0000000089500000, 0x0000000089400000| Untracked 
| 149|0x0000000089500000, 0x0000000089600000, 0x0000000089600000|100%| O|  |TAMS 0x0000000089600000, 0x0000000089500000| Untracked 
| 150|0x0000000089600000, 0x0000000089700000, 0x0000000089700000|100%| O|  |TAMS 0x0000000089700000, 0x0000000089600000| Untracked 
| 151|0x0000000089700000, 0x0000000089800000, 0x0000000089800000|100%| O|  |TAMS 0x0000000089800000, 0x0000000089700000| Untracked 
| 152|0x0000000089800000, 0x0000000089900000, 0x0000000089900000|100%| O|  |TAMS 0x0000000089900000, 0x0000000089800000| Untracked 
| 153|0x0000000089900000, 0x0000000089a00000, 0x0000000089a00000|100%| O|  |TAMS 0x0000000089a00000, 0x0000000089900000| Untracked 
| 154|0x0000000089a00000, 0x0000000089b00000, 0x0000000089b00000|100%| O|  |TAMS 0x0000000089b00000, 0x0000000089a00000| Untracked 
| 155|0x0000000089b00000, 0x0000000089c00000, 0x0000000089c00000|100%| O|  |TAMS 0x0000000089c00000, 0x0000000089b00000| Untracked 
| 156|0x0000000089c00000, 0x0000000089d00000, 0x0000000089d00000|100%| O|  |TAMS 0x0000000089d00000, 0x0000000089c00000| Untracked 
| 157|0x0000000089d00000, 0x0000000089e00000, 0x0000000089e00000|100%| O|  |TAMS 0x0000000089e00000, 0x0000000089d00000| Untracked 
| 158|0x0000000089e00000, 0x0000000089f00000, 0x0000000089f00000|100%| O|  |TAMS 0x0000000089f00000, 0x0000000089e00000| Untracked 
| 159|0x0000000089f00000, 0x000000008a000000, 0x000000008a000000|100%| O|  |TAMS 0x000000008a000000, 0x0000000089f00000| Untracked 
| 160|0x000000008a000000, 0x000000008a100000, 0x000000008a100000|100%| O|  |TAMS 0x000000008a100000, 0x000000008a000000| Untracked 
| 161|0x000000008a100000, 0x000000008a200000, 0x000000008a200000|100%| O|  |TAMS 0x000000008a200000, 0x000000008a100000| Untracked 
| 162|0x000000008a200000, 0x000000008a300000, 0x000000008a300000|100%| O|  |TAMS 0x000000008a300000, 0x000000008a200000| Untracked 
| 163|0x000000008a300000, 0x000000008a400000, 0x000000008a400000|100%| O|  |TAMS 0x000000008a400000, 0x000000008a300000| Untracked 
| 164|0x000000008a400000, 0x000000008a500000, 0x000000008a500000|100%| O|  |TAMS 0x000000008a500000, 0x000000008a400000| Untracked 
| 165|0x000000008a500000, 0x000000008a600000, 0x000000008a600000|100%| O|  |TAMS 0x000000008a600000, 0x000000008a500000| Untracked 
| 166|0x000000008a600000, 0x000000008a600000, 0x000000008a700000|  0%| F|  |TAMS 0x000000008a600000, 0x000000008a600000| Untracked 
| 167|0x000000008a700000, 0x000000008a800000, 0x000000008a800000|100%| O|  |TAMS 0x000000008a800000, 0x000000008a700000| Untracked 
| 168|0x000000008a800000, 0x000000008a900000, 0x000000008a900000|100%| O|  |TAMS 0x000000008a900000, 0x000000008a800000| Untracked 
| 169|0x000000008a900000, 0x000000008aa00000, 0x000000008aa00000|100%| O|  |TAMS 0x000000008aa00000, 0x000000008a900000| Untracked 
| 170|0x000000008aa00000, 0x000000008ab00000, 0x000000008ab00000|100%| O|  |TAMS 0x000000008ab00000, 0x000000008aa00000| Untracked 
| 171|0x000000008ab00000, 0x000000008ac00000, 0x000000008ac00000|100%| O|  |TAMS 0x000000008ac00000, 0x000000008ab00000| Untracked 
| 172|0x000000008ac00000, 0x000000008ad00000, 0x000000008ad00000|100%| O|  |TAMS 0x000000008ad00000, 0x000000008ac00000| Untracked 
| 173|0x000000008ad00000, 0x000000008ae00000, 0x000000008ae00000|100%| O|  |TAMS 0x000000008ae00000, 0x000000008ad00000| Untracked 
| 174|0x000000008ae00000, 0x000000008af00000, 0x000000008af00000|100%| O|  |TAMS 0x000000008af00000, 0x000000008ae00000| Untracked 
| 175|0x000000008af00000, 0x000000008b000000, 0x000000008b000000|100%| O|  |TAMS 0x000000008b000000, 0x000000008af00000| Untracked 
| 176|0x000000008b000000, 0x000000008b100000, 0x000000008b100000|100%| O|  |TAMS 0x000000008b100000, 0x000000008b000000| Untracked 
| 177|0x000000008b100000, 0x000000008b200000, 0x000000008b200000|100%| O|  |TAMS 0x000000008b200000, 0x000000008b100000| Untracked 
| 178|0x000000008b200000, 0x000000008b300000, 0x000000008b300000|100%| O|  |TAMS 0x000000008b300000, 0x000000008b200000| Untracked 
| 179|0x000000008b300000, 0x000000008b400000, 0x000000008b400000|100%| O|  |TAMS 0x000000008b400000, 0x000000008b300000| Untracked 
| 180|0x000000008b400000, 0x000000008b500000, 0x000000008b500000|100%| O|  |TAMS 0x000000008b500000, 0x000000008b400000| Untracked 
| 181|0x000000008b500000, 0x000000008b600000, 0x000000008b600000|100%| O|  |TAMS 0x000000008b600000, 0x000000008b500000| Untracked 
| 182|0x000000008b600000, 0x000000008b700000, 0x000000008b700000|100%| O|  |TAMS 0x000000008b700000, 0x000000008b600000| Untracked 
| 183|0x000000008b700000, 0x000000008b800000, 0x000000008b800000|100%| O|  |TAMS 0x000000008b800000, 0x000000008b700000| Untracked 
| 184|0x000000008b800000, 0x000000008b900000, 0x000000008b900000|100%| O|  |TAMS 0x000000008b900000, 0x000000008b800000| Untracked 
| 185|0x000000008b900000, 0x000000008ba00000, 0x000000008ba00000|100%| O|  |TAMS 0x000000008ba00000, 0x000000008b900000| Untracked 
| 186|0x000000008ba00000, 0x000000008bb00000, 0x000000008bb00000|100%| O|  |TAMS 0x000000008bb00000, 0x000000008ba00000| Untracked 
| 187|0x000000008bb00000, 0x000000008bb00000, 0x000000008bc00000|  0%| F|  |TAMS 0x000000008bb00000, 0x000000008bb00000| Untracked 
| 188|0x000000008bc00000, 0x000000008bd00000, 0x000000008bd00000|100%| O|  |TAMS 0x000000008bc2d600, 0x000000008bc00000| Untracked 
| 189|0x000000008bd00000, 0x000000008be00000, 0x000000008be00000|100%| O|  |TAMS 0x000000008bd00000, 0x000000008bd00000| Untracked 
| 190|0x000000008be00000, 0x000000008bf00000, 0x000000008bf00000|100%| O|  |TAMS 0x000000008be00000, 0x000000008be00000| Untracked 
| 191|0x000000008bf00000, 0x000000008c000000, 0x000000008c000000|100%| O|  |TAMS 0x000000008bf00000, 0x000000008bf00000| Untracked 
| 192|0x000000008c000000, 0x000000008c100000, 0x000000008c100000|100%| O|  |TAMS 0x000000008c000000, 0x000000008c000000| Untracked 
| 193|0x000000008c100000, 0x000000008c200000, 0x000000008c200000|100%| O|  |TAMS 0x000000008c100000, 0x000000008c100000| Untracked 
| 194|0x000000008c200000, 0x000000008c300000, 0x000000008c300000|100%| O|  |TAMS 0x000000008c200000, 0x000000008c200000| Untracked 
| 195|0x000000008c300000, 0x000000008c400000, 0x000000008c400000|100%| O|  |TAMS 0x000000008c300000, 0x000000008c300000| Untracked 
| 196|0x000000008c400000, 0x000000008c500000, 0x000000008c500000|100%| O|  |TAMS 0x000000008c400000, 0x000000008c400000| Untracked 
| 197|0x000000008c500000, 0x000000008c600000, 0x000000008c600000|100%| O|  |TAMS 0x000000008c500000, 0x000000008c500000| Untracked 
| 198|0x000000008c600000, 0x000000008c700000, 0x000000008c700000|100%| O|  |TAMS 0x000000008c600000, 0x000000008c600000| Untracked 
| 199|0x000000008c700000, 0x000000008c800000, 0x000000008c800000|100%| O|  |TAMS 0x000000008c700000, 0x000000008c700000| Untracked 
| 200|0x000000008c800000, 0x000000008c900000, 0x000000008c900000|100%| O|  |TAMS 0x000000008c800000, 0x000000008c800000| Untracked 
| 201|0x000000008c900000, 0x000000008ca00000, 0x000000008ca00000|100%| O|  |TAMS 0x000000008c900000, 0x000000008c900000| Untracked 
| 202|0x000000008ca00000, 0x000000008cb00000, 0x000000008cb00000|100%| O|  |TAMS 0x000000008cb00000, 0x000000008ca00000| Untracked 
| 203|0x000000008cb00000, 0x000000008cc00000, 0x000000008cc00000|100%| O|  |TAMS 0x000000008cc00000, 0x000000008cb00000| Untracked 
| 204|0x000000008cc00000, 0x000000008cd00000, 0x000000008cd00000|100%| O|  |TAMS 0x000000008cd00000, 0x000000008cc00000| Untracked 
| 205|0x000000008cd00000, 0x000000008ce00000, 0x000000008ce00000|100%| O|  |TAMS 0x000000008ce00000, 0x000000008cd00000| Untracked 
| 206|0x000000008ce00000, 0x000000008cf00000, 0x000000008cf00000|100%| O|  |TAMS 0x000000008cf00000, 0x000000008ce00000| Untracked 
| 207|0x000000008cf00000, 0x000000008d000000, 0x000000008d000000|100%| O|  |TAMS 0x000000008d000000, 0x000000008cf00000| Untracked 
| 208|0x000000008d000000, 0x000000008d100000, 0x000000008d100000|100%| O|  |TAMS 0x000000008d100000, 0x000000008d000000| Untracked 
| 209|0x000000008d100000, 0x000000008d200000, 0x000000008d200000|100%| O|  |TAMS 0x000000008d200000, 0x000000008d100000| Untracked 
| 210|0x000000008d200000, 0x000000008d300000, 0x000000008d300000|100%| O|  |TAMS 0x000000008d300000, 0x000000008d200000| Untracked 
| 211|0x000000008d300000, 0x000000008d400000, 0x000000008d400000|100%| O|  |TAMS 0x000000008d300000, 0x000000008d300000| Untracked 
| 212|0x000000008d400000, 0x000000008d500000, 0x000000008d500000|100%| O|  |TAMS 0x000000008d400000, 0x000000008d400000| Untracked 
| 213|0x000000008d500000, 0x000000008d600000, 0x000000008d600000|100%| O|  |TAMS 0x000000008d500000, 0x000000008d500000| Untracked 
| 214|0x000000008d600000, 0x000000008d700000, 0x000000008d700000|100%| O|  |TAMS 0x000000008d600000, 0x000000008d600000| Untracked 
| 215|0x000000008d700000, 0x000000008d800000, 0x000000008d800000|100%| O|  |TAMS 0x000000008d700000, 0x000000008d700000| Untracked 
| 216|0x000000008d800000, 0x000000008d900000, 0x000000008d900000|100%| O|  |TAMS 0x000000008d800000, 0x000000008d800000| Untracked 
| 217|0x000000008d900000, 0x000000008da00000, 0x000000008da00000|100%| O|  |TAMS 0x000000008d900000, 0x000000008d900000| Untracked 
| 218|0x000000008da00000, 0x000000008db00000, 0x000000008db00000|100%| O|  |TAMS 0x000000008da00000, 0x000000008da00000| Untracked 
| 219|0x000000008db00000, 0x000000008dc00000, 0x000000008dc00000|100%| O|  |TAMS 0x000000008db00000, 0x000000008db00000| Untracked 
| 220|0x000000008dc00000, 0x000000008dd00000, 0x000000008dd00000|100%| O|  |TAMS 0x000000008dc00000, 0x000000008dc00000| Untracked 
| 221|0x000000008dd00000, 0x000000008de00000, 0x000000008de00000|100%| O|  |TAMS 0x000000008dd00000, 0x000000008dd00000| Untracked 
| 222|0x000000008de00000, 0x000000008df00000, 0x000000008df00000|100%| O|  |TAMS 0x000000008de00000, 0x000000008de00000| Untracked 
| 223|0x000000008df00000, 0x000000008e000000, 0x000000008e000000|100%| O|  |TAMS 0x000000008df00000, 0x000000008df00000| Untracked 
| 224|0x000000008e000000, 0x000000008e100000, 0x000000008e100000|100%| O|  |TAMS 0x000000008e000000, 0x000000008e000000| Untracked 
| 225|0x000000008e100000, 0x000000008e200000, 0x000000008e200000|100%| O|  |TAMS 0x000000008e100000, 0x000000008e100000| Untracked 
| 226|0x000000008e200000, 0x000000008e300000, 0x000000008e300000|100%| O|  |TAMS 0x000000008e200000, 0x000000008e200000| Untracked 
| 227|0x000000008e300000, 0x000000008e367800, 0x000000008e400000| 40%| O|  |TAMS 0x000000008e300000, 0x000000008e300000| Untracked 
| 228|0x000000008e400000, 0x000000008e400000, 0x000000008e500000|  0%| F|  |TAMS 0x000000008e400000, 0x000000008e400000| Untracked 
| 229|0x000000008e500000, 0x000000008e500000, 0x000000008e600000|  0%| F|  |TAMS 0x000000008e500000, 0x000000008e500000| Untracked 
| 230|0x000000008e600000, 0x000000008e600000, 0x000000008e700000|  0%| F|  |TAMS 0x000000008e600000, 0x000000008e600000| Untracked 
| 231|0x000000008e700000, 0x000000008e700000, 0x000000008e800000|  0%| F|  |TAMS 0x000000008e700000, 0x000000008e700000| Untracked 
| 232|0x000000008e800000, 0x000000008e800000, 0x000000008e900000|  0%| F|  |TAMS 0x000000008e800000, 0x000000008e800000| Untracked 
| 233|0x000000008e900000, 0x000000008e900000, 0x000000008ea00000|  0%| F|  |TAMS 0x000000008e900000, 0x000000008e900000| Untracked 
| 234|0x000000008ea00000, 0x000000008ea00000, 0x000000008eb00000|  0%| F|  |TAMS 0x000000008ea00000, 0x000000008ea00000| Untracked 
| 235|0x000000008eb00000, 0x000000008eb00000, 0x000000008ec00000|  0%| F|  |TAMS 0x000000008eb00000, 0x000000008eb00000| Untracked 
| 236|0x000000008ec00000, 0x000000008ec00000, 0x000000008ed00000|  0%| F|  |TAMS 0x000000008ec00000, 0x000000008ec00000| Untracked 
| 237|0x000000008ed00000, 0x000000008ed00000, 0x000000008ee00000|  0%| F|  |TAMS 0x000000008ed00000, 0x000000008ed00000| Untracked 
| 238|0x000000008ee00000, 0x000000008ee00000, 0x000000008ef00000|  0%| F|  |TAMS 0x000000008ee00000, 0x000000008ee00000| Untracked 
| 239|0x000000008ef00000, 0x000000008ef00000, 0x000000008f000000|  0%| F|  |TAMS 0x000000008ef00000, 0x000000008ef00000| Untracked 
| 240|0x000000008f000000, 0x000000008f000000, 0x000000008f100000|  0%| F|  |TAMS 0x000000008f000000, 0x000000008f000000| Untracked 
| 241|0x000000008f100000, 0x000000008f100000, 0x000000008f200000|  0%| F|  |TAMS 0x000000008f100000, 0x000000008f100000| Untracked 
| 242|0x000000008f200000, 0x000000008f200000, 0x000000008f300000|  0%| F|  |TAMS 0x000000008f200000, 0x000000008f200000| Untracked 
| 243|0x000000008f300000, 0x000000008f300000, 0x000000008f400000|  0%| F|  |TAMS 0x000000008f300000, 0x000000008f300000| Untracked 
| 244|0x000000008f400000, 0x000000008f400000, 0x000000008f500000|  0%| F|  |TAMS 0x000000008f400000, 0x000000008f400000| Untracked 
| 245|0x000000008f500000, 0x000000008f500000, 0x000000008f600000|  0%| F|  |TAMS 0x000000008f500000, 0x000000008f500000| Untracked 
| 246|0x000000008f600000, 0x000000008f600000, 0x000000008f700000|  0%| F|  |TAMS 0x000000008f600000, 0x000000008f600000| Untracked 
| 247|0x000000008f700000, 0x000000008f700000, 0x000000008f800000|  0%| F|  |TAMS 0x000000008f700000, 0x000000008f700000| Untracked 
| 248|0x000000008f800000, 0x000000008f800000, 0x000000008f900000|  0%| F|  |TAMS 0x000000008f800000, 0x000000008f800000| Untracked 
| 249|0x000000008f900000, 0x000000008f900000, 0x000000008fa00000|  0%| F|  |TAMS 0x000000008f900000, 0x000000008f900000| Untracked 
| 250|0x000000008fa00000, 0x000000008fa00000, 0x000000008fb00000|  0%| F|  |TAMS 0x000000008fa00000, 0x000000008fa00000| Untracked 
| 251|0x000000008fb00000, 0x000000008fb00000, 0x000000008fc00000|  0%| F|  |TAMS 0x000000008fb00000, 0x000000008fb00000| Untracked 
| 252|0x000000008fc00000, 0x000000008fc00000, 0x000000008fd00000|  0%| F|  |TAMS 0x000000008fc00000, 0x000000008fc00000| Untracked 
| 253|0x000000008fd00000, 0x000000008fd00000, 0x000000008fe00000|  0%| F|  |TAMS 0x000000008fd00000, 0x000000008fd00000| Untracked 
| 254|0x000000008fe00000, 0x000000008fe00000, 0x000000008ff00000|  0%| F|  |TAMS 0x000000008fe00000, 0x000000008fe00000| Untracked 
| 255|0x000000008ff00000, 0x000000008ff00000, 0x0000000090000000|  0%| F|  |TAMS 0x000000008ff00000, 0x000000008ff00000| Untracked 
| 256|0x0000000090000000, 0x0000000090000000, 0x0000000090100000|  0%| F|  |TAMS 0x0000000090000000, 0x0000000090000000| Untracked 
| 257|0x0000000090100000, 0x0000000090100000, 0x0000000090200000|  0%| F|  |TAMS 0x0000000090100000, 0x0000000090100000| Untracked 
| 258|0x0000000090200000, 0x0000000090200000, 0x0000000090300000|  0%| F|  |TAMS 0x0000000090200000, 0x0000000090200000| Untracked 
| 259|0x0000000090300000, 0x0000000090300000, 0x0000000090400000|  0%| F|  |TAMS 0x0000000090300000, 0x0000000090300000| Untracked 
| 260|0x0000000090400000, 0x0000000090400000, 0x0000000090500000|  0%| F|  |TAMS 0x0000000090400000, 0x0000000090400000| Untracked 
| 261|0x0000000090500000, 0x0000000090500000, 0x0000000090600000|  0%| F|  |TAMS 0x0000000090500000, 0x0000000090500000| Untracked 
| 262|0x0000000090600000, 0x0000000090600000, 0x0000000090700000|  0%| F|  |TAMS 0x0000000090600000, 0x0000000090600000| Untracked 
| 263|0x0000000090700000, 0x0000000090700000, 0x0000000090800000|  0%| F|  |TAMS 0x0000000090700000, 0x0000000090700000| Untracked 
| 264|0x0000000090800000, 0x0000000090800000, 0x0000000090900000|  0%| F|  |TAMS 0x0000000090800000, 0x0000000090800000| Untracked 
| 265|0x0000000090900000, 0x0000000090900000, 0x0000000090a00000|  0%| F|  |TAMS 0x0000000090900000, 0x0000000090900000| Untracked 
| 266|0x0000000090a00000, 0x0000000090a00000, 0x0000000090b00000|  0%| F|  |TAMS 0x0000000090a00000, 0x0000000090a00000| Untracked 
| 267|0x0000000090b00000, 0x0000000090b00000, 0x0000000090c00000|  0%| F|  |TAMS 0x0000000090b00000, 0x0000000090b00000| Untracked 
| 268|0x0000000090c00000, 0x0000000090c00000, 0x0000000090d00000|  0%| F|  |TAMS 0x0000000090c00000, 0x0000000090c00000| Untracked 
| 269|0x0000000090d00000, 0x0000000090d00000, 0x0000000090e00000|  0%| F|  |TAMS 0x0000000090d00000, 0x0000000090d00000| Untracked 
| 270|0x0000000090e00000, 0x0000000090e00000, 0x0000000090f00000|  0%| F|  |TAMS 0x0000000090e00000, 0x0000000090e00000| Untracked 
| 271|0x0000000090f00000, 0x0000000090f00000, 0x0000000091000000|  0%| F|  |TAMS 0x0000000090f00000, 0x0000000090f00000| Untracked 
| 272|0x0000000091000000, 0x0000000091000000, 0x0000000091100000|  0%| F|  |TAMS 0x0000000091000000, 0x0000000091000000| Untracked 
| 273|0x0000000091100000, 0x0000000091100000, 0x0000000091200000|  0%| F|  |TAMS 0x0000000091100000, 0x0000000091100000| Untracked 
| 274|0x0000000091200000, 0x0000000091200000, 0x0000000091300000|  0%| F|  |TAMS 0x0000000091200000, 0x0000000091200000| Untracked 
| 275|0x0000000091300000, 0x0000000091300000, 0x0000000091400000|  0%| F|  |TAMS 0x0000000091300000, 0x0000000091300000| Untracked 
| 276|0x0000000091400000, 0x0000000091400000, 0x0000000091500000|  0%| F|  |TAMS 0x0000000091400000, 0x0000000091400000| Untracked 
| 277|0x0000000091500000, 0x0000000091500000, 0x0000000091600000|  0%| F|  |TAMS 0x0000000091500000, 0x0000000091500000| Untracked 
| 278|0x0000000091600000, 0x0000000091600000, 0x0000000091700000|  0%| F|  |TAMS 0x0000000091600000, 0x0000000091600000| Untracked 
| 279|0x0000000091700000, 0x0000000091700000, 0x0000000091800000|  0%| F|  |TAMS 0x0000000091700000, 0x0000000091700000| Untracked 
| 280|0x0000000091800000, 0x0000000091800000, 0x0000000091900000|  0%| F|  |TAMS 0x0000000091800000, 0x0000000091800000| Untracked 
| 281|0x0000000091900000, 0x0000000091900000, 0x0000000091a00000|  0%| F|  |TAMS 0x0000000091900000, 0x0000000091900000| Untracked 
| 282|0x0000000091a00000, 0x0000000091a00000, 0x0000000091b00000|  0%| F|  |TAMS 0x0000000091a00000, 0x0000000091a00000| Untracked 
| 283|0x0000000091b00000, 0x0000000091b00000, 0x0000000091c00000|  0%| F|  |TAMS 0x0000000091b00000, 0x0000000091b00000| Untracked 
| 284|0x0000000091c00000, 0x0000000091c00000, 0x0000000091d00000|  0%| F|  |TAMS 0x0000000091c00000, 0x0000000091c00000| Untracked 
| 285|0x0000000091d00000, 0x0000000091d00000, 0x0000000091e00000|  0%| F|  |TAMS 0x0000000091d00000, 0x0000000091d00000| Untracked 
| 286|0x0000000091e00000, 0x0000000091e00000, 0x0000000091f00000|  0%| F|  |TAMS 0x0000000091e00000, 0x0000000091e00000| Untracked 
| 287|0x0000000091f00000, 0x0000000091f00000, 0x0000000092000000|  0%| F|  |TAMS 0x0000000091f00000, 0x0000000091f00000| Untracked 
| 288|0x0000000092000000, 0x0000000092000000, 0x0000000092100000|  0%| F|  |TAMS 0x0000000092000000, 0x0000000092000000| Untracked 
| 289|0x0000000092100000, 0x0000000092100000, 0x0000000092200000|  0%| F|  |TAMS 0x0000000092100000, 0x0000000092100000| Untracked 
| 290|0x0000000092200000, 0x0000000092200000, 0x0000000092300000|  0%| F|  |TAMS 0x0000000092200000, 0x0000000092200000| Untracked 
| 291|0x0000000092300000, 0x0000000092300000, 0x0000000092400000|  0%| F|  |TAMS 0x0000000092300000, 0x0000000092300000| Untracked 
| 292|0x0000000092400000, 0x0000000092400000, 0x0000000092500000|  0%| F|  |TAMS 0x0000000092400000, 0x0000000092400000| Untracked 
| 293|0x0000000092500000, 0x0000000092500000, 0x0000000092600000|  0%| F|  |TAMS 0x0000000092500000, 0x0000000092500000| Untracked 
| 294|0x0000000092600000, 0x0000000092600000, 0x0000000092700000|  0%| F|  |TAMS 0x0000000092600000, 0x0000000092600000| Untracked 
| 295|0x0000000092700000, 0x0000000092700000, 0x0000000092800000|  0%| F|  |TAMS 0x0000000092700000, 0x0000000092700000| Untracked 
| 296|0x0000000092800000, 0x0000000092800000, 0x0000000092900000|  0%| F|  |TAMS 0x0000000092800000, 0x0000000092800000| Untracked 
| 297|0x0000000092900000, 0x0000000092900000, 0x0000000092a00000|  0%| F|  |TAMS 0x0000000092900000, 0x0000000092900000| Untracked 
| 298|0x0000000092a00000, 0x0000000092a00000, 0x0000000092b00000|  0%| F|  |TAMS 0x0000000092a00000, 0x0000000092a00000| Untracked 
| 299|0x0000000092b00000, 0x0000000092b00000, 0x0000000092c00000|  0%| F|  |TAMS 0x0000000092b00000, 0x0000000092b00000| Untracked 
| 300|0x0000000092c00000, 0x0000000092c00000, 0x0000000092d00000|  0%| F|  |TAMS 0x0000000092c00000, 0x0000000092c00000| Untracked 
| 301|0x0000000092d00000, 0x0000000092d00000, 0x0000000092e00000|  0%| F|  |TAMS 0x0000000092d00000, 0x0000000092d00000| Untracked 
| 302|0x0000000092e00000, 0x0000000092e00000, 0x0000000092f00000|  0%| F|  |TAMS 0x0000000092e00000, 0x0000000092e00000| Untracked 
| 303|0x0000000092f00000, 0x0000000092f00000, 0x0000000093000000|  0%| F|  |TAMS 0x0000000092f00000, 0x0000000092f00000| Untracked 
| 304|0x0000000093000000, 0x0000000093000000, 0x0000000093100000|  0%| F|  |TAMS 0x0000000093000000, 0x0000000093000000| Untracked 
| 305|0x0000000093100000, 0x0000000093100000, 0x0000000093200000|  0%| F|  |TAMS 0x0000000093100000, 0x0000000093100000| Untracked 
| 306|0x0000000093200000, 0x0000000093200000, 0x0000000093300000|  0%| F|  |TAMS 0x0000000093200000, 0x0000000093200000| Untracked 
| 307|0x0000000093300000, 0x0000000093300000, 0x0000000093400000|  0%| F|  |TAMS 0x0000000093300000, 0x0000000093300000| Untracked 
| 308|0x0000000093400000, 0x0000000093400000, 0x0000000093500000|  0%| F|  |TAMS 0x0000000093400000, 0x0000000093400000| Untracked 
| 309|0x0000000093500000, 0x0000000093500000, 0x0000000093600000|  0%| F|  |TAMS 0x0000000093500000, 0x0000000093500000| Untracked 
| 310|0x0000000093600000, 0x0000000093600000, 0x0000000093700000|  0%| F|  |TAMS 0x0000000093600000, 0x0000000093600000| Untracked 
| 311|0x0000000093700000, 0x0000000093700000, 0x0000000093800000|  0%| F|  |TAMS 0x0000000093700000, 0x0000000093700000| Untracked 
| 312|0x0000000093800000, 0x0000000093800000, 0x0000000093900000|  0%| F|  |TAMS 0x0000000093800000, 0x0000000093800000| Untracked 
| 313|0x0000000093900000, 0x0000000093900000, 0x0000000093a00000|  0%| F|  |TAMS 0x0000000093900000, 0x0000000093900000| Untracked 
| 314|0x0000000093a00000, 0x0000000093a00000, 0x0000000093b00000|  0%| F|  |TAMS 0x0000000093a00000, 0x0000000093a00000| Untracked 
| 315|0x0000000093b00000, 0x0000000093b00000, 0x0000000093c00000|  0%| F|  |TAMS 0x0000000093b00000, 0x0000000093b00000| Untracked 
| 316|0x0000000093c00000, 0x0000000093c00000, 0x0000000093d00000|  0%| F|  |TAMS 0x0000000093c00000, 0x0000000093c00000| Untracked 
| 317|0x0000000093d00000, 0x0000000093d00000, 0x0000000093e00000|  0%| F|  |TAMS 0x0000000093d00000, 0x0000000093d00000| Untracked 
| 318|0x0000000093e00000, 0x0000000093e00000, 0x0000000093f00000|  0%| F|  |TAMS 0x0000000093e00000, 0x0000000093e00000| Untracked 
| 319|0x0000000093f00000, 0x0000000093f00000, 0x0000000094000000|  0%| F|  |TAMS 0x0000000093f00000, 0x0000000093f00000| Untracked 
| 320|0x0000000094000000, 0x0000000094000000, 0x0000000094100000|  0%| F|  |TAMS 0x0000000094000000, 0x0000000094000000| Untracked 
| 321|0x0000000094100000, 0x0000000094100000, 0x0000000094200000|  0%| F|  |TAMS 0x0000000094100000, 0x0000000094100000| Untracked 
| 322|0x0000000094200000, 0x0000000094200000, 0x0000000094300000|  0%| F|  |TAMS 0x0000000094200000, 0x0000000094200000| Untracked 
| 323|0x0000000094300000, 0x0000000094300000, 0x0000000094400000|  0%| F|  |TAMS 0x0000000094300000, 0x0000000094300000| Untracked 
| 324|0x0000000094400000, 0x0000000094400000, 0x0000000094500000|  0%| F|  |TAMS 0x0000000094400000, 0x0000000094400000| Untracked 
| 325|0x0000000094500000, 0x0000000094500000, 0x0000000094600000|  0%| F|  |TAMS 0x0000000094500000, 0x0000000094500000| Untracked 
| 326|0x0000000094600000, 0x0000000094600000, 0x0000000094700000|  0%| F|  |TAMS 0x0000000094600000, 0x0000000094600000| Untracked 
| 327|0x0000000094700000, 0x0000000094700000, 0x0000000094800000|  0%| F|  |TAMS 0x0000000094700000, 0x0000000094700000| Untracked 
| 328|0x0000000094800000, 0x0000000094800000, 0x0000000094900000|  0%| F|  |TAMS 0x0000000094800000, 0x0000000094800000| Untracked 
| 329|0x0000000094900000, 0x0000000094900000, 0x0000000094a00000|  0%| F|  |TAMS 0x0000000094900000, 0x0000000094900000| Untracked 
| 330|0x0000000094a00000, 0x0000000094a00000, 0x0000000094b00000|  0%| F|  |TAMS 0x0000000094a00000, 0x0000000094a00000| Untracked 
| 331|0x0000000094b00000, 0x0000000094b00000, 0x0000000094c00000|  0%| F|  |TAMS 0x0000000094b00000, 0x0000000094b00000| Untracked 
| 332|0x0000000094c00000, 0x0000000094c00000, 0x0000000094d00000|  0%| F|  |TAMS 0x0000000094c00000, 0x0000000094c00000| Untracked 
| 333|0x0000000094d00000, 0x0000000094d00000, 0x0000000094e00000|  0%| F|  |TAMS 0x0000000094d00000, 0x0000000094d00000| Untracked 
| 334|0x0000000094e00000, 0x0000000094e00000, 0x0000000094f00000|  0%| F|  |TAMS 0x0000000094e00000, 0x0000000094e00000| Untracked 
| 335|0x0000000094f00000, 0x0000000094f00000, 0x0000000095000000|  0%| F|  |TAMS 0x0000000094f00000, 0x0000000094f00000| Untracked 
| 336|0x0000000095000000, 0x0000000095000000, 0x0000000095100000|  0%| F|  |TAMS 0x0000000095000000, 0x0000000095000000| Untracked 
| 337|0x0000000095100000, 0x0000000095100000, 0x0000000095200000|  0%| F|  |TAMS 0x0000000095100000, 0x0000000095100000| Untracked 
| 338|0x0000000095200000, 0x0000000095200000, 0x0000000095300000|  0%| F|  |TAMS 0x0000000095200000, 0x0000000095200000| Untracked 
| 339|0x0000000095300000, 0x0000000095300000, 0x0000000095400000|  0%| F|  |TAMS 0x0000000095300000, 0x0000000095300000| Untracked 
| 340|0x0000000095400000, 0x0000000095400000, 0x0000000095500000|  0%| F|  |TAMS 0x0000000095400000, 0x0000000095400000| Untracked 
| 341|0x0000000095500000, 0x0000000095500000, 0x0000000095600000|  0%| F|  |TAMS 0x0000000095500000, 0x0000000095500000| Untracked 
| 342|0x0000000095600000, 0x0000000095600000, 0x0000000095700000|  0%| F|  |TAMS 0x0000000095600000, 0x0000000095600000| Untracked 
| 343|0x0000000095700000, 0x0000000095700000, 0x0000000095800000|  0%| F|  |TAMS 0x0000000095700000, 0x0000000095700000| Untracked 
| 344|0x0000000095800000, 0x0000000095800000, 0x0000000095900000|  0%| F|  |TAMS 0x0000000095800000, 0x0000000095800000| Untracked 
| 345|0x0000000095900000, 0x0000000095900000, 0x0000000095a00000|  0%| F|  |TAMS 0x0000000095900000, 0x0000000095900000| Untracked 
| 346|0x0000000095a00000, 0x0000000095a00000, 0x0000000095b00000|  0%| F|  |TAMS 0x0000000095a00000, 0x0000000095a00000| Untracked 
| 347|0x0000000095b00000, 0x0000000095b00000, 0x0000000095c00000|  0%| F|  |TAMS 0x0000000095b00000, 0x0000000095b00000| Untracked 
| 348|0x0000000095c00000, 0x0000000095c00000, 0x0000000095d00000|  0%| F|  |TAMS 0x0000000095c00000, 0x0000000095c00000| Untracked 
| 349|0x0000000095d00000, 0x0000000095d00000, 0x0000000095e00000|  0%| F|  |TAMS 0x0000000095d00000, 0x0000000095d00000| Untracked 
| 350|0x0000000095e00000, 0x0000000095e00000, 0x0000000095f00000|  0%| F|  |TAMS 0x0000000095e00000, 0x0000000095e00000| Untracked 
| 351|0x0000000095f00000, 0x0000000095f00000, 0x0000000096000000|  0%| F|  |TAMS 0x0000000095f00000, 0x0000000095f00000| Untracked 
| 352|0x0000000096000000, 0x0000000096000000, 0x0000000096100000|  0%| F|  |TAMS 0x0000000096000000, 0x0000000096000000| Untracked 
| 353|0x0000000096100000, 0x0000000096100000, 0x0000000096200000|  0%| F|  |TAMS 0x0000000096100000, 0x0000000096100000| Untracked 
| 354|0x0000000096200000, 0x0000000096200000, 0x0000000096300000|  0%| F|  |TAMS 0x0000000096200000, 0x0000000096200000| Untracked 
| 355|0x0000000096300000, 0x0000000096300000, 0x0000000096400000|  0%| F|  |TAMS 0x0000000096300000, 0x0000000096300000| Untracked 
| 356|0x0000000096400000, 0x0000000096400000, 0x0000000096500000|  0%| F|  |TAMS 0x0000000096400000, 0x0000000096400000| Untracked 
| 357|0x0000000096500000, 0x0000000096500000, 0x0000000096600000|  0%| F|  |TAMS 0x0000000096500000, 0x0000000096500000| Untracked 
| 358|0x0000000096600000, 0x0000000096600000, 0x0000000096700000|  0%| F|  |TAMS 0x0000000096600000, 0x0000000096600000| Untracked 
| 359|0x0000000096700000, 0x0000000096700000, 0x0000000096800000|  0%| F|  |TAMS 0x0000000096700000, 0x0000000096700000| Untracked 
| 360|0x0000000096800000, 0x0000000096800000, 0x0000000096900000|  0%| F|  |TAMS 0x0000000096800000, 0x0000000096800000| Untracked 
| 361|0x0000000096900000, 0x0000000096900000, 0x0000000096a00000|  0%| F|  |TAMS 0x0000000096900000, 0x0000000096900000| Untracked 
| 362|0x0000000096a00000, 0x0000000096a00000, 0x0000000096b00000|  0%| F|  |TAMS 0x0000000096a00000, 0x0000000096a00000| Untracked 
| 363|0x0000000096b00000, 0x0000000096b00000, 0x0000000096c00000|  0%| F|  |TAMS 0x0000000096b00000, 0x0000000096b00000| Untracked 
| 364|0x0000000096c00000, 0x0000000096c00000, 0x0000000096d00000|  0%| F|  |TAMS 0x0000000096c00000, 0x0000000096c00000| Untracked 
| 365|0x0000000096d00000, 0x0000000096d00000, 0x0000000096e00000|  0%| F|  |TAMS 0x0000000096d00000, 0x0000000096d00000| Untracked 
| 366|0x0000000096e00000, 0x0000000096e00000, 0x0000000096f00000|  0%| F|  |TAMS 0x0000000096e00000, 0x0000000096e00000| Untracked 
| 367|0x0000000096f00000, 0x0000000096f00000, 0x0000000097000000|  0%| F|  |TAMS 0x0000000096f00000, 0x0000000096f00000| Untracked 
| 368|0x0000000097000000, 0x0000000097000000, 0x0000000097100000|  0%| F|  |TAMS 0x0000000097000000, 0x0000000097000000| Untracked 
| 369|0x0000000097100000, 0x0000000097100000, 0x0000000097200000|  0%| F|  |TAMS 0x0000000097100000, 0x0000000097100000| Untracked 
| 370|0x0000000097200000, 0x00000000972297a0, 0x0000000097300000| 16%| S|CS|TAMS 0x0000000097200000, 0x0000000097200000| Complete 
| 371|0x0000000097300000, 0x0000000097400000, 0x0000000097400000|100%| S|CS|TAMS 0x0000000097300000, 0x0000000097300000| Complete 
| 372|0x0000000097400000, 0x0000000097500000, 0x0000000097500000|100%| S|CS|TAMS 0x0000000097400000, 0x0000000097400000| Complete 
| 373|0x0000000097500000, 0x0000000097500000, 0x0000000097600000|  0%| F|  |TAMS 0x0000000097500000, 0x0000000097500000| Untracked 
| 374|0x0000000097600000, 0x0000000097600000, 0x0000000097700000|  0%| F|  |TAMS 0x0000000097600000, 0x0000000097600000| Untracked 
| 375|0x0000000097700000, 0x0000000097700000, 0x0000000097800000|  0%| F|  |TAMS 0x0000000097700000, 0x0000000097700000| Untracked 
| 376|0x0000000097800000, 0x0000000097800000, 0x0000000097900000|  0%| F|  |TAMS 0x0000000097800000, 0x0000000097800000| Untracked 

Card table byte_map: [0x000001f96bd10000,0x000001f96c110000] _byte_map_base: 0x000001f96b910000

Marking Bits (Prev, Next): (CMBitMap*) 0x000001f9543a1810, (CMBitMap*) 0x000001f9543a17d0
 Prev Bits: [0x000001f96e510000, 0x000001f970510000)
 Next Bits: [0x000001f96c510000, 0x000001f96e510000)

Polling page: 0x000001f951f90000

Metaspace:

Usage:
  Non-class:     99.97 MB used.
      Class:     16.45 MB used.
       Both:    116.42 MB used.

Virtual space:
  Non-class space:      128.00 MB reserved,     100.56 MB ( 79%) committed,  2 nodes.
      Class space:      416.00 MB reserved,      17.00 MB (  4%) committed,  1 nodes.
             Both:      544.00 MB reserved,     117.56 MB ( 22%) committed. 

Chunk freelists:
   Non-Class:  11.34 MB
       Class:  15.05 MB
        Both:  26.39 MB

MaxMetaspaceSize: 512.00 MB
CompressedClassSpaceSize: 416.00 MB
Initial GC threshold: 21.00 MB
Current GC threshold: 189.31 MB
CDS: on
MetaspaceReclaimPolicy: balanced
 - commit_granule_bytes: 65536.
 - commit_granule_words: 8192.
 - virtual_space_node_default_size: 8388608.
 - enlarge_chunks_in_place: 1.
 - new_chunks_are_fully_committed: 0.
 - uncommit_free_chunks: 1.
 - use_allocation_guard: 0.
 - handle_deallocations: 1.


Internal statistics:

num_allocs_failed_limit: 6.
num_arena_births: 1642.
num_arena_deaths: 38.
num_vsnodes_births: 3.
num_vsnodes_deaths: 0.
num_space_committed: 1880.
num_space_uncommitted: 0.
num_chunks_returned_to_freelist: 54.
num_chunks_taken_from_freelist: 6830.
num_chunk_merges: 29.
num_chunk_splits: 4451.
num_chunks_enlarged: 2907.
num_inconsistent_stats: 0.

CodeHeap 'non-profiled nmethods': size=119168Kb used=8638Kb max_used=9663Kb free=110530Kb
 bounds [0x000001f963a10000, 0x000001f964380000, 0x000001f96ae70000]
CodeHeap 'profiled nmethods': size=119104Kb used=32254Kb max_used=32254Kb free=86849Kb
 bounds [0x000001f95be70000, 0x000001f95de30000, 0x000001f9632c0000]
CodeHeap 'non-nmethods': size=7488Kb used=4145Kb max_used=4196Kb free=3342Kb
 bounds [0x000001f9632c0000, 0x000001f9636e0000, 0x000001f963a10000]
 total_blobs=16893 nmethods=15895 adapters=905
 compilation: enabled
              stopped_count=0, restarted_count=0
 full_count=0

Compilation events (20 events):
Event: 23.772 Thread 0x000001f978c6c330 nmethod 18777 0x000001f95da1dd90 code [0x000001f95da1df20, 0x000001f95da1e058]
Event: 23.773 Thread 0x000001f978c6c330 18854       2       com.android.tools.r8.graph.Y3::<init> (74 bytes)
Event: 23.773 Thread 0x000001f978c6bde0 nmethod 18880 0x000001f963ee4790 code [0x000001f963ee4900, 0x000001f963ee4c78]
Event: 23.774 Thread 0x000001f978c6ddc0 nmethod 18774 0x000001f95d521510 code [0x000001f95d521760, 0x000001f95d521dc8]
Event: 23.774 Thread 0x000001f978c6ddc0 18912 %     3       com.android.tools.r8.utils.u0::e @ 225 (297 bytes)
Event: 23.774 Thread 0x000001f972a00d10 nmethod 18763 0x000001f95d520c10 code [0x000001f95d520e40, 0x000001f95d521298]
Event: 23.775 Thread 0x000001f972a00d10 18913       3       com.android.tools.r8.graph.Y3::a (174 bytes)
Event: 23.775 Thread 0x000001f978c6bde0 18862       4       java.util.HashMap::computeIfAbsent (330 bytes)
Event: 23.775 Thread 0x000001f978c6c330 nmethod 18854 0x000001f95d520390 code [0x000001f95d520560, 0x000001f95d520a68]
Event: 23.776 Thread 0x000001f978c6c330 18870       2       com.android.tools.r8.internal.or::<init> (19 bytes)
Event: 23.776 Thread 0x000001f978c6c330 nmethod 18870 0x000001f95da1d990 code [0x000001f95da1db20, 0x000001f95da1dc78]
Event: 23.776 Thread 0x000001f978c6c330 18857       2       com.android.tools.r8.internal.pr::<init> (46 bytes)
Event: 23.781 Thread 0x000001f972a00d10 nmethod 18913 0x000001f95c0b1510 code [0x000001f95c0b1860, 0x000001f95c0b2ee8]
Event: 23.781 Thread 0x000001f978c6c330 nmethod 18857 0x000001f95c77de90 code [0x000001f95c77e080, 0x000001f95c77e4b8]
Event: 23.781 Thread 0x000001f972a00d10 18905       2       com.android.tools.r8.graph.Y3::c (153 bytes)
Event: 23.781 Thread 0x000001f978c6c330 18841       2       com.android.tools.r8.graph.Y3::c (53 bytes)
Event: 23.782 Thread 0x000001f978c6c330 nmethod 18841 0x000001f95d9dc190 code [0x000001f95d9dc320, 0x000001f95d9dc438]
Event: 23.782 Thread 0x000001f978c6c330 18910       2       com.android.tools.r8.graph.Y3::c (110 bytes)
Event: 23.784 Thread 0x000001f978c6c330 nmethod 18910 0x000001f95d51fc10 code [0x000001f95d51fe00, 0x000001f95d5201b8]
Event: 23.784 Thread 0x000001f978c6ddc0 nmethod 18912% 0x000001f95d9dc510 code [0x000001f95d9dc9a0, 0x000001f95d9df2d8]

GC Heap History (20 events):
Event: 20.843 GC heap after
{Heap after GC invocations=40 (full 0):
 garbage-first heap   total 262144K, used 167112K [0x0000000080000000, 0x0000000100000000)
  region size 1024K, 5 young (5120K), 5 survivors (5120K)
 Metaspace       used 106432K, committed 107520K, reserved 557056K
  class space    used 14708K, committed 15232K, reserved 425984K
}
Event: 21.304 GC heap before
{Heap before GC invocations=40 (full 0):
 garbage-first heap   total 262144K, used 223432K [0x0000000080000000, 0x0000000100000000)
  region size 1024K, 57 young (58368K), 5 survivors (5120K)
 Metaspace       used 109064K, committed 110208K, reserved 557056K
  class space    used 15053K, committed 15616K, reserved 425984K
}
Event: 21.310 GC heap after
{Heap after GC invocations=41 (full 0):
 garbage-first heap   total 262144K, used 173954K [0x0000000080000000, 0x0000000100000000)
  region size 1024K, 6 young (6144K), 6 survivors (6144K)
 Metaspace       used 109064K, committed 110208K, reserved 557056K
  class space    used 15053K, committed 15616K, reserved 425984K
}
Event: 21.442 GC heap before
{Heap before GC invocations=41 (full 0):
 garbage-first heap   total 262144K, used 225154K [0x0000000080000000, 0x0000000100000000)
  region size 1024K, 53 young (54272K), 6 survivors (6144K)
 Metaspace       used 109110K, committed 110272K, reserved 557056K
  class space    used 15060K, committed 15616K, reserved 425984K
}
Event: 21.456 GC heap after
{Heap after GC invocations=42 (full 0):
 garbage-first heap   total 262144K, used 174536K [0x0000000080000000, 0x0000000100000000)
  region size 1024K, 3 young (3072K), 3 survivors (3072K)
 Metaspace       used 109110K, committed 110272K, reserved 557056K
  class space    used 15060K, committed 15616K, reserved 425984K
}
Event: 21.507 GC heap before
{Heap before GC invocations=42 (full 0):
 garbage-first heap   total 262144K, used 192968K [0x0000000080000000, 0x0000000100000000)
  region size 1024K, 18 young (18432K), 3 survivors (3072K)
 Metaspace       used 109418K, committed 110528K, reserved 557056K
  class space    used 15146K, committed 15680K, reserved 425984K
}
Event: 21.512 GC heap after
{Heap after GC invocations=43 (full 0):
 garbage-first heap   total 262144K, used 179167K [0x0000000080000000, 0x0000000100000000)
  region size 1024K, 4 young (4096K), 4 survivors (4096K)
 Metaspace       used 109418K, committed 110528K, reserved 557056K
  class space    used 15146K, committed 15680K, reserved 425984K
}
Event: 21.513 GC heap before
{Heap before GC invocations=43 (full 0):
 garbage-first heap   total 262144K, used 181215K [0x0000000080000000, 0x0000000100000000)
  region size 1024K, 4 young (4096K), 4 survivors (4096K)
 Metaspace       used 109418K, committed 110528K, reserved 557056K
  class space    used 15146K, committed 15680K, reserved 425984K
}
Event: 21.529 GC heap after
{Heap after GC invocations=44 (full 0):
 garbage-first heap   total 381952K, used 180968K [0x0000000080000000, 0x0000000100000000)
  region size 1024K, 4 young (4096K), 4 survivors (4096K)
 Metaspace       used 109418K, committed 110528K, reserved 557056K
  class space    used 15146K, committed 15680K, reserved 425984K
}
Event: 21.530 GC heap before
{Heap before GC invocations=44 (full 0):
 garbage-first heap   total 381952K, used 189160K [0x0000000080000000, 0x0000000100000000)
  region size 1024K, 5 young (5120K), 4 survivors (4096K)
 Metaspace       used 109418K, committed 110528K, reserved 557056K
  class space    used 15146K, committed 15680K, reserved 425984K
}
Event: 21.538 GC heap after
{Heap after GC invocations=45 (full 0):
 garbage-first heap   total 381952K, used 189391K [0x0000000080000000, 0x0000000100000000)
  region size 1024K, 4 young (4096K), 4 survivors (4096K)
 Metaspace       used 109418K, committed 110528K, reserved 557056K
  class space    used 15146K, committed 15680K, reserved 425984K
}
Event: 22.045 GC heap before
{Heap before GC invocations=46 (full 0):
 garbage-first heap   total 381952K, used 338895K [0x0000000080000000, 0x0000000100000000)
  region size 1024K, 131 young (134144K), 4 survivors (4096K)
 Metaspace       used 109957K, committed 111040K, reserved 557056K
  class space    used 15244K, committed 15744K, reserved 425984K
}
Event: 22.056 GC heap after
{Heap after GC invocations=47 (full 0):
 garbage-first heap   total 381952K, used 200618K [0x0000000080000000, 0x0000000100000000)
  region size 1024K, 17 young (17408K), 17 survivors (17408K)
 Metaspace       used 109957K, committed 111040K, reserved 557056K
  class space    used 15244K, committed 15744K, reserved 425984K
}
Event: 22.066 GC heap before
{Heap before GC invocations=47 (full 0):
 garbage-first heap   total 381952K, used 201642K [0x0000000080000000, 0x0000000100000000)
  region size 1024K, 18 young (18432K), 17 survivors (17408K)
 Metaspace       used 110025K, committed 111104K, reserved 557056K
  class space    used 15258K, committed 15808K, reserved 425984K
}
Event: 22.082 GC heap after
{Heap after GC invocations=48 (full 0):
 garbage-first heap   total 381952K, used 203275K [0x0000000080000000, 0x0000000100000000)
  region size 1024K, 3 young (3072K), 3 survivors (3072K)
 Metaspace       used 110025K, committed 111104K, reserved 557056K
  class space    used 15258K, committed 15808K, reserved 425984K
}
Event: 22.955 GC heap before
{Heap before GC invocations=48 (full 0):
 garbage-first heap   total 381952K, used 306699K [0x0000000080000000, 0x0000000100000000)
  region size 1024K, 105 young (107520K), 3 survivors (3072K)
 Metaspace       used 114929K, committed 116032K, reserved 557056K
  class space    used 16049K, committed 16576K, reserved 425984K
}
Event: 22.963 GC heap after
{Heap after GC invocations=49 (full 0):
 garbage-first heap   total 381952K, used 217465K [0x0000000080000000, 0x0000000100000000)
  region size 1024K, 14 young (14336K), 14 survivors (14336K)
 Metaspace       used 114929K, committed 116032K, reserved 557056K
  class space    used 16049K, committed 16576K, reserved 425984K
}
Event: 23.747 GC heap before
{Heap before GC invocations=50 (full 0):
 garbage-first heap   total 386048K, used 310649K [0x0000000080000000, 0x0000000100000000)
  region size 1024K, 106 young (108544K), 14 survivors (14336K)
 Metaspace       used 119054K, committed 120192K, reserved 557056K
  class space    used 16801K, committed 17344K, reserved 425984K
}
Event: 23.768 GC heap after
{Heap after GC invocations=51 (full 0):
 garbage-first heap   total 386048K, used 231646K [0x0000000080000000, 0x0000000100000000)
  region size 1024K, 14 young (14336K), 14 survivors (14336K)
 Metaspace       used 119054K, committed 120192K, reserved 557056K
  class space    used 16801K, committed 17344K, reserved 425984K
}
Event: 23.784 GC heap before
{Heap before GC invocations=51 (full 0):
 garbage-first heap   total 386048K, used 235742K [0x0000000080000000, 0x0000000100000000)
  region size 1024K, 18 young (18432K), 14 survivors (14336K)
 Metaspace       used 119211K, committed 120384K, reserved 557056K
  class space    used 16846K, committed 17408K, reserved 425984K
}

Dll operation events (16 events):
Event: 0.013 Loaded shared library C:\Program Files\Amazon Corretto\jdk17.0.13_11\bin\java.dll
Event: 0.032 Loaded shared library C:\Program Files\Amazon Corretto\jdk17.0.13_11\bin\jsvml.dll
Event: 0.073 Loaded shared library C:\Program Files\Amazon Corretto\jdk17.0.13_11\bin\zip.dll
Event: 0.076 Loaded shared library C:\Program Files\Amazon Corretto\jdk17.0.13_11\bin\instrument.dll
Event: 0.081 Loaded shared library C:\Program Files\Amazon Corretto\jdk17.0.13_11\bin\net.dll
Event: 0.083 Loaded shared library C:\Program Files\Amazon Corretto\jdk17.0.13_11\bin\nio.dll
Event: 0.086 Loaded shared library C:\Program Files\Amazon Corretto\jdk17.0.13_11\bin\zip.dll
Event: 0.251 Loaded shared library C:\Program Files\Amazon Corretto\jdk17.0.13_11\bin\jimage.dll
Event: 0.305 Loaded shared library C:\Program Files\Amazon Corretto\jdk17.0.13_11\bin\verify.dll
Event: 0.429 Loaded shared library C:\Users\Asus\.gradle\native\68d5fa5c4cc2d200863cafc0d521ce42e7d3e7ee720ec0a83991735586a16f82\windows-amd64\native-platform.dll
Event: 0.442 Loaded shared library C:\Users\Asus\.gradle\native\e376f236ea51e6404a007f0833ffe2c6e607c4080706a723a18a27aeea778392\windows-amd64\native-platform-file-events.dll
Event: 1.165 Loaded shared library C:\Program Files\Amazon Corretto\jdk17.0.13_11\bin\management.dll
Event: 1.167 Loaded shared library C:\Program Files\Amazon Corretto\jdk17.0.13_11\bin\management_ext.dll
Event: 1.342 Loaded shared library C:\Program Files\Amazon Corretto\jdk17.0.13_11\bin\extnet.dll
Event: 1.568 Loaded shared library C:\Program Files\Amazon Corretto\jdk17.0.13_11\bin\sunmscapi.dll
Event: 21.132 Loaded shared library C:\Program Files\Amazon Corretto\jdk17.0.13_11\bin\rmi.dll

Deoptimization events (20 events):
Event: 23.740 Thread 0x000001f97e3d3ac0 DEOPT PACKING pc=0x000001f95c6a244d sp=0x00000086a68f9540
Event: 23.740 Thread 0x000001f97e3d3ac0 DEOPT UNPACKING pc=0x000001f963317143 sp=0x00000086a68f89b0 mode 0
Event: 23.740 Thread 0x000001f97fa66f00 DEOPT PACKING pc=0x000001f95c6a1ce5 sp=0x00000086a70f9ac0
Event: 23.740 Thread 0x000001f97fa66f00 DEOPT UNPACKING pc=0x000001f963317143 sp=0x00000086a70f8f58 mode 0
Event: 23.742 Thread 0x000001f97e3d3ac0 DEOPT PACKING pc=0x000001f95da8ca03 sp=0x00000086a68f9b20
Event: 23.742 Thread 0x000001f97e3d3ac0 DEOPT UNPACKING pc=0x000001f963317143 sp=0x00000086a68f9000 mode 0
Event: 23.742 Thread 0x000001f97fa66f00 DEOPT PACKING pc=0x000001f95c6a244d sp=0x00000086a70f9570
Event: 23.742 Thread 0x000001f97fa66f00 DEOPT UNPACKING pc=0x000001f963317143 sp=0x00000086a70f89e0 mode 0
Event: 23.743 Thread 0x000001f97e3d3ac0 DEOPT PACKING pc=0x000001f95c6a1ce5 sp=0x00000086a68f9960
Event: 23.743 Thread 0x000001f97e3d3ac0 DEOPT UNPACKING pc=0x000001f963317143 sp=0x00000086a68f8df8 mode 0
Event: 23.772 Thread 0x000001f97e3d3ac0 DEOPT PACKING pc=0x000001f95c6a1ce5 sp=0x00000086a68f9480
Event: 23.772 Thread 0x000001f97e3d3ac0 DEOPT UNPACKING pc=0x000001f963317143 sp=0x00000086a68f8918 mode 0
Event: 23.772 Thread 0x000001f97fa66f00 Uncommon trap: trap_request=0xffffff45 fr.pc=0x000001f9640593b4 relative=0x0000000000001a54
Event: 23.773 Thread 0x000001f97fa66f00 Uncommon trap: reason=unstable_if action=reinterpret pc=0x000001f9640593b4 method=com.android.tools.r8.utils.u0.e(Ljava/lang/String;)[Ljava/lang/String; @ 27 c2
Event: 23.774 Thread 0x000001f97fa66f00 DEOPT PACKING pc=0x000001f9640593b4 sp=0x00000086a70f9400
Event: 23.774 Thread 0x000001f97fa66f00 DEOPT UNPACKING pc=0x000001f9633169a3 sp=0x00000086a70f93e0 mode 2
Event: 23.779 Thread 0x000001f97e3d3ac0 DEOPT PACKING pc=0x000001f95c6a1ce5 sp=0x00000086a68f99a0
Event: 23.779 Thread 0x000001f97e3d3ac0 DEOPT UNPACKING pc=0x000001f963317143 sp=0x00000086a68f8e38 mode 0
Event: 23.784 Thread 0x000001f97e3d3ac0 DEOPT PACKING pc=0x000001f95c6a1ce5 sp=0x00000086a68f95e0
Event: 23.784 Thread 0x000001f97e3d3ac0 DEOPT UNPACKING pc=0x000001f963317143 sp=0x00000086a68f8a78 mode 0

Classes loaded (20 events):
Event: 21.218 Loading class sun/rmi/transport/DGCImpl$1
Event: 21.218 Loading class sun/rmi/transport/DGCImpl$1 done
Event: 21.218 Loading class sun/rmi/transport/SequenceEntry
Event: 21.218 Loading class sun/rmi/transport/SequenceEntry done
Event: 21.981 Loading class sun/nio/fs/Globs
Event: 21.981 Loading class sun/nio/fs/Globs done
Event: 21.981 Loading class java/util/regex/Pattern$SliceU
Event: 21.982 Loading class java/util/regex/Pattern$SliceU done
Event: 21.982 Loading class sun/nio/fs/WindowsFileSystem$2
Event: 21.982 Loading class java/nio/file/PathMatcher
Event: 21.982 Loading class java/nio/file/PathMatcher done
Event: 21.982 Loading class sun/nio/fs/WindowsFileSystem$2 done
Event: 22.031 Loading class java/util/zip/ZipInputStream
Event: 22.031 Loading class java/util/zip/ZipInputStream done
Event: 22.212 Loading class java/io/UTFDataFormatException
Event: 22.212 Loading class java/io/UTFDataFormatException done
Event: 22.421 Loading class java/util/concurrent/RejectedExecutionException
Event: 22.422 Loading class java/util/concurrent/RejectedExecutionException done
Event: 22.636 Loading class java/lang/reflect/GenericSignatureFormatError
Event: 22.636 Loading class java/lang/reflect/GenericSignatureFormatError done

Classes unloaded (19 events):
Event: 21.721 Thread 0x000001f9729e2af0 Unloading class 0x000001f901e68c00 'java/lang/invoke/LambdaForm$DMH+0x000001f901e68c00'
Event: 21.721 Thread 0x000001f9729e2af0 Unloading class 0x000001f901e68800 'java/lang/invoke/LambdaForm$DMH+0x000001f901e68800'
Event: 21.721 Thread 0x000001f9729e2af0 Unloading class 0x000001f901e68400 'java/lang/invoke/LambdaForm$DMH+0x000001f901e68400'
Event: 21.721 Thread 0x000001f9729e2af0 Unloading class 0x000001f901e68000 'java/lang/invoke/LambdaForm$DMH+0x000001f901e68000'
Event: 21.721 Thread 0x000001f9729e2af0 Unloading class 0x000001f901e67c00 'java/lang/invoke/LambdaForm$DMH+0x000001f901e67c00'
Event: 21.721 Thread 0x000001f9729e2af0 Unloading class 0x000001f901e67400 'java/lang/invoke/LambdaForm$DMH+0x000001f901e67400'
Event: 21.721 Thread 0x000001f9729e2af0 Unloading class 0x000001f901e67800 'java/lang/invoke/LambdaForm$DMH+0x000001f901e67800'
Event: 21.721 Thread 0x000001f9729e2af0 Unloading class 0x000001f901e67000 'java/lang/invoke/LambdaForm$DMH+0x000001f901e67000'
Event: 21.721 Thread 0x000001f9729e2af0 Unloading class 0x000001f901e66c00 'java/lang/invoke/LambdaForm$DMH+0x000001f901e66c00'
Event: 21.721 Thread 0x000001f9729e2af0 Unloading class 0x000001f901e66800 'java/lang/invoke/LambdaForm$DMH+0x000001f901e66800'
Event: 21.721 Thread 0x000001f9729e2af0 Unloading class 0x000001f901e66400 'java/lang/invoke/LambdaForm$DMH+0x000001f901e66400'
Event: 21.721 Thread 0x000001f9729e2af0 Unloading class 0x000001f901e66000 'java/lang/invoke/LambdaForm$DMH+0x000001f901e66000'
Event: 21.721 Thread 0x000001f9729e2af0 Unloading class 0x000001f901e65c00 'java/lang/invoke/LambdaForm$DMH+0x000001f901e65c00'
Event: 21.721 Thread 0x000001f9729e2af0 Unloading class 0x000001f901e65800 'java/lang/invoke/LambdaForm$DMH+0x000001f901e65800'
Event: 21.721 Thread 0x000001f9729e2af0 Unloading class 0x000001f901e65400 'java/lang/invoke/LambdaForm$DMH+0x000001f901e65400'
Event: 21.721 Thread 0x000001f9729e2af0 Unloading class 0x000001f901e65000 'java/lang/invoke/LambdaForm$DMH+0x000001f901e65000'
Event: 21.721 Thread 0x000001f9729e2af0 Unloading class 0x000001f901e64800 'java/lang/invoke/LambdaForm$DMH+0x000001f901e64800'
Event: 21.721 Thread 0x000001f9729e2af0 Unloading class 0x000001f901e64c00 'java/lang/invoke/LambdaForm$DMH+0x000001f901e64c00'
Event: 21.721 Thread 0x000001f9729e2af0 Unloading class 0x000001f901e64400 'java/lang/invoke/LambdaForm$DMH+0x000001f901e64400'

Classes redefined (0 events):
No events

Internal exceptions (20 events):
Event: 22.677 Thread 0x000001f97e3d49f0 Exception <a 'java/lang/NoSuchMethodError'{0x0000000092a3bf40}: 'void java.lang.invoke.DirectMethodHandle$Holder.invokeStatic(java.lang.Object, java.lang.Object, java.lang.Object, int, java.lang.Object, java.lang.Object, java.lang.Object, java.lang.Object)'> (0x0000000092a3bf40) 
thrown [s\src\hotspot\share\interpreter\linkResolver.cpp, line 759]
Event: 22.677 Thread 0x000001f97fa65fd0 Exception <a 'java/lang/NoSuchMethodError'{0x0000000092ce3830}: 'void java.lang.invoke.DirectMethodHandle$Holder.invokeStatic(java.lang.Object, java.lang.Object, java.lang.Object, int, java.lang.Object, java.lang.Object, java.lang.Object, java.lang.Object)'> (0x0000000092ce3830) 
thrown [s\src\hotspot\share\interpreter\linkResolver.cpp, line 759]
Event: 22.677 Thread 0x000001f97d360750 Exception <a 'java/lang/NoSuchMethodError'{0x0000000092bbf468}: 'void java.lang.invoke.DirectMethodHandle$Holder.invokeStatic(java.lang.Object, java.lang.Object, java.lang.Object, int, java.lang.Object, java.lang.Object, java.lang.Object, java.lang.Object)'> (0x0000000092bbf468) 
thrown [s\src\hotspot\share\interpreter\linkResolver.cpp, line 759]
Event: 22.810 Thread 0x000001f97e3d2680 Exception <a 'sun/nio/fs/WindowsException'{0x0000000091f137a0}> (0x0000000091f137a0) 
thrown [s\src\hotspot\share\prims\jni.cpp, line 516]
Event: 22.811 Thread 0x000001f97e3cd070 Exception <a 'sun/nio/fs/WindowsException'{0x0000000091f5a4b8}> (0x0000000091f5a4b8) 
thrown [s\src\hotspot\share\prims\jni.cpp, line 516]
Event: 23.479 Thread 0x000001f97e3d49f0 Exception <a 'java/lang/IncompatibleClassChangeError'{0x0000000094380330}: Found class java.lang.Object, but interface was expected> (0x0000000094380330) 
thrown [s\src\hotspot\share\interpreter\linkResolver.cpp, line 826]
Event: 23.479 Thread 0x000001f97fa650a0 Exception <a 'java/lang/IncompatibleClassChangeError'{0x0000000094588098}: Found class java.lang.Object, but interface was expected> (0x0000000094588098) 
thrown [s\src\hotspot\share\interpreter\linkResolver.cpp, line 826]
Event: 23.483 Thread 0x000001f97fa655b0 Exception <a 'java/lang/NoSuchMethodError'{0x0000000094288a60}: 'void java.lang.invoke.DirectMethodHandle$Holder.invokeInterface(java.lang.Object, java.lang.Object, java.lang.Object, int)'> (0x0000000094288a60) 
thrown [s\src\hotspot\share\interpreter\linkResolver.cpp, line 759]
Event: 23.483 Thread 0x000001f97e3d4f00 Exception <a 'java/lang/NoSuchMethodError'{0x00000000943bc1c0}: 'void java.lang.invoke.DirectMethodHandle$Holder.invokeInterface(java.lang.Object, java.lang.Object, java.lang.Object, int)'> (0x00000000943bc1c0) 
thrown [s\src\hotspot\share\interpreter\linkResolver.cpp, line 759]
Event: 23.483 Thread 0x000001f97e3d5410 Exception <a 'java/lang/NoSuchMethodError'{0x0000000094325008}: 'void java.lang.invoke.DirectMethodHandle$Holder.invokeInterface(java.lang.Object, java.lang.Object, java.lang.Object, int)'> (0x0000000094325008) 
thrown [s\src\hotspot\share\interpreter\linkResolver.cpp, line 759]
Event: 23.483 Thread 0x000001f97fa69780 Exception <a 'java/lang/NoSuchMethodError'{0x00000000943b0e08}: 'void java.lang.invoke.DirectMethodHandle$Holder.invokeInterface(java.lang.Object, java.lang.Object, java.lang.Object, int)'> (0x00000000943b0e08) 
thrown [s\src\hotspot\share\interpreter\linkResolver.cpp, line 759]
Event: 23.483 Thread 0x000001f97fa67e30 Exception <a 'java/lang/NoSuchMethodError'{0x00000000945b64f0}: 'void java.lang.invoke.DirectMethodHandle$Holder.invokeInterface(java.lang.Object, java.lang.Object, java.lang.Object, int)'> (0x00000000945b64f0) 
thrown [s\src\hotspot\share\interpreter\linkResolver.cpp, line 759]
Event: 23.483 Thread 0x000001f97fa650a0 Exception <a 'java/lang/NoSuchMethodError'{0x0000000094397d18}: 'void java.lang.invoke.DirectMethodHandle$Holder.invokeInterface(java.lang.Object, java.lang.Object, java.lang.Object, int)'> (0x0000000094397d18) 
thrown [s\src\hotspot\share\interpreter\linkResolver.cpp, line 759]
Event: 23.483 Thread 0x000001f97fa65fd0 Exception <a 'java/lang/NoSuchMethodError'{0x00000000943a2528}: 'void java.lang.invoke.DirectMethodHandle$Holder.invokeInterface(java.lang.Object, java.lang.Object, java.lang.Object, int)'> (0x00000000943a2528) 
thrown [s\src\hotspot\share\interpreter\linkResolver.cpp, line 759]
Event: 23.483 Thread 0x000001f97e3d44e0 Exception <a 'java/lang/NoSuchMethodError'{0x00000000944b6010}: 'void java.lang.invoke.DirectMethodHandle$Holder.invokeInterface(java.lang.Object, java.lang.Object, java.lang.Object, int)'> (0x00000000944b6010) 
thrown [s\src\hotspot\share\interpreter\linkResolver.cpp, line 759]
Event: 23.483 Thread 0x000001f97e3d3ac0 Exception <a 'java/lang/NoSuchMethodError'{0x0000000094304310}: 'void java.lang.invoke.DirectMethodHandle$Holder.invokeInterface(java.lang.Object, java.lang.Object, java.lang.Object, int)'> (0x0000000094304310) 
thrown [s\src\hotspot\share\interpreter\linkResolver.cpp, line 759]
Event: 23.483 Thread 0x000001f97e3d49f0 Exception <a 'java/lang/NoSuchMethodError'{0x0000000094384af8}: 'void java.lang.invoke.DirectMethodHandle$Holder.invokeInterface(java.lang.Object, java.lang.Object, java.lang.Object, int)'> (0x0000000094384af8) 
thrown [s\src\hotspot\share\interpreter\linkResolver.cpp, line 759]
Event: 23.483 Thread 0x000001f97e3d2680 Exception <a 'java/lang/NoSuchMethodError'{0x000000009440aeb8}: 'void java.lang.invoke.DirectMethodHandle$Holder.invokeInterface(java.lang.Object, java.lang.Object, java.lang.Object, int)'> (0x000000009440aeb8) 
thrown [s\src\hotspot\share\interpreter\linkResolver.cpp, line 759]
Event: 23.484 Thread 0x000001f97d360750 Exception <a 'java/lang/NoSuchMethodError'{0x00000000950f8fb0}: 'void java.lang.invoke.DirectMethodHandle$Holder.invokeInterface(java.lang.Object, java.lang.Object, java.lang.Object, int)'> (0x00000000950f8fb0) 
thrown [s\src\hotspot\share\interpreter\linkResolver.cpp, line 759]
Event: 23.484 Thread 0x000001f97fa66f00 Exception <a 'java/lang/NoSuchMethodError'{0x00000000944913b8}: 'void java.lang.invoke.DirectMethodHandle$Holder.invokeInterface(java.lang.Object, java.lang.Object, java.lang.Object, int)'> (0x00000000944913b8) 
thrown [s\src\hotspot\share\interpreter\linkResolver.cpp, line 759]

VM Operations (20 events):
Event: 22.739 Executing VM operation: HandshakeAllThreads done
Event: 22.955 Executing VM operation: G1CollectForAllocation
Event: 22.963 Executing VM operation: G1CollectForAllocation done
Event: 23.008 Executing VM operation: HandshakeAllThreads
Event: 23.012 Executing VM operation: HandshakeAllThreads done
Event: 23.187 Executing VM operation: G1PauseRemark
Event: 23.209 Executing VM operation: G1PauseRemark done
Event: 23.307 Executing VM operation: G1PauseCleanup
Event: 23.315 Executing VM operation: G1PauseCleanup done
Event: 23.502 Executing VM operation: HandshakeAllThreads
Event: 23.503 Executing VM operation: HandshakeAllThreads done
Event: 23.581 Executing VM operation: HandshakeAllThreads
Event: 23.582 Executing VM operation: HandshakeAllThreads done
Event: 23.584 Executing VM operation: HandshakeAllThreads
Event: 23.585 Executing VM operation: HandshakeAllThreads done
Event: 23.592 Executing VM operation: HandshakeAllThreads
Event: 23.593 Executing VM operation: HandshakeAllThreads done
Event: 23.743 Executing VM operation: G1CollectForAllocation
Event: 23.768 Executing VM operation: G1CollectForAllocation done
Event: 23.784 Executing VM operation: G1CollectForAllocation

Memory protections (0 events):
No events

Nmethod flushes (20 events):
Event: 23.221 Thread 0x000001f972a05640 flushing  nmethod 0x000001f95dcb2c10
Event: 23.221 Thread 0x000001f972a05640 flushing  nmethod 0x000001f95dcb8110
Event: 23.221 Thread 0x000001f972a05640 flushing  nmethod 0x000001f95dcbac10
Event: 23.221 Thread 0x000001f972a05640 flushing  nmethod 0x000001f95dcbb610
Event: 23.221 Thread 0x000001f972a05640 flushing  nmethod 0x000001f95dcc1f10
Event: 23.221 Thread 0x000001f972a05640 flushing  nmethod 0x000001f95dce1710
Event: 23.221 Thread 0x000001f972a05640 flushing  nmethod 0x000001f95dce1f10
Event: 23.221 Thread 0x000001f972a05640 flushing  nmethod 0x000001f95dce2310
Event: 23.221 Thread 0x000001f972a05640 flushing  nmethod 0x000001f95dce2a10
Event: 23.221 Thread 0x000001f972a05640 flushing  nmethod 0x000001f95dce3790
Event: 23.221 Thread 0x000001f972a05640 flushing  nmethod 0x000001f95dce4a10
Event: 23.221 Thread 0x000001f972a05640 flushing  nmethod 0x000001f95dce5b90
Event: 23.221 Thread 0x000001f972a05640 flushing osr nmethod 0x000001f95dce8590
Event: 23.221 Thread 0x000001f972a05640 flushing  nmethod 0x000001f95dceae10
Event: 23.221 Thread 0x000001f972a05640 flushing  nmethod 0x000001f95dced610
Event: 23.221 Thread 0x000001f972a05640 flushing  nmethod 0x000001f95dcee690
Event: 23.221 Thread 0x000001f972a05640 flushing  nmethod 0x000001f95dcf1390
Event: 23.221 Thread 0x000001f972a05640 flushing  nmethod 0x000001f95dcf1910
Event: 23.221 Thread 0x000001f972a05640 flushing  nmethod 0x000001f95dcf2890
Event: 23.221 Thread 0x000001f972a05640 flushing  nmethod 0x000001f95dd16390

Events (20 events):
Event: 20.247 Thread 0x000001f97d35d4b0 Thread added: 0x000001f97fa6baf0
Event: 20.247 Thread 0x000001f97d35d4b0 Thread added: 0x000001f97fa6b5e0
Event: 20.247 Thread 0x000001f97d35d4b0 Thread added: 0x000001f97fa68340
Event: 20.248 Thread 0x000001f97d35d4b0 Thread added: 0x000001f97fa6b0d0
Event: 20.248 Thread 0x000001f97d35d4b0 Thread added: 0x000001f97fa6d440
Event: 20.248 Thread 0x000001f97d35d4b0 Thread added: 0x000001f97fa6c000
Event: 20.248 Thread 0x000001f97d35d4b0 Thread added: 0x000001f97fa6c510
Event: 20.248 Thread 0x000001f97d35d4b0 Thread added: 0x000001f97fa6abc0
Event: 20.248 Thread 0x000001f97d35d4b0 Thread added: 0x000001f97fa6de60
Event: 20.248 Thread 0x000001f97d35d4b0 Thread added: 0x000001f97fa6d950
Event: 20.965 Thread 0x000001f97d35d4b0 Thread added: 0x000001f97fa6e880
Event: 21.124 Thread 0x000001f97fa6e880 Thread added: 0x000001f97fa6f2a0
Event: 21.130 Thread 0x000001f97fa6e880 Thread added: 0x000001f97fa6f7b0
Event: 21.132 Thread 0x000001f97fa6e880 Thread added: 0x000001f97fa6fcc0
Event: 21.178 Thread 0x000001f97adc0090 Thread added: 0x000001f97fa701d0
Event: 21.183 Thread 0x000001f97fa6e880 Thread added: 0x000001f97fa706e0
Event: 21.184 Thread 0x000001f97fa6e880 Thread added: 0x000001f97fa6cf30
Event: 21.210 Thread 0x000001f97fa701d0 Thread added: 0x000001f97fa70bf0
Event: 21.212 Thread 0x000001f97fa706e0 Thread added: 0x000001f97fa72f60
Event: 21.233 Thread 0x000001f97fa706e0 Thread added: 0x000001f97fa73e90


Dynamic libraries:
0x00007ff63f470000 - 0x00007ff63f47e000 	C:\Program Files\Amazon Corretto\jdk17.0.13_11\bin\java.exe
0x00007ffc63620000 - 0x00007ffc63880000 	C:\WINDOWS\SYSTEM32\ntdll.dll
0x00007ffc20930000 - 0x00007ffc2094a000 	C:\Program Files\AVG\Antivirus\aswhook.dll
0x00007ffc616a0000 - 0x00007ffc61767000 	C:\WINDOWS\System32\KERNEL32.DLL
0x00007ffc60db0000 - 0x00007ffc6117a000 	C:\WINDOWS\System32\KERNELBASE.dll
0x00007ffc60830000 - 0x00007ffc6097b000 	C:\WINDOWS\System32\ucrtbase.dll
0x00007ffc486a0000 - 0x00007ffc486b7000 	C:\Program Files\Amazon Corretto\jdk17.0.13_11\bin\jli.dll
0x00007ffc429e0000 - 0x00007ffc429fb000 	C:\Program Files\Amazon Corretto\jdk17.0.13_11\bin\VCRUNTIME140.dll
0x00007ffc62e50000 - 0x00007ffc6301c000 	C:\WINDOWS\System32\USER32.dll
0x00007ffc60800000 - 0x00007ffc60827000 	C:\WINDOWS\System32\win32u.dll
0x00007ffc627e0000 - 0x00007ffc6280a000 	C:\WINDOWS\System32\GDI32.dll
0x00007ffc3cf50000 - 0x00007ffc3d1e7000 	C:\WINDOWS\WinSxS\amd64_microsoft.windows.common-controls_6595b64144ccf1df_6.0.26100.3624_none_3e086962e3345f24\COMCTL32.dll
0x00007ffc60bb0000 - 0x00007ffc60ce1000 	C:\WINDOWS\System32\gdi32full.dll
0x00007ffc63270000 - 0x00007ffc63319000 	C:\WINDOWS\System32\msvcrt.dll
0x00007ffc60b00000 - 0x00007ffc60ba3000 	C:\WINDOWS\System32\msvcp_win.dll
0x00007ffc61fb0000 - 0x00007ffc61fdf000 	C:\WINDOWS\System32\IMM32.DLL
0x00007ffc489d0000 - 0x00007ffc489dc000 	C:\Program Files\Amazon Corretto\jdk17.0.13_11\bin\vcruntime140_1.dll
0x00007ffc42950000 - 0x00007ffc429dd000 	C:\Program Files\Amazon Corretto\jdk17.0.13_11\bin\msvcp140.dll
0x00007ffbb35c0000 - 0x00007ffbb422c000 	C:\Program Files\Amazon Corretto\jdk17.0.13_11\bin\server\jvm.dll
0x00007ffc61df0000 - 0x00007ffc61ea2000 	C:\WINDOWS\System32\ADVAPI32.dll
0x00007ffc63080000 - 0x00007ffc63126000 	C:\WINDOWS\System32\sechost.dll
0x00007ffc63150000 - 0x00007ffc63266000 	C:\WINDOWS\System32\RPCRT4.dll
0x00007ffc62760000 - 0x00007ffc627d4000 	C:\WINDOWS\System32\WS2_32.dll
0x00007ffc546b0000 - 0x00007ffc546e6000 	C:\WINDOWS\SYSTEM32\WINMM.dll
0x00007ffc56b70000 - 0x00007ffc56b7b000 	C:\WINDOWS\SYSTEM32\VERSION.dll
0x00007ffc5f490000 - 0x00007ffc5f4ee000 	C:\WINDOWS\SYSTEM32\POWRPROF.dll
0x00007ffc5f470000 - 0x00007ffc5f484000 	C:\WINDOWS\SYSTEM32\UMPDC.dll
0x00007ffc5f730000 - 0x00007ffc5f74a000 	C:\WINDOWS\SYSTEM32\kernel.appcore.dll
0x00007ffc42940000 - 0x00007ffc4294a000 	C:\Program Files\Amazon Corretto\jdk17.0.13_11\bin\jimage.dll
0x00007ffc5dfc0000 - 0x00007ffc5e201000 	C:\WINDOWS\SYSTEM32\DBGHELP.DLL
0x00007ffc62810000 - 0x00007ffc62b92000 	C:\WINDOWS\System32\combase.dll
0x00007ffc61420000 - 0x00007ffc614f6000 	C:\WINDOWS\System32\OLEAUT32.dll
0x00007ffc4a560000 - 0x00007ffc4a599000 	C:\WINDOWS\SYSTEM32\dbgcore.DLL
0x00007ffc61380000 - 0x00007ffc61419000 	C:\WINDOWS\System32\bcryptPrimitives.dll
0x00007ffc48a10000 - 0x00007ffc48a1e000 	C:\Program Files\Amazon Corretto\jdk17.0.13_11\bin\instrument.dll
0x00007ffc42910000 - 0x00007ffc42935000 	C:\Program Files\Amazon Corretto\jdk17.0.13_11\bin\java.dll
0x00007ffc42830000 - 0x00007ffc42907000 	C:\Program Files\Amazon Corretto\jdk17.0.13_11\bin\jsvml.dll
0x00007ffc62020000 - 0x00007ffc62749000 	C:\WINDOWS\System32\SHELL32.dll
0x00007ffc61210000 - 0x00007ffc61378000 	C:\WINDOWS\System32\wintypes.dll
0x00007ffc5e4c0000 - 0x00007ffc5ed12000 	C:\WINDOWS\SYSTEM32\windows.storage.dll
0x00007ffc615b0000 - 0x00007ffc6169d000 	C:\WINDOWS\System32\SHCORE.dll
0x00007ffc62d60000 - 0x00007ffc62dc4000 	C:\WINDOWS\System32\shlwapi.dll
0x00007ffc60710000 - 0x00007ffc6073f000 	C:\WINDOWS\SYSTEM32\profapi.dll
0x00007ffc427d0000 - 0x00007ffc427e8000 	C:\Program Files\Amazon Corretto\jdk17.0.13_11\bin\zip.dll
0x00007ffc42810000 - 0x00007ffc42829000 	C:\Program Files\Amazon Corretto\jdk17.0.13_11\bin\net.dll
0x00007ffc571d0000 - 0x00007ffc572ed000 	C:\WINDOWS\SYSTEM32\WINHTTP.dll
0x00007ffc5fc50000 - 0x00007ffc5fcba000 	C:\WINDOWS\system32\mswsock.dll
0x00007ffc427f0000 - 0x00007ffc42806000 	C:\Program Files\Amazon Corretto\jdk17.0.13_11\bin\nio.dll
0x00007ffc427c0000 - 0x00007ffc427d0000 	C:\Program Files\Amazon Corretto\jdk17.0.13_11\bin\verify.dll
0x00007ffc4a310000 - 0x00007ffc4a337000 	C:\Users\Asus\.gradle\native\68d5fa5c4cc2d200863cafc0d521ce42e7d3e7ee720ec0a83991735586a16f82\windows-amd64\native-platform.dll
0x00007ffc3fed0000 - 0x00007ffc40014000 	C:\Users\Asus\.gradle\native\e376f236ea51e6404a007f0833ffe2c6e607c4080706a723a18a27aeea778392\windows-amd64\native-platform-file-events.dll
0x00007ffc42770000 - 0x00007ffc42779000 	C:\Program Files\Amazon Corretto\jdk17.0.13_11\bin\management.dll
0x00007ffc42760000 - 0x00007ffc4276b000 	C:\Program Files\Amazon Corretto\jdk17.0.13_11\bin\management_ext.dll
0x00007ffc61770000 - 0x00007ffc61778000 	C:\WINDOWS\System32\PSAPI.DLL
0x00007ffc5fef0000 - 0x00007ffc5ff0c000 	C:\WINDOWS\SYSTEM32\CRYPTSP.dll
0x00007ffc5f690000 - 0x00007ffc5f6ca000 	C:\WINDOWS\system32\rsaenh.dll
0x00007ffc5fcf0000 - 0x00007ffc5fd1b000 	C:\WINDOWS\SYSTEM32\USERENV.dll
0x00007ffc606e0000 - 0x00007ffc60706000 	C:\WINDOWS\SYSTEM32\bcrypt.dll
0x00007ffc5ff10000 - 0x00007ffc5ff1c000 	C:\WINDOWS\SYSTEM32\CRYPTBASE.dll
0x00007ffc5f180000 - 0x00007ffc5f1b3000 	C:\WINDOWS\SYSTEM32\IPHLPAPI.DLL
0x00007ffc63140000 - 0x00007ffc6314a000 	C:\WINDOWS\System32\NSI.dll
0x00007ffc58520000 - 0x00007ffc5853f000 	C:\WINDOWS\SYSTEM32\dhcpcsvc6.DLL
0x00007ffc584f0000 - 0x00007ffc58515000 	C:\WINDOWS\SYSTEM32\dhcpcsvc.DLL
0x00007ffc5f1c0000 - 0x00007ffc5f2e5000 	C:\WINDOWS\SYSTEM32\DNSAPI.dll
0x00007ffc42700000 - 0x00007ffc42709000 	C:\Program Files\Amazon Corretto\jdk17.0.13_11\bin\extnet.dll
0x00007ffc48a00000 - 0x00007ffc48a0e000 	C:\Program Files\Amazon Corretto\jdk17.0.13_11\bin\sunmscapi.dll
0x00007ffc60980000 - 0x00007ffc60af7000 	C:\WINDOWS\System32\CRYPT32.dll
0x00007ffc600f0000 - 0x00007ffc60120000 	C:\WINDOWS\SYSTEM32\ncrypt.dll
0x00007ffc600a0000 - 0x00007ffc600df000 	C:\WINDOWS\SYSTEM32\NTASN1.dll
0x00007ffc364a0000 - 0x00007ffc364a8000 	C:\WINDOWS\system32\wshunix.dll
0x00007ffc35100000 - 0x00007ffc35118000 	C:\WINDOWS\system32\napinsp.dll
0x00007ffc35020000 - 0x00007ffc35032000 	C:\WINDOWS\System32\winrnr.dll
0x00007ffc34fa0000 - 0x00007ffc34fd0000 	C:\WINDOWS\system32\nlansp_c.dll
0x00007ffc34f80000 - 0x00007ffc34f96000 	C:\WINDOWS\system32\wshbth.dll
0x00007ffc56a50000 - 0x00007ffc56a5b000 	C:\Windows\System32\rasadhlp.dll
0x00007ffc58750000 - 0x00007ffc587d5000 	C:\WINDOWS\System32\fwpuclnt.dll
0x00007ffc489e0000 - 0x00007ffc489e7000 	C:\Program Files\Amazon Corretto\jdk17.0.13_11\bin\rmi.dll

dbghelp: loaded successfully - version: 4.0.5 - missing functions: none
symbol engine: initialized successfully - sym options: 0x614 - pdb path: .;C:\Program Files\Amazon Corretto\jdk17.0.13_11\bin;C:\WINDOWS\SYSTEM32;C:\Program Files\AVG\Antivirus;C:\WINDOWS\WinSxS\amd64_microsoft.windows.common-controls_6595b64144ccf1df_6.0.26100.3624_none_3e086962e3345f24;C:\Program Files\Amazon Corretto\jdk17.0.13_11\bin\server;C:\Users\Asus\.gradle\native\68d5fa5c4cc2d200863cafc0d521ce42e7d3e7ee720ec0a83991735586a16f82\windows-amd64;C:\Users\Asus\.gradle\native\e376f236ea51e6404a007f0833ffe2c6e607c4080706a723a18a27aeea778392\windows-amd64

VM Arguments:
jvm_args: -XX:MaxMetaspaceSize=512m --add-opens=java.base/java.util=ALL-UNNAMED --add-opens=java.base/java.lang=ALL-UNNAMED --add-opens=java.base/java.lang.invoke=ALL-UNNAMED --add-opens=java.prefs/java.util.prefs=ALL-UNNAMED --add-opens=java.base/java.nio.charset=ALL-UNNAMED --add-opens=java.base/java.net=ALL-UNNAMED --add-opens=java.base/java.util.concurrent.atomic=ALL-UNNAMED -Xmx2048m -Dfile.encoding=windows-1252 -Duser.country=US -Duser.language=en -Duser.variant -javaagent:C:\Users\Asus\.gradle\wrapper\dists\gradle-8.3-all\6en3ugtfdg5xnpx44z4qbwgas\gradle-8.3\lib\agents\gradle-instrumentation-agent-8.3.jar 
java_command: org.gradle.launcher.daemon.bootstrap.GradleDaemon 8.3
java_class_path (initial): C:\Users\Asus\.gradle\wrapper\dists\gradle-8.3-all\6en3ugtfdg5xnpx44z4qbwgas\gradle-8.3\lib\gradle-launcher-8.3.jar
Launcher Type: SUN_STANDARD

[Global flags]
     intx CICompilerCount                          = 12                                        {product} {ergonomic}
   size_t CompressedClassSpaceSize                 = 436207616                                 {product} {ergonomic}
     uint ConcGCThreads                            = 4                                         {product} {ergonomic}
     uint G1ConcRefinementThreads                  = 15                                        {product} {ergonomic}
   size_t G1HeapRegionSize                         = 1048576                                   {product} {ergonomic}
    uintx GCDrainStackTargetSize                   = 64                                        {product} {ergonomic}
   size_t InitialHeapSize                          = 264241152                                 {product} {ergonomic}
   size_t MarkStackSize                            = 4194304                                   {product} {ergonomic}
   size_t MaxHeapSize                              = 2147483648                                {product} {command line}
   size_t MaxMetaspaceSize                         = 536870912                                 {product} {command line}
   size_t MaxNewSize                               = 1287651328                                {product} {ergonomic}
   size_t MinHeapDeltaBytes                        = 1048576                                   {product} {ergonomic}
   size_t MinHeapSize                              = 8388608                                   {product} {ergonomic}
    uintx NonNMethodCodeHeapSize                   = 7602480                                {pd product} {ergonomic}
    uintx NonProfiledCodeHeapSize                  = 122027880                              {pd product} {ergonomic}
    uintx ProfiledCodeHeapSize                     = 122027880                              {pd product} {ergonomic}
    uintx ReservedCodeCacheSize                    = 251658240                              {pd product} {ergonomic}
     bool SegmentedCodeCache                       = true                                      {product} {ergonomic}
   size_t SoftMaxHeapSize                          = 2147483648                             {manageable} {ergonomic}
     bool UseCompressedClassPointers               = true                           {product lp64_product} {ergonomic}
     bool UseCompressedOops                        = true                           {product lp64_product} {ergonomic}
     bool UseG1GC                                  = true                                      {product} {ergonomic}
     bool UseLargePagesIndividualAllocation        = false                                  {pd product} {ergonomic}

Logging:
Log output configuration:
 #0: stdout all=warning uptime,level,tags
 #1: stderr all=off uptime,level,tags

Environment Variables:
JAVA_HOME=C:\Program Files\Amazon Corretto\jdk17.0.13_11
CLASSPATH=C:\Users\Asus\MAD\AwesomeProject\android\\gradle\wrapper\gradle-wrapper.jar
PATH=C:\Users\Asus\MAD\AwesomeProject\node_modules\.bin;C:\Users\Asus\MAD\node_modules\.bin;C:\Users\Asus\node_modules\.bin;C:\Users\node_modules\.bin;C:\node_modules\.bin;C:\node_modules\npm\node_modules\@npmcli\run-script\lib\node-gyp-bin;C:\Program Files\Python313\Scripts\;C:\Program Files\Python313\;C:\Program Files\Amazon Corretto\jdk17.0.13_11\bin;C:\WINDOWS\system32;C:\WINDOWS;C:\WINDOWS\System32\Wbem;C:\WINDOWS\System32\WindowsPowerShell\v1.0\;C:\WINDOWS\System32\OpenSSH\;C:\Program Files\dotnet\;C:\Program Files\Git\cmd;C:\;C:\Users\Asus\AppData\Local\Microsoft\WindowsApps;C:\Users\Asus\.dotnet\tools;C:\Users\Asus\AppData\Local\Programs\Microsoft VS Code\bin;C:\Users\Asus\AppData\Local\Android\Sdk\platform-tools;C:\Users\Asus\AppData\Local\Android\Sdk\emulator;C:\Users\Asus\AppData\Roaming\npm;C:\Program Files\MongoDB\mongosh-2.4.2-win32-x64\bin;
USERNAME=Apiya
OS=Windows_NT
PROCESSOR_IDENTIFIER=Intel64 Family 6 Model 154 Stepping 3, GenuineIntel
TMP=C:\Users\Asus\AppData\Local\Temp
TEMP=C:\Users\Asus\AppData\Local\Temp



Periodic native trim disabled


---------------  S Y S T E M  ---------------

OS:
 Windows 11 , 64 bit Build 26100 (10.0.26100.3775)
OS uptime: 0 days 0:41 hours

CPU: total 20 (initial active 20) (10 cores per cpu, 2 threads per core) family 6 model 154 stepping 3 microcode 0x41b, cx8, cmov, fxsr, ht, mmx, 3dnowpref, sse, sse2, sse3, ssse3, sse4.1, sse4.2, popcnt, lzcnt, tsc, tscinvbit, avx, avx2, aes, erms, clmul, bmi1, bmi2, adx, sha, fma, vzeroupper, clflush, clflushopt, clwb
Processor Information for processor 0
  Max Mhz: 2300, Current Mhz: 2300, Mhz Limit: 2300
Processor Information for processor 1
  Max Mhz: 2300, Current Mhz: 2300, Mhz Limit: 2300
Processor Information for processor 2
  Max Mhz: 2300, Current Mhz: 2300, Mhz Limit: 2300
Processor Information for processor 3
  Max Mhz: 2300, Current Mhz: 2300, Mhz Limit: 2300
Processor Information for processor 4
  Max Mhz: 2300, Current Mhz: 2300, Mhz Limit: 2300
Processor Information for processor 5
  Max Mhz: 2300, Current Mhz: 2300, Mhz Limit: 2300
Processor Information for processor 6
  Max Mhz: 2300, Current Mhz: 2300, Mhz Limit: 2300
Processor Information for processor 7
  Max Mhz: 2300, Current Mhz: 2300, Mhz Limit: 2300
Processor Information for processor 8
  Max Mhz: 2300, Current Mhz: 2300, Mhz Limit: 2300
Processor Information for processor 9
  Max Mhz: 2300, Current Mhz: 2300, Mhz Limit: 2300
Processor Information for processor 10
  Max Mhz: 2300, Current Mhz: 2300, Mhz Limit: 2300
Processor Information for processor 11
  Max Mhz: 2300, Current Mhz: 2300, Mhz Limit: 2300
Processor Information for processor 12
  Max Mhz: 2300, Current Mhz: 1700, Mhz Limit: 1679
Processor Information for processor 13
  Max Mhz: 2300, Current Mhz: 1500, Mhz Limit: 1679
Processor Information for processor 14
  Max Mhz: 2300, Current Mhz: 1500, Mhz Limit: 1679
Processor Information for processor 15
  Max Mhz: 2300, Current Mhz: 1700, Mhz Limit: 1679
Processor Information for processor 16
  Max Mhz: 2300, Current Mhz: 1700, Mhz Limit: 1679
Processor Information for processor 17
  Max Mhz: 2300, Current Mhz: 1700, Mhz Limit: 1679
Processor Information for processor 18
  Max Mhz: 2300, Current Mhz: 1500, Mhz Limit: 1679
Processor Information for processor 19
  Max Mhz: 2300, Current Mhz: 1500, Mhz Limit: 1679

Memory: 4k page, system-wide physical 16007M (582M free)
TotalPageFile size 24199M (AvailPageFile size 419M)
current process WorkingSet (physical memory assigned to process): 700M, peak: 736M
current process commit charge ("private bytes"): 777M, peak: 1479M

vm_info: OpenJDK 64-Bit Server VM (17.0.13+11-LTS) for windows-amd64 JRE (17.0.13+11-LTS), built on Oct 10 2024 19:51:30 by "Administrator" with MS VC++ 16.10 / 16.11 (VS2019)

END.
